HIERARCHY
ROOT m_avg_root
{
	OFFSET 0.000000 0.000000 0.000000
	CHANNELS 6 Xposition Yposition Zposition Xrotation Yrotation Zrotation
	JOINT m_avg_Pelvis
	{
		OFFSET -0.002174 0.972724 0.028584
		CHANNELS 6 Xposition Yposition Zposition Xrotation Yrotation Zrotation
		JOINT m_avg_L_Hip
		{
			OFFSET 0.058581 -0.082280 -0.017664
			CHANNELS 6 Xposition Yposition Zposition Xrotation Yrotation Zrotation
			JOINT m_avg_L_Knee
			{
				OFFSET 0.043451 -0.386469 0.008037
				CHANNELS 6 Xposition Yposition Zposition Xrotation Yrotation Zrotation
				JOINT m_avg_L_Ankle
				{
					OFFSET -0.014790 -0.426874 -0.037428
					CHANNELS 6 Xposition Yposition Zposition Xrotation Yrotation Zrotation
					JOINT m_avg_L_Foot
					{
						OFFSET 0.041054 -0.060286 0.122042
						CHANNELS 6 Xposition Yposition Zposition Xrotation Yrotation Zrotation
						End Site
						{
							OFFSET 0.000000 0.142177 0.000000
						}
					}
				}
			}
		}
		JOINT m_avg_R_Hip
		{
			OFFSET -0.060310 -0.090513 -0.013543
			CHANNELS 6 Xposition Yposition Zposition Xrotation Yrotation Zrotation
			JOINT m_avg_R_Knee
			{
				OFFSET -0.043257 -0.383688 -0.004843
				CHANNELS 6 Xposition Yposition Zposition Xrotation Yrotation Zrotation
				JOINT m_avg_R_Ankle
				{
					OFFSET 0.019056 -0.420046 -0.034562
					CHANNELS 6 Xposition Yposition Zposition Xrotation Yrotation Zrotation
					JOINT m_avg_R_Foot
					{
						OFFSET -0.034840 -0.062106 0.130323
						CHANNELS 6 Xposition Yposition Zposition Xrotation Yrotation Zrotation
						End Site
						{
							OFFSET 0.000000 0.148510 0.000000
						}
					}
				}
			}
		}
		JOINT m_avg_Spine1
		{
			OFFSET 0.004439 0.124404 -0.038385
			CHANNELS 6 Xposition Yposition Zposition Xrotation Yrotation Zrotation
			JOINT m_avg_Spine2
			{
				OFFSET 0.004488 0.137956 0.026820
				CHANNELS 6 Xposition Yposition Zposition Xrotation Yrotation Zrotation
				JOINT m_avg_Spine3
				{
					OFFSET -0.002265 0.056032 0.002855
					CHANNELS 6 Xposition Yposition Zposition Xrotation Yrotation Zrotation
					JOINT m_avg_Neck
					{
						OFFSET -0.013390 0.211635 -0.033468
						CHANNELS 6 Xposition Yposition Zposition Xrotation Yrotation Zrotation
						JOINT m_avg_Head
						{
							OFFSET 0.010113 0.088937 0.050410
							CHANNELS 6 Xposition Yposition Zposition Xrotation Yrotation Zrotation
							End Site
							{
								OFFSET 0.000000 0.102729 0.000000
							}
						}
					}
					JOINT m_avg_L_Collar
					{
						OFFSET 0.071702 0.114000 -0.018898
						CHANNELS 6 Xposition Yposition Zposition Xrotation Yrotation Zrotation
						JOINT m_avg_L_Shoulder
						{
							OFFSET 0.122921 0.045205 -0.019046
							CHANNELS 6 Xposition Yposition Zposition Xrotation Yrotation Zrotation
							JOINT m_avg_L_Elbow
							{
								OFFSET 0.255332 -0.015649 -0.022946
								CHANNELS 6 Xposition Yposition Zposition Xrotation Yrotation Zrotation
								JOINT m_avg_L_Wrist
								{
									OFFSET 0.265709 0.012698 -0.007375
									CHANNELS 6 Xposition Yposition Zposition Xrotation Yrotation Zrotation
									JOINT m_avg_L_Hand
									{
										OFFSET 0.086691 -0.010636 -0.015594
										CHANNELS 6 Xposition Yposition Zposition Xrotation Yrotation Zrotation
										End Site
										{
											OFFSET 0.000000 0.088722 0.000000
										}
									}
								}
							}
						}
					}
					JOINT m_avg_R_Collar
					{
						OFFSET -0.082954 0.112472 -0.023707
						CHANNELS 6 Xposition Yposition Zposition Xrotation Yrotation Zrotation
						JOINT m_avg_R_Shoulder
						{
							OFFSET -0.113228 0.046853 -0.008472
							CHANNELS 6 Xposition Yposition Zposition Xrotation Yrotation Zrotation
							JOINT m_avg_R_Elbow
							{
								OFFSET -0.260127 -0.014369 -0.031269
								CHANNELS 6 Xposition Yposition Zposition Xrotation Yrotation Zrotation
								JOINT m_avg_R_Wrist
								{
									OFFSET -0.269108 0.006794 -0.006027
									CHANNELS 6 Xposition Yposition Zposition Xrotation Yrotation Zrotation
									JOINT m_avg_R_Hand
									{
										OFFSET -0.088754 -0.008652 -0.010107
										CHANNELS 6 Xposition Yposition Zposition Xrotation Yrotation Zrotation
										End Site
										{
											OFFSET 0.000000 0.089745 0.000000
										}
									}
								}
							}
						}
					}
				}
			}
		}
	}
}
MOTION
Frames: 124
Frame Time: 0.041667
-0.053582 0.140034 1.410577 -0.000000 0.000000 -0.000000 -0.055756 1.112757 1.439161 156.134518 -14.161659 -1.038685 0.058581 -0.082280 -0.017664 -49.091145 -0.866557 16.473619 0.043451 -0.386469 0.008037 157.754489 -20.219119 3.808936 -0.014790 -0.426874 -0.037428 -25.288461 9.426787 13.912345 0.041054 -0.060286 0.122042 -28.295898 17.973499 4.273286 -0.060310 -0.090513 -0.013543 -44.734143 -8.329094 1.922154 -0.043257 -0.383688 -0.004843 153.195775 16.910905 0.261354 0.019056 -0.420045 -0.034562 -29.117424 -17.142909 -1.347736 -0.034840 -0.062106 0.130323 -17.123791 21.595737 -16.301817 0.004439 0.124403 -0.038385 12.306294 9.111401 -5.057293 0.004488 0.137957 0.026821 -1.525596 3.495307 8.236760 -0.002265 0.056033 0.002855 9.186519 6.711255 6.439968 -0.013390 0.211636 -0.033468 24.666822 -1.337361 -1.636217 0.010113 0.088937 0.050410 1.718209 1.004246 -4.478909 0.071702 0.114000 -0.018898 -7.078289 -10.156561 -3.185539 0.122921 0.045205 -0.019046 -14.560527 -24.418415 9.250428 0.255332 -0.015649 -0.022946 7.627534 -79.030432 31.458905 0.265709 0.012698 -0.007375 -7.707041 2.605203 11.715558 0.086691 -0.010636 -0.015594 1.841425 1.406810 -3.041372 -0.082954 0.112472 -0.023708 -18.708371 17.224806 7.661521 -0.113228 0.046853 -0.008472 0.174330 21.210794 32.066058 -0.260127 -0.014369 -0.031269 -47.751902 128.977440 24.938677 -0.269109 0.006794 -0.006027 -6.743652 2.414662 -3.409053 -0.088754 -0.008652 -0.010107 2.117839 0.806667 3.441744 
-0.058914 0.148213 1.397347 -0.000000 0.000000 -0.000000 -0.061087 1.120936 1.425930 158.350928 -14.193361 0.072428 0.058581 -0.082280 -0.017664 -48.464287 -0.832178 15.376267 0.043451 -0.386470 0.008037 157.863458 -19.832511 3.564567 -0.014790 -0.426874 -0.037428 -24.902504 9.490439 13.573389 0.041054 -0.060286 0.122042 -27.761741 17.476658 4.341910 -0.060310 -0.090513 -0.013542 -44.927301 -8.035745 1.776545 -0.043257 -0.383688 -0.004843 153.331695 16.438425 0.139456 0.019055 -0.420045 -0.034562 -28.766465 -16.713963 -1.214409 -0.034840 -0.062105 0.130323 -16.937425 20.861706 -15.919311 0.004439 0.124404 -0.038385 12.676731 8.704402 -5.576332 0.004488 0.137957 0.026821 -1.086353 3.330018 6.988310 -0.002265 0.056032 0.002855 11.929002 6.667854 5.943541 -0.013390 0.211636 -0.033468 21.959036 -0.903828 -1.343542 0.010113 0.088937 0.050410 -0.504276 3.491127 -5.820309 0.071702 0.114000 -0.018898 -6.672015 -10.263561 -2.192998 0.122921 0.045205 -0.019046 -13.777338 -27.108688 9.508278 0.255332 -0.015649 -0.022947 6.601914 -78.015281 29.070675 0.265709 0.012698 -0.007375 -6.796113 2.587443 11.083930 0.086691 -0.010636 -0.015594 1.493342 1.180560 -2.927265 -0.082954 0.112472 -0.023707 -20.035224 18.457869 7.261722 -0.113228 0.046853 -0.008472 -2.147730 23.800542 30.868046 -0.260128 -0.014369 -0.031269 -49.731253 126.717139 27.534521 -0.269108 0.006794 -0.006027 -6.463881 2.490787 -3.162342 -0.088754 -0.008652 -0.010107 2.065972 0.824803 3.413926 
-0.066219 0.152089 1.387034 -0.000000 0.000000 -0.000000 -0.068393 1.124813 1.415618 161.172452 -14.198576 1.428986 0.058581 -0.082280 -0.017664 -47.865293 -0.799276 14.260214 0.043451 -0.386470 0.008037 157.962741 -19.448475 3.317254 -0.014790 -0.426874 -0.037428 -24.529434 9.527246 13.220413 0.041054 -0.060286 0.122042 -27.214546 16.974461 4.436957 -0.060310 -0.090514 -0.013543 -45.055141 -7.719966 1.601603 -0.043257 -0.383688 -0.004843 153.435692 15.963643 0.019749 0.019055 -0.420046 -0.034562 -28.426286 -16.252208 -1.086822 -0.034840 -0.062105 0.130323 -16.739808 20.109257 -15.534611 0.004439 0.124403 -0.038385 13.258834 8.258201 -6.062108 0.004488 0.137956 0.026820 -0.473278 3.147431 5.727000 -0.002265 0.056032 0.002855 14.733806 6.547147 5.205691 -0.013390 0.211636 -0.033468 18.974390 -0.084148 -1.530039 0.010113 0.088938 0.050410 -2.816285 6.208975 -7.320907 0.071702 0.114000 -0.018898 -6.113461 -10.326082 -1.313453 0.122921 0.045205 -0.019046 -12.543081 -29.696942 9.894741 0.255332 -0.015649 -0.022947 6.485137 -77.260593 27.307571 0.265709 0.012698 -0.007375 -5.874362 2.520547 10.444917 0.086690 -0.010636 -0.015594 1.162365 0.956571 -2.808173 -0.082954 0.112472 -0.023707 -21.213733 19.279273 6.687623 -0.113229 0.046853 -0.008473 -3.755519 25.817920 28.754147 -0.260127 -0.014369 -0.031269 -51.898059 124.598360 30.367448 -0.269109 0.006794 -0.006027 -6.205605 2.564698 -2.912278 -0.088754 -0.008652 -0.010107 2.019222 0.826597 3.378727 
-0.072844 0.154547 1.374217 -0.000000 0.000000 -0.000000 -0.075017 1.127271 1.402801 163.831882 -14.323171 2.836420 0.058581 -0.082280 -0.017664 -47.241744 -0.729618 13.123179 0.043452 -0.386470 0.008037 158.061629 -19.066601 3.066923 -0.014790 -0.426875 -0.037428 -24.166254 9.550154 12.852701 0.041054 -0.060286 0.122043 -26.660113 16.471580 4.549667 -0.060310 -0.090513 -0.013543 -45.162662 -7.392705 1.391693 -0.043257 -0.383688 -0.004843 153.523678 15.485596 -0.100073 0.019055 -0.420046 -0.034562 -28.097750 -15.776726 -0.971124 -0.034840 -0.062106 0.130323 -16.545380 19.347976 -15.138817 0.004440 0.124404 -0.038386 13.906024 7.746859 -6.449965 0.004488 0.137956 0.026820 0.016252 2.912410 4.531824 -0.002265 0.056033 0.002855 17.017401 6.390303 4.533427 -0.013390 0.211636 -0.033468 15.852946 1.503992 -2.301307 0.010113 0.088937 0.050410 -4.896546 9.296856 -8.887693 0.071702 0.114000 -0.018898 -6.128720 -10.310784 -0.278272 0.122921 0.045205 -0.019046 -12.177313 -32.145073 10.730433 0.255332 -0.015649 -0.022946 4.525708 -75.568687 24.396742 0.265709 0.012698 -0.007375 -4.966756 2.460123 9.823034 0.086691 -0.010636 -0.015594 0.831203 0.707706 -2.693710 -0.082954 0.112472 -0.023708 -21.983725 19.464921 5.989565 -0.113228 0.046853 -0.008472 -4.396617 26.797971 25.850869 -0.260127 -0.014369 -0.031269 -54.295513 122.601513 33.458365 -0.269108 0.006794 -0.006027 -5.968543 2.650652 -2.664238 -0.088754 -0.008651 -0.010107 1.968396 0.828420 3.339462 
-0.080329 0.156020 1.362010 -0.000000 0.000000 -0.000000 -0.082503 1.128744 1.390594 166.217271 -13.636153 4.421350 0.058581 -0.082280 -0.017664 -46.650113 -0.594449 11.978826 0.043451 -0.386470 0.008037 158.161964 -18.689790 2.810452 -0.014790 -0.426874 -0.037428 -23.815830 9.551856 12.455793 0.041054 -0.060286 0.122042 -26.095762 15.969276 4.683735 -0.060310 -0.090513 -0.013543 -45.242029 -7.034972 1.103626 -0.043257 -0.383688 -0.004843 153.584112 15.001575 -0.221848 0.019056 -0.420045 -0.034562 -27.792965 -15.279755 -0.874841 -0.034840 -0.062106 0.130323 -16.364288 18.578475 -14.723289 0.004440 0.124404 -0.038385 14.430574 7.507877 -6.582225 0.004488 0.137956 0.026821 0.282756 2.948903 3.355657 -0.002265 0.056033 0.002855 18.777459 6.783407 3.518556 -0.013390 0.211636 -0.033468 12.495382 5.149813 -3.537464 0.010113 0.088937 0.050410 -6.522989 13.742185 -10.268685 0.071702 0.114000 -0.018898 -6.284282 -10.586870 0.917681 0.122921 0.045205 -0.019046 -11.745121 -35.253615 11.984446 0.255332 -0.015649 -0.022946 2.956574 -73.790078 22.058427 0.265709 0.012698 -0.007375 -4.064001 2.361571 9.197569 0.086690 -0.010636 -0.015594 0.523260 0.451856 -2.553529 -0.082954 0.112472 -0.023707 -22.460812 19.010325 5.115913 -0.113228 0.046853 -0.008472 -4.386851 26.697801 22.134782 -0.260127 -0.014369 -0.031269 -56.984494 120.696382 36.664947 -0.269108 0.006794 -0.006027 -5.767474 2.748019 -2.415626 -0.088754 -0.008652 -0.010107 1.915728 0.828817 3.295901 
-0.085514 0.155806 1.354908 -0.000000 0.000000 -0.000000 -0.087687 1.128529 1.383492 168.626879 -12.574660 6.218646 0.058581 -0.082280 -0.017664 -46.119667 -0.387558 10.856329 0.043451 -0.386469 0.008037 158.255852 -18.319839 2.545787 -0.014790 -0.426874 -0.037428 -23.492410 9.544355 12.033922 0.041054 -0.060286 0.122042 -25.540548 15.464878 4.841465 -0.060310 -0.090513 -0.013542 -45.306800 -6.655454 0.763540 -0.043257 -0.383688 -0.004843 153.619451 14.514692 -0.343882 0.019056 -0.420045 -0.034561 -27.517999 -14.764373 -0.805077 -0.034840 -0.062106 0.130323 -16.217454 17.791586 -14.281916 0.004439 0.124404 -0.038385 14.794557 7.310988 -6.517582 0.004488 0.137956 0.026821 0.471365 3.000961 2.191605 -0.002265 0.056032 0.002855 20.292384 7.153199 2.327420 -0.013390 0.211635 -0.033468 9.186207 11.048409 -4.565613 0.010113 0.088938 0.050410 -7.656197 19.887691 -11.194736 0.071702 0.114000 -0.018898 -6.606057 -11.619417 1.935277 0.122921 0.045205 -0.019046 -11.709089 -39.563505 13.147370 0.255332 -0.015649 -0.022946 2.754368 -72.792830 21.809725 0.265709 0.012698 -0.007375 -3.157419 2.177625 8.575328 0.086691 -0.010636 -0.015594 0.257577 0.213350 -2.423100 -0.082954 0.112472 -0.023708 -22.605489 18.237473 4.413808 -0.113228 0.046853 -0.008473 -4.249327 26.059784 18.942030 -0.260128 -0.014369 -0.031269 -60.235534 118.771020 40.285893 -0.269108 0.006794 -0.006027 -5.627342 2.866124 -2.152338 -0.088754 -0.008652 -0.010107 1.875374 0.850734 3.268635 
-0.086149 0.158231 1.350380 -0.000000 0.000000 -0.000000 -0.088322 1.130955 1.378963 170.709568 -11.457017 7.568142 0.058581 -0.082280 -0.017664 -45.697295 -0.092344 9.775175 0.043451 -0.386469 0.008037 158.348141 -17.960628 2.271654 -0.014790 -0.426874 -0.037428 -23.209930 9.530918 11.589166 0.041054 -0.060286 0.122042 -24.999773 14.967362 5.007378 -0.060310 -0.090513 -0.013543 -45.380258 -6.241324 0.405394 -0.043257 -0.383688 -0.004843 153.635570 14.027000 -0.463020 0.019055 -0.420045 -0.034562 -27.287410 -14.241448 -0.767464 -0.034840 -0.062106 0.130323 -16.103414 16.977243 -13.820937 0.004439 0.124404 -0.038385 15.088501 6.980762 -6.277783 0.004488 0.137957 0.026820 0.558586 2.894377 1.262382 -0.002265 0.056033 0.002855 21.295913 7.278546 1.624162 -0.013390 0.211636 -0.033468 6.753411 18.039829 -4.827373 0.010113 0.088937 0.050410 -7.944163 27.072524 -11.662212 0.071702 0.114000 -0.018898 -7.182205 -13.089277 2.846072 0.122921 0.045205 -0.019046 -12.186832 -44.058706 14.570716 0.255332 -0.015649 -0.022947 4.118909 -72.937213 23.901100 0.265709 0.012698 -0.007375 -2.241769 1.842876 7.974411 0.086690 -0.010636 -0.015594 0.053993 0.010051 -2.309558 -0.082954 0.112472 -0.023707 -22.939872 17.590109 3.954105 -0.113228 0.046853 -0.008472 -5.241753 25.775879 16.791257 -0.260127 -0.014369 -0.031269 -63.967365 116.953411 43.589984 -0.269108 0.006794 -0.006027 -5.589091 3.013084 -1.853826 -0.088754 -0.008652 -0.010107 1.859797 0.903204 3.286278 
-0.083533 0.159777 1.350136 -0.000000 0.000000 -0.000000 -0.085707 1.132501 1.378720 172.040157 -10.722896 8.116270 0.058581 -0.082280 -0.017664 -45.411329 0.299366 8.706517 0.043451 -0.386469 0.008037 158.460389 -17.618526 1.992551 -0.014790 -0.426874 -0.037428 -22.955936 9.496739 11.125951 0.041054 -0.060286 0.122042 -24.486406 14.480192 5.127747 -0.060310 -0.090514 -0.013542 -45.495730 -5.792721 0.077985 -0.043257 -0.383688 -0.004843 153.647687 13.540518 -0.579671 0.019056 -0.420046 -0.034562 -27.113180 -13.733867 -0.749352 -0.034840 -0.062105 0.130323 -15.970543 16.188979 -13.377719 0.004439 0.124404 -0.038385 15.117572 6.406265 -5.848289 0.004488 0.137956 0.026821 0.677447 2.482440 0.487535 -0.002265 0.056032 0.002855 22.445562 6.879767 1.450590 -0.013390 0.211635 -0.033468 5.466670 21.399838 -3.208747 0.010113 0.088937 0.050410 -7.528957 31.274231 -11.486870 0.071703 0.113999 -0.018898 -7.721264 -13.501647 3.620419 0.122921 0.045205 -0.019046 -12.605179 -45.788666 16.153251 0.255331 -0.015649 -0.022947 5.138569 -72.754062 25.276293 0.265709 0.012698 -0.007375 -1.341183 1.377307 7.360582 0.086690 -0.010636 -0.015594 -0.085508 -0.211137 -2.173550 -0.082954 0.112472 -0.023707 -23.321488 17.977720 3.464225 -0.113228 0.046853 -0.008472 -7.331786 27.506674 15.886568 -0.260127 -0.014369 -0.031269 -66.270908 116.065582 45.008962 -0.269109 0.006794 -0.006027 -5.620126 3.200585 -1.534784 -0.088754 -0.008652 -0.010107 1.868819 0.975166 3.330676 
-0.077517 0.161866 1.356173 -0.000000 0.000000 -0.000000 -0.079691 1.134590 1.384757 172.342188 -10.343309 8.222352 0.058581 -0.082280 -0.017664 -45.266922 0.803270 7.633014 0.043452 -0.386470 0.008037 158.593113 -17.297336 1.707625 -0.014790 -0.426874 -0.037428 -22.726722 9.403086 10.629815 0.041054 -0.060286 0.122042 -24.007895 14.025169 5.225970 -0.060310 -0.090513 -0.013543 -45.648593 -5.305342 -0.224277 -0.043257 -0.383688 -0.004843 153.648015 13.055048 -0.691257 0.019055 -0.420046 -0.034562 -27.000004 -13.221485 -0.745802 -0.034840 -0.062105 0.130323 -15.829044 15.439228 -12.936743 0.004440 0.124403 -0.038385 14.687953 5.702621 -5.019293 0.004488 0.137956 0.026821 0.807700 1.867736 0.055264 -0.002265 0.056033 0.002855 23.916807 6.345513 2.032664 -0.013390 0.211636 -0.033467 4.417240 21.888127 0.894025 0.010113 0.088938 0.050410 -6.782591 32.644189 -9.616830 0.071702 0.114000 -0.018898 -7.887440 -12.711083 3.798521 0.122921 0.045205 -0.019046 -13.317704 -44.563699 16.338443 0.255332 -0.015649 -0.022947 3.478790 -70.520884 23.451864 0.265709 0.012698 -0.007375 -0.478859 0.856008 6.716167 0.086691 -0.010636 -0.015594 -0.181788 -0.518233 -1.997323 -0.082954 0.112472 -0.023707 -23.363678 18.782257 2.945067 -0.113228 0.046853 -0.008472 -9.746642 29.980176 15.762741 -0.260128 -0.014369 -0.031269 -67.476750 115.713786 45.152656 -0.269108 0.006794 -0.006027 -5.703645 3.437374 -1.187754 -0.088754 -0.008652 -0.010107 1.889914 1.084462 3.384382 
-0.069776 0.167495 1.371792 -0.000000 0.000000 -0.000000 -0.071950 1.140218 1.400376 171.561484 -11.846346 7.443400 0.058581 -0.082280 -0.017664 -45.265976 1.427082 6.546477 0.043451 -0.386470 0.008037 158.742421 -17.001451 1.417054 -0.014790 -0.426874 -0.037428 -22.530318 9.253993 10.111369 0.041054 -0.060286 0.122042 -23.572885 13.606572 5.315762 -0.060310 -0.090513 -0.013542 -45.832273 -4.787539 -0.475790 -0.043257 -0.383688 -0.004843 153.633754 12.575749 -0.794436 0.019055 -0.420046 -0.034562 -26.957430 -12.719714 -0.750388 -0.034840 -0.062106 0.130323 -15.669928 14.751062 -12.503299 0.004439 0.124404 -0.038385 13.568713 4.338756 -3.825517 0.004488 0.137956 0.026820 0.753538 0.509528 -0.026012 -0.002265 0.056033 0.002855 25.231429 4.720415 3.726430 -0.013390 0.211636 -0.033468 3.821042 17.677136 8.177032 0.010113 0.088937 0.050410 -6.187562 29.014504 -4.879018 0.071702 0.114000 -0.018898 -7.597746 -11.365635 2.876723 0.122921 0.045205 -0.019046 -15.131333 -41.480951 13.817175 0.255332 -0.015649 -0.022947 -0.130872 -65.568395 19.876431 0.265709 0.012698 -0.007375 0.320772 0.337052 6.042150 0.086691 -0.010636 -0.015595 -0.248114 -0.936006 -1.818003 -0.082954 0.112472 -0.023707 -23.633344 20.798513 2.817052 -0.113228 0.046853 -0.008472 -13.847570 34.570890 17.037140 -0.260128 -0.014369 -0.031269 -66.077647 116.550102 41.885800 -0.269109 0.006794 -0.006027 -5.853729 3.694649 -0.827809 -0.088754 -0.008652 -0.010107 1.912298 1.211202 3.478315 
-0.061594 0.169544 1.385618 -0.000000 0.000000 -0.000000 -0.063767 1.142268 1.414201 167.974542 -11.089209 6.215642 0.058581 -0.082280 -0.017665 -45.395237 2.136868 5.539996 0.043451 -0.386470 0.008037 158.884311 -16.727393 1.114749 -0.014790 -0.426874 -0.037428 -22.390591 9.097777 9.617155 0.041054 -0.060286 0.122042 -23.216238 13.238993 5.476223 -0.060310 -0.090513 -0.013543 -46.004319 -4.296132 -0.762537 -0.043257 -0.383688 -0.004843 153.594944 12.116436 -0.882487 0.019056 -0.420045 -0.034562 -26.927428 -12.202471 -0.763136 -0.034840 -0.062105 0.130323 -15.636610 14.065620 -12.000865 0.004439 0.124403 -0.038386 11.820007 3.775824 -2.637594 0.004488 0.137956 0.026820 -0.327516 -0.063052 0.006872 -0.002265 0.056032 0.002855 24.192393 4.309112 4.627958 -0.013390 0.211636 -0.033468 2.542027 16.082317 8.981798 0.010113 0.088938 0.050410 -3.104277 25.009904 -2.770468 0.071702 0.114000 -0.018898 -8.703994 -11.735398 2.226640 0.122921 0.045205 -0.019046 -20.629553 -41.243763 10.393486 0.255332 -0.015649 -0.022946 -4.041710 -58.853937 19.673325 0.265709 0.012698 -0.007375 1.083208 -0.121499 5.450665 0.086691 -0.010636 -0.015594 -0.312165 -1.406585 -1.754564 -0.082954 0.112472 -0.023708 -21.928391 21.537439 5.167914 -0.113228 0.046853 -0.008472 -15.943629 35.480842 20.921377 -0.260127 -0.014369 -0.031269 -65.519737 116.959954 40.202787 -0.269109 0.006794 -0.006027 -6.126251 3.998986 -0.410788 -0.088754 -0.008652 -0.010107 1.970034 1.415568 3.570355 
-0.056983 0.170995 1.394831 -0.000000 0.000000 -0.000000 -0.059157 1.143719 1.423415 165.972736 -11.475472 5.045661 0.058581 -0.082280 -0.017664 -45.634813 2.886441 4.601979 0.043451 -0.386469 0.008037 159.029890 -16.477142 0.812638 -0.014790 -0.426875 -0.037428 -22.286661 8.986196 9.194682 0.041054 -0.060286 0.122042 -22.959425 12.929984 5.615097 -0.060310 -0.090513 -0.013542 -46.210225 -3.877051 -1.066810 -0.043257 -0.383688 -0.004843 153.553021 11.685293 -0.954128 0.019056 -0.420046 -0.034562 -26.906569 -11.747231 -0.787714 -0.034840 -0.062105 0.130323 -15.675393 13.447031 -11.495631 0.004439 0.124404 -0.038385 10.774786 2.773469 -1.689363 0.004488 0.137956 0.026821 -1.264900 -1.021621 -0.170714 -0.002265 0.056032 0.002855 22.940425 2.751391 4.947427 -0.013390 0.211636 -0.033467 1.475710 12.206168 9.149897 0.010113 0.088937 0.050410 -0.079755 17.981766 0.142767 0.071702 0.114000 -0.018898 -10.549913 -12.577350 0.445387 0.122922 0.045205 -0.019046 -29.480483 -40.344199 4.656157 0.255332 -0.015649 -0.022946 -8.063055 -51.930652 22.473740 0.265710 0.012698 -0.007375 1.797062 -0.551936 4.952862 0.086691 -0.010636 -0.015594 -0.357488 -1.849957 -1.811759 -0.082954 0.112472 -0.023707 -19.725182 23.013590 7.873272 -0.113228 0.046853 -0.008472 -17.133458 37.296023 24.961104 -0.260128 -0.014369 -0.031269 -63.119158 118.394185 37.527648 -0.269108 0.006794 -0.006027 -6.533107 4.308430 0.010181 -0.088754 -0.008652 -0.010107 2.068397 1.613990 3.640066 
-0.052171 0.169171 1.392286 -0.000000 0.000000 -0.000000 -0.054344 1.141895 1.420870 163.911290 -11.390285 4.197690 0.058581 -0.082280 -0.017664 -46.002560 3.643409 3.783507 0.043451 -0.386470 0.008037 159.200617 -16.251412 0.511428 -0.014790 -0.426874 -0.037428 -22.203912 8.929036 8.856255 0.041054 -0.060286 0.122043 -22.805158 12.696074 5.685554 -0.060310 -0.090513 -0.013542 -46.493607 -3.549775 -1.439510 -0.043257 -0.383688 -0.004843 153.533978 11.290546 -1.005996 0.019055 -0.420046 -0.034562 -26.885930 -11.377453 -0.805682 -0.034840 -0.062106 0.130323 -15.776984 12.909249 -11.002280 0.004439 0.124404 -0.038385 10.254820 2.133887 -0.760142 0.004488 0.137956 0.026820 -2.403894 -1.583881 -0.155230 -0.002264 0.056032 0.002855 20.843282 1.833853 5.096787 -0.013390 0.211636 -0.033468 2.316516 10.502048 3.626969 0.010113 0.088937 0.050410 4.702185 10.941343 1.159397 0.071703 0.114000 -0.018898 -13.157232 -14.622545 0.592620 0.122921 0.045205 -0.019046 -39.153312 -42.076127 0.775818 0.255332 -0.015649 -0.022947 -11.884415 -46.650868 27.085580 0.265709 0.012698 -0.007375 2.450361 -0.995046 4.509949 0.086691 -0.010636 -0.015594 -0.360300 -2.201641 -1.913567 -0.082954 0.112472 -0.023707 -16.985658 23.709122 11.019195 -0.113228 0.046853 -0.008472 -16.973099 36.898137 28.028088 -0.260127 -0.014369 -0.031269 -60.909858 119.824672 35.112285 -0.269108 0.006794 -0.006027 -7.048960 4.634044 0.412223 -0.088754 -0.008652 -0.010107 2.219388 1.836793 3.663168 
-0.050755 0.167534 1.387336 -0.000000 0.000000 -0.000000 -0.052928 1.140257 1.415920 163.024389 -11.744978 3.959841 0.058581 -0.082280 -0.017664 -46.465661 4.376661 3.040071 0.043451 -0.386470 0.008037 159.391685 -16.055685 0.213514 -0.014790 -0.426874 -0.037428 -22.140331 8.904754 8.590496 0.041054 -0.060286 0.122042 -22.744472 12.521872 5.677526 -0.060310 -0.090513 -0.013542 -46.849449 -3.310729 -1.904213 -0.043257 -0.383688 -0.004843 153.542325 10.937383 -1.034418 0.019055 -0.420045 -0.034562 -26.874110 -11.086287 -0.819611 -0.034840 -0.062106 0.130323 -15.921815 12.479396 -10.542219 0.004439 0.124404 -0.038385 10.115557 1.544910 -0.025262 0.004488 0.137956 0.026821 -3.438905 -2.045323 -0.618570 -0.002265 0.056032 0.002855 18.891957 0.642432 3.805163 -0.013390 0.211636 -0.033468 3.291870 9.538632 -4.091418 0.010113 0.088937 0.050410 9.170339 3.719432 2.260808 0.071702 0.114000 -0.018898 -15.152910 -17.384518 1.328836 0.122921 0.045205 -0.019046 -48.313220 -45.235137 -3.547230 0.255332 -0.015649 -0.022946 -14.655602 -44.357028 32.357465 0.265709 0.012698 -0.007375 3.025949 -1.518122 4.055790 0.086691 -0.010636 -0.015594 -0.291784 -2.430418 -2.008816 -0.082954 0.112472 -0.023707 -13.960051 24.051371 13.704457 -0.113228 0.046853 -0.008472 -15.387856 35.524575 29.381715 -0.260128 -0.014369 -0.031269 -58.585490 121.458590 32.920433 -0.269109 0.006794 -0.006027 -7.624175 4.955317 0.767282 -0.088754 -0.008652 -0.010107 2.419648 2.052306 3.597210 
-0.050870 0.166293 1.378614 -0.000000 0.000000 -0.000000 -0.053043 1.139017 1.407198 162.058888 -12.013430 4.005292 0.058581 -0.082280 -0.017664 -47.033308 5.075438 2.366841 0.043451 -0.386469 0.008038 159.609650 -15.892400 -0.075109 -0.014790 -0.426874 -0.037428 -22.097291 8.922566 8.379717 0.041054 -0.060286 0.122042 -22.761428 12.407366 5.597446 -0.060310 -0.090513 -0.013543 -47.305060 -3.159262 -2.464998 -0.043257 -0.383688 -0.004843 153.597704 10.630640 -1.038588 0.019056 -0.420045 -0.034561 -26.862494 -10.894048 -0.840401 -0.034840 -0.062106 0.130323 -16.126372 12.157788 -10.091739 0.004439 0.124404 -0.038385 10.026404 1.272833 0.613961 0.004488 0.137956 0.026820 -4.630525 -2.155308 -1.326249 -0.002264 0.056032 0.002855 16.747837 -0.028784 1.797151 -0.013390 0.211636 -0.033468 4.608492 10.213753 -12.208726 0.010113 0.088937 0.050410 12.903596 -1.547846 3.462476 0.071702 0.114000 -0.018898 -16.377675 -20.492031 2.729671 0.122921 0.045205 -0.019046 -56.693698 -48.887069 -8.014109 0.255332 -0.015649 -0.022946 -17.156682 -43.559880 36.393768 0.265709 0.012698 -0.007375 3.512161 -2.050919 3.562280 0.086691 -0.010636 -0.015594 -0.134124 -2.574981 -2.059164 -0.082954 0.112472 -0.023708 -10.858271 24.285004 15.379774 -0.113228 0.046853 -0.008472 -13.206912 33.740919 29.657023 -0.260127 -0.014369 -0.031269 -56.596812 122.961232 31.300940 -0.269109 0.006794 -0.006026 -8.215366 5.266778 1.060840 -0.088754 -0.008651 -0.010107 2.660468 2.286857 3.443985 
-0.049844 0.168521 1.364715 -0.000000 0.000000 -0.000000 -0.052018 1.141244 1.393299 162.195628 -12.236092 3.930174 0.058581 -0.082280 -0.017664 -47.670544 5.697637 1.793578 0.043451 -0.386469 0.008037 159.848311 -15.763901 -0.348145 -0.014790 -0.426875 -0.037428 -22.103742 8.979876 8.208463 0.041054 -0.060285 0.122042 -22.828271 12.351901 5.468697 -0.060310 -0.090514 -0.013542 -47.855235 -3.094217 -3.053110 -0.043257 -0.383688 -0.004843 153.705716 10.375044 -1.013356 0.019055 -0.420046 -0.034562 -26.855175 -10.810422 -0.870280 -0.034840 -0.062105 0.130323 -16.381481 11.924680 -9.650777 0.004439 0.124403 -0.038385 10.573159 1.240413 1.041016 0.004488 0.137956 0.026820 -5.433576 -2.038580 -1.923259 -0.002265 0.056032 0.002855 15.405802 -0.144937 0.288585 -0.013390 0.211635 -0.033468 6.241330 10.702103 -18.028030 0.010113 0.088937 0.050410 15.013184 -5.112323 5.411420 0.071702 0.114000 -0.018898 -16.144598 -22.604632 4.189972 0.122921 0.045205 -0.019045 -61.227906 -50.319472 -10.640207 0.255331 -0.015649 -0.022946 -20.422412 -42.660033 36.056073 0.265709 0.012698 -0.007375 3.902349 -2.547896 3.001546 0.086691 -0.010636 -0.015594 0.133748 -2.657832 -1.991039 -0.082954 0.112472 -0.023708 -8.362921 24.692514 15.706017 -0.113228 0.046853 -0.008472 -11.743542 32.523015 29.109030 -0.260127 -0.014369 -0.031269 -55.020548 124.220446 29.957985 -0.269108 0.006794 -0.006027 -8.800435 5.546153 1.299705 -0.088754 -0.008652 -0.010107 2.939468 2.548705 3.214652 
-0.049070 0.170749 1.353844 -0.000000 0.000000 -0.000000 -0.051244 1.143473 1.382428 161.634460 -12.024967 3.832799 0.058581 -0.082280 -0.017664 -48.344902 6.238599 1.320944 0.043451 -0.386470 0.008037 160.105412 -15.673457 -0.607461 -0.014790 -0.426874 -0.037428 -22.149887 9.044738 8.080576 0.041054 -0.060286 0.122042 -22.947504 12.353603 5.255597 -0.060310 -0.090513 -0.013543 -48.468265 -3.090492 -3.627485 -0.043257 -0.383688 -0.004843 153.864669 10.174840 -0.952984 0.019055 -0.420046 -0.034562 -26.868958 -10.821883 -0.902518 -0.034840 -0.062105 0.130323 -16.628569 11.796184 -9.267632 0.004439 0.124404 -0.038385 10.926883 1.575048 1.500809 0.004488 0.137956 0.026820 -6.314849 -1.604471 -2.163716 -0.002265 0.056033 0.002855 14.016944 0.577212 -0.226748 -0.013390 0.211636 -0.033468 8.977330 11.489051 -22.656125 0.010113 0.088937 0.050410 15.831566 -6.719487 7.219921 0.071702 0.114000 -0.018898 -15.545794 -23.988809 5.867998 0.122921 0.045205 -0.019046 -63.278527 -50.951196 -10.969993 0.255332 -0.015649 -0.022947 -23.672532 -42.081475 33.800632 0.265709 0.012698 -0.007375 4.179323 -3.027107 2.453790 0.086691 -0.010636 -0.015594 0.494159 -2.676688 -1.839776 -0.082954 0.112472 -0.023707 -6.020221 25.030289 15.183292 -0.113228 0.046853 -0.008472 -10.659310 31.254065 28.535521 -0.260128 -0.014369 -0.031269 -53.910577 125.122741 28.959985 -0.269108 0.006794 -0.006027 -9.338167 5.803181 1.485217 -0.088754 -0.008652 -0.010107 3.240640 2.835354 2.947990 
-0.046067 0.167817 1.345388 -0.000000 0.000000 -0.000000 -0.048241 1.140541 1.373972 161.928445 -12.216705 3.489358 0.058581 -0.082280 -0.017664 -49.019482 6.669684 0.964696 0.043451 -0.386469 0.008037 160.376735 -15.622630 -0.852413 -0.014790 -0.426874 -0.037428 -22.239405 9.097116 8.003419 0.041054 -0.060286 0.122042 -23.113044 12.417823 4.957811 -0.060310 -0.090513 -0.013543 -49.127263 -3.140051 -4.109331 -0.043257 -0.383688 -0.004843 154.077033 10.034176 -0.851852 0.019055 -0.420046 -0.034562 -26.909583 -10.909121 -0.933905 -0.034840 -0.062105 0.130323 -16.842113 11.763334 -8.957586 0.004440 0.124404 -0.038385 11.727180 1.787416 1.711020 0.004488 0.137957 0.026820 -6.714128 -1.353996 -2.239731 -0.002265 0.056033 0.002855 13.518993 1.061462 0.079928 -0.013390 0.211636 -0.033468 12.835182 11.588104 -26.468522 0.010113 0.088937 0.050410 15.746069 -7.483193 9.024822 0.071703 0.114000 -0.018899 -14.388065 -24.722565 7.405301 0.122921 0.045205 -0.019046 -62.909983 -50.031945 -9.642631 0.255332 -0.015649 -0.022947 -27.414610 -40.893207 29.266169 0.265709 0.012698 -0.007375 4.349648 -3.443998 1.962977 0.086690 -0.010636 -0.015594 0.922837 -2.657295 -1.609532 -0.082954 0.112472 -0.023708 -3.829139 25.380266 14.026328 -0.113228 0.046853 -0.008472 -9.814706 30.143285 27.963339 -0.260128 -0.014369 -0.031269 -53.011618 125.902858 28.166664 -0.269108 0.006794 -0.006027 -9.815001 6.041546 1.637449 -0.088754 -0.008652 -0.010107 3.556028 3.132320 2.675952 
-0.044499 0.167209 1.343450 -0.000000 0.000000 -0.000000 -0.046672 1.139933 1.372034 161.654226 -12.221450 3.265967 0.058581 -0.082280 -0.017664 -49.714348 7.042521 0.641345 0.043451 -0.386470 0.008037 160.669695 -15.614547 -1.085594 -0.014790 -0.426874 -0.037428 -22.335617 9.133144 7.979711 0.041054 -0.060286 0.122042 -23.328665 12.528510 4.534084 -0.060310 -0.090513 -0.013543 -49.808929 -3.197065 -4.522294 -0.043257 -0.383688 -0.004843 154.352453 9.951780 -0.711875 0.019056 -0.420046 -0.034562 -26.994381 -11.085343 -0.973379 -0.034840 -0.062106 0.130323 -17.033450 11.869314 -8.730333 0.004439 0.124404 -0.038385 12.236431 2.045300 1.967766 0.004488 0.137956 0.026820 -7.093618 -1.063592 -2.372458 -0.002265 0.056033 0.002855 13.171381 1.705781 0.196597 -0.013390 0.211635 -0.033468 16.325513 11.345455 -28.730040 0.010113 0.088937 0.050410 14.990605 -7.581782 10.895887 0.071702 0.114000 -0.018898 -13.113441 -25.133768 8.255155 0.122921 0.045205 -0.019046 -62.099588 -48.876946 -8.525109 0.255332 -0.015649 -0.022947 -30.119997 -40.946725 25.670580 0.265709 0.012698 -0.007375 4.392619 -3.832722 1.510114 0.086691 -0.010636 -0.015594 1.372884 -2.590990 -1.408737 -0.082954 0.112472 -0.023708 -1.734551 25.668843 12.619216 -0.113228 0.046853 -0.008472 -9.252884 29.032406 27.707316 -0.260128 -0.014369 -0.031269 -52.270929 126.625014 27.339758 -0.269108 0.006794 -0.006027 -10.217001 6.251993 1.731314 -0.088754 -0.008651 -0.010107 3.834901 3.427243 2.439898 
-0.044402 0.168807 1.348055 -0.000000 0.000000 -0.000000 -0.046576 1.141531 1.376639 160.888439 -12.257966 3.140420 0.058581 -0.082280 -0.017664 -50.423151 7.384637 0.302124 0.043451 -0.386469 0.008037 160.985346 -15.648798 -1.307272 -0.014790 -0.426874 -0.037428 -22.424496 9.139684 8.006548 0.041054 -0.060286 0.122042 -23.581170 12.687766 3.982886 -0.060310 -0.090513 -0.013543 -50.467991 -3.224425 -4.868856 -0.043257 -0.383687 -0.004843 154.683909 9.925511 -0.534393 0.019056 -0.420045 -0.034562 -27.127502 -11.337030 -1.026237 -0.034840 -0.062106 0.130323 -17.199113 12.115756 -8.577377 0.004439 0.124403 -0.038385 12.466681 2.227802 2.436231 0.004488 0.137956 0.026820 -7.459134 -0.844514 -2.564358 -0.002265 0.056032 0.002855 12.881301 2.312029 -0.012991 -0.013390 0.211636 -0.033467 18.906537 10.803936 -29.709858 0.010113 0.088937 0.050410 13.914478 -7.498899 12.486207 0.071702 0.114000 -0.018898 -11.800468 -25.475841 8.412403 0.122922 0.045205 -0.019046 -61.463452 -48.010018 -8.333108 0.255332 -0.015649 -0.022947 -31.781676 -42.594142 23.441899 0.265709 0.012698 -0.007375 4.308961 -4.192422 1.088548 0.086691 -0.010636 -0.015594 1.824492 -2.490689 -1.272708 -0.082954 0.112472 -0.023707 0.278069 25.844591 11.225153 -0.113228 0.046853 -0.008472 -8.931958 27.825357 27.921183 -0.260127 -0.014369 -0.031269 -51.693785 127.290875 26.425541 -0.269108 0.006794 -0.006027 -10.543410 6.432450 1.773946 -0.088754 -0.008652 -0.010107 4.057111 3.712645 2.267728 
-0.043371 0.169909 1.353285 -0.000000 0.000000 -0.000000 -0.045544 1.142633 1.381869 159.979232 -12.205294 2.893371 0.058581 -0.082280 -0.017664 -51.131305 7.686499 -0.048984 0.043451 -0.386469 0.008037 161.323823 -15.723596 -1.516882 -0.014790 -0.426874 -0.037428 -22.503663 9.111516 8.080160 0.041054 -0.060286 0.122043 -23.857719 12.911383 3.329579 -0.060310 -0.090513 -0.013543 -51.101672 -3.216782 -5.119863 -0.043257 -0.383688 -0.004843 155.073940 9.952139 -0.322054 0.019056 -0.420046 -0.034562 -27.299894 -11.651909 -1.094732 -0.034840 -0.062105 0.130323 -17.338756 12.477442 -8.477438 0.004440 0.124404 -0.038385 12.828977 2.298889 3.006040 0.004488 0.137957 0.026821 -7.607459 -0.758017 -2.739223 -0.002265 0.056032 0.002855 12.898780 2.788403 -0.355776 -0.013390 0.211635 -0.033468 20.630009 10.128131 -29.915692 0.010113 0.088937 0.050410 12.903715 -7.388369 13.499290 0.071702 0.114000 -0.018898 -10.211312 -25.925817 8.054834 0.122921 0.045205 -0.019046 -60.947807 -47.268884 -9.405569 0.255332 -0.015649 -0.022946 -32.824629 -45.188627 22.017987 0.265709 0.012698 -0.007375 4.110182 -4.488157 0.697117 0.086691 -0.010636 -0.015594 2.263665 -2.378750 -1.203511 -0.082954 0.112472 -0.023707 1.895827 26.027163 9.958750 -0.113228 0.046854 -0.008472 -9.197917 26.871306 28.430451 -0.260128 -0.014369 -0.031269 -51.198784 128.024151 25.181813 -0.269109 0.006794 -0.006027 -10.798112 6.582830 1.784329 -0.088754 -0.008652 -0.010107 4.221831 3.982546 2.177587 
-0.043710 0.172989 1.361332 -0.000000 0.000000 -0.000000 -0.045883 1.145713 1.389915 159.251106 -11.751813 2.762399 0.058581 -0.082280 -0.017664 -51.797429 7.939151 -0.418375 0.043451 -0.386469 0.008037 161.673187 -15.835331 -1.713931 -0.014790 -0.426874 -0.037428 -22.576465 9.036677 8.195368 0.041054 -0.060286 0.122042 -24.144644 13.195094 2.612238 -0.060310 -0.090513 -0.013542 -51.665235 -3.173851 -5.266632 -0.043257 -0.383688 -0.004843 155.508176 10.025871 -0.078067 0.019056 -0.420046 -0.034562 -27.505990 -11.998400 -1.187427 -0.034840 -0.062105 0.130323 -17.460463 12.920859 -8.405971 0.004439 0.124404 -0.038385 13.373870 2.336563 3.636060 0.004488 0.137956 0.026820 -7.472431 -0.718341 -2.993200 -0.002265 0.056033 0.002855 13.268004 3.256111 -1.144684 -0.013390 0.211636 -0.033468 20.992069 9.295572 -29.252461 0.010113 0.088937 0.050410 12.195275 -7.480080 13.866071 0.071702 0.114000 -0.018899 -7.992284 -26.474930 7.379881 0.122922 0.045205 -0.019046 -59.819302 -47.106814 -11.737165 0.255332 -0.015649 -0.022947 -33.005609 -49.031647 20.927425 0.265709 0.012698 -0.007375 3.795111 -4.728200 0.322018 0.086691 -0.010636 -0.015594 2.682994 -2.249639 -1.188472 -0.082954 0.112472 -0.023708 3.033074 26.229461 8.811946 -0.113228 0.046853 -0.008472 -9.989415 26.268305 28.975694 -0.260128 -0.014369 -0.031269 -50.787149 128.844634 23.642807 -0.269108 0.006794 -0.006027 -10.994155 6.696863 1.780580 -0.088754 -0.008651 -0.010107 4.324602 4.229858 2.176497 
-0.044778 0.177033 1.373375 -0.000000 0.000000 -0.000000 -0.046952 1.149756 1.401959 158.557719 -11.068486 2.693890 0.058581 -0.082280 -0.017664 -52.359680 8.118879 -0.779915 0.043451 -0.386469 0.008037 162.018357 -15.978027 -1.897209 -0.014790 -0.426874 -0.037428 -22.655734 8.893394 8.342408 0.041054 -0.060286 0.122042 -24.428889 13.540561 1.875808 -0.060310 -0.090513 -0.013543 -52.108961 -3.112639 -5.293341 -0.043257 -0.383688 -0.004843 155.963258 10.140052 0.194562 0.019055 -0.420045 -0.034562 -27.737422 -12.331433 -1.304985 -0.034840 -0.062105 0.130323 -17.542702 13.399144 -8.356839 0.004439 0.124404 -0.038385 14.108650 2.302416 4.252725 0.004488 0.137956 0.026821 -7.147252 -0.775969 -3.283679 -0.002265 0.056032 0.002855 13.581022 3.566840 -2.148280 -0.013390 0.211636 -0.033468 20.669425 8.605395 -27.930732 0.010113 0.088937 0.050410 12.002024 -7.371658 13.850399 0.071702 0.114000 -0.018898 -5.826942 -27.113727 6.260293 0.122921 0.045205 -0.019046 -58.954955 -47.209386 -14.943395 0.255332 -0.015649 -0.022947 -32.640514 -53.387088 20.660407 0.265709 0.012698 -0.007375 3.363558 -4.893237 0.035245 0.086691 -0.010636 -0.015594 3.078612 -2.115266 -1.211808 -0.082954 0.112472 -0.023708 3.874449 26.336081 7.886574 -0.113228 0.046853 -0.008472 -10.844376 25.748893 29.389877 -0.260127 -0.014370 -0.031269 -50.461926 129.732900 22.036407 -0.269108 0.006794 -0.006027 -11.134184 6.782305 1.781450 -0.088754 -0.008652 -0.010107 4.378926 4.448651 2.265834 
-0.044496 0.181807 1.382544 -0.000000 0.000000 -0.000000 -0.046670 1.154530 1.411128 157.456802 -10.161439 2.395831 0.058581 -0.082280 -0.017664 -52.787937 8.206987 -1.115418 0.043451 -0.386470 0.008037 162.359402 -16.145876 -2.063359 -0.014790 -0.426875 -0.037428 -22.751753 8.676481 8.513932 0.041054 -0.060286 0.122042 -24.683947 13.954152 1.165058 -0.060310 -0.090513 -0.013543 -52.402806 -3.045336 -5.209027 -0.043257 -0.383688 -0.004843 156.422506 10.286869 0.491069 0.019055 -0.420046 -0.034562 -27.971872 -12.618369 -1.447264 -0.034840 -0.062106 0.130324 -17.575434 13.862648 -8.312095 0.004439 0.124404 -0.038385 15.203651 2.266118 4.814107 0.004488 0.137957 0.026820 -6.834517 -0.892480 -3.377975 -0.002265 0.056032 0.002855 13.072076 3.819325 -2.651174 -0.013390 0.211636 -0.033467 20.210873 7.974277 -26.588316 0.010113 0.088937 0.050410 12.342544 -7.116435 13.288665 0.071702 0.114000 -0.018898 -4.513244 -27.543139 5.030293 0.122921 0.045205 -0.019046 -58.504607 -47.250695 -17.394923 0.255331 -0.015649 -0.022946 -32.441128 -56.824739 20.665846 0.265709 0.012698 -0.007375 2.830433 -4.939588 -0.112636 0.086690 -0.010636 -0.015594 3.452407 -1.995342 -1.243046 -0.082954 0.112473 -0.023707 4.586993 26.271136 7.207123 -0.113229 0.046853 -0.008472 -11.351342 25.132854 29.531849 -0.260127 -0.014369 -0.031269 -50.210233 130.674810 20.595964 -0.269108 0.006794 -0.006027 -11.220821 6.847622 1.802327 -0.088754 -0.008652 -0.010107 4.406451 4.635642 2.424962 
-0.042847 0.185395 1.390929 -0.000000 0.000000 -0.000000 -0.045021 1.158119 1.419513 156.130980 -9.124186 2.056284 0.058581 -0.082280 -0.017664 -53.038874 8.182999 -1.403986 0.043451 -0.386470 0.008038 162.691158 -16.332779 -2.209866 -0.014790 -0.426874 -0.037428 -22.874835 8.389891 8.709108 0.041054 -0.060286 0.122043 -24.907449 14.422534 0.508145 -0.060310 -0.090513 -0.013543 -52.519247 -2.997194 -5.013296 -0.043257 -0.383688 -0.004843 156.879091 10.459103 0.806421 0.019056 -0.420045 -0.034562 -28.202763 -12.843565 -1.612543 -0.034840 -0.062105 0.130323 -17.562066 14.283370 -8.269973 0.004439 0.124404 -0.038385 16.667567 2.244085 5.277141 0.004488 0.137956 0.026820 -6.490493 -1.064827 -3.236216 -0.002265 0.056032 0.002855 11.785508 4.017183 -2.467084 -0.013390 0.211636 -0.033467 20.449976 7.334594 -25.605785 0.010113 0.088937 0.050410 13.453639 -6.639333 12.385889 0.071703 0.114000 -0.018898 -4.062961 -27.691911 4.039553 0.122921 0.045205 -0.019046 -58.080596 -47.338945 -18.465486 0.255332 -0.015649 -0.022947 -32.727207 -58.830250 20.228749 0.265709 0.012698 -0.007375 2.197643 -4.850322 -0.105190 0.086691 -0.010636 -0.015594 3.804800 -1.894777 -1.258407 -0.082954 0.112472 -0.023707 5.195634 26.080683 6.713424 -0.113228 0.046853 -0.008472 -11.463538 24.484179 29.348841 -0.260127 -0.014369 -0.031269 -49.998856 131.703492 19.371926 -0.269108 0.006794 -0.006027 -11.257884 6.889129 1.843176 -0.088754 -0.008652 -0.010107 4.417278 4.795018 2.644626 
-0.042855 0.190239 1.402132 -0.000000 0.000000 -0.000000 -0.045029 1.162963 1.430716 154.963127 -7.874792 1.976644 0.058581 -0.082280 -0.017664 -53.100739 8.062095 -1.671028 0.043451 -0.386470 0.008037 163.003134 -16.532415 -2.335607 -0.014790 -0.426874 -0.037428 -23.023345 8.044208 8.921322 0.041054 -0.060286 0.122042 -25.097062 14.916302 -0.076561 -0.060310 -0.090513 -0.013542 -52.428474 -2.970107 -4.742339 -0.043257 -0.383688 -0.004843 157.329692 10.648777 1.132767 0.019056 -0.420045 -0.034562 -28.428009 -13.000923 -1.807737 -0.034840 -0.062105 0.130323 -17.527686 14.655218 -8.218043 0.004440 0.124404 -0.038385 18.375021 2.261746 5.589436 0.004488 0.137956 0.026820 -6.056486 -1.214054 -3.176582 -0.002265 0.056033 0.002855 10.053287 4.192096 -2.422700 -0.013390 0.211636 -0.033468 19.756097 6.930401 -24.252912 0.010113 0.088938 0.050410 14.463115 -6.196684 11.438901 0.071702 0.114000 -0.018898 -3.726016 -27.729788 2.932148 0.122921 0.045205 -0.019046 -57.137200 -47.487109 -19.260532 0.255332 -0.015649 -0.022947 -32.927580 -60.308637 19.491301 0.265709 0.012698 -0.007375 1.460853 -4.668812 0.019253 0.086691 -0.010636 -0.015594 4.137384 -1.794147 -1.260373 -0.082954 0.112472 -0.023708 5.669671 25.807291 6.463437 -0.113228 0.046853 -0.008472 -11.336781 23.845659 29.073253 -0.260127 -0.014369 -0.031269 -49.842100 132.770599 18.292140 -0.269108 0.006794 -0.006027 -11.252352 6.896469 1.889472 -0.088754 -0.008651 -0.010107 4.406255 4.925027 2.916795 
-0.043775 0.194810 1.414568 -0.000000 0.000000 -0.000000 -0.045949 1.167533 1.443152 153.984866 -6.512505 2.085347 0.058581 -0.082280 -0.017664 -52.978618 7.852622 -1.922367 0.043451 -0.386470 0.008037 163.301654 -16.739624 -2.438502 -0.014790 -0.426874 -0.037428 -23.194049 7.649168 9.147004 0.041054 -0.060286 0.122042 -25.250453 15.423301 -0.587236 -0.060310 -0.090513 -0.013543 -52.130893 -2.961548 -4.413879 -0.043257 -0.383688 -0.004843 157.776263 10.849194 1.463537 0.019056 -0.420046 -0.034562 -28.639625 -13.090557 -2.028903 -0.034840 -0.062106 0.130323 -17.475048 14.970508 -8.154611 0.004439 0.124404 -0.038385 20.320190 2.303892 5.771778 0.004488 0.137957 0.026820 -5.537289 -1.354909 -3.159128 -0.002265 0.056032 0.002855 7.916036 4.318057 -2.357839 -0.013390 0.211636 -0.033467 18.551832 6.481050 -22.793760 0.010113 0.088937 0.050409 15.511998 -5.904265 10.410302 0.071702 0.114000 -0.018898 -3.687293 -27.508344 1.949301 0.122922 0.045205 -0.019046 -55.473837 -47.788843 -19.051262 0.255332 -0.015649 -0.022946 -33.076608 -61.256128 18.280562 0.265709 0.012698 -0.007375 0.631845 -4.412691 0.249624 0.086691 -0.010636 -0.015594 4.454628 -1.691652 -1.242909 -0.082954 0.112472 -0.023707 6.149773 25.403514 6.427494 -0.113228 0.046853 -0.008472 -10.840837 23.059540 28.853902 -0.260127 -0.014369 -0.031269 -49.758054 133.805892 17.453191 -0.269109 0.006794 -0.006027 -11.202620 6.879187 1.940567 -0.088754 -0.008652 -0.010107 4.382918 5.030595 3.225591 
-0.044655 0.201323 1.427248 -0.000000 0.000000 -0.000000 -0.046829 1.174046 1.455832 153.120670 -5.326806 2.250631 0.058581 -0.082280 -0.017664 -52.682198 7.572664 -2.164090 0.043451 -0.386469 0.008037 163.591691 -16.949680 -2.517414 -0.014790 -0.426874 -0.037428 -23.379712 7.219785 9.384126 0.041054 -0.060285 0.122042 -25.372003 15.934311 -1.017808 -0.060310 -0.090513 -0.013543 -51.630718 -2.969474 -4.057265 -0.043257 -0.383687 -0.004843 158.221551 11.053570 1.791512 0.019056 -0.420045 -0.034562 -28.830871 -13.119981 -2.274354 -0.034840 -0.062105 0.130323 -17.424405 15.226807 -8.072052 0.004439 0.124404 -0.038385 22.394049 2.290768 5.852074 0.004488 0.137956 0.026820 -4.993878 -1.555488 -3.170918 -0.002265 0.056033 0.002855 5.418605 4.260738 -2.282270 -0.013390 0.211636 -0.033468 16.439960 6.203449 -21.157093 0.010113 0.088937 0.050410 16.162400 -5.713105 9.411408 0.071702 0.114000 -0.018898 -3.687126 -27.219299 1.052354 0.122921 0.045205 -0.019046 -53.241926 -48.171180 -18.481351 0.255332 -0.015649 -0.022946 -33.225189 -61.626318 16.596351 0.265709 0.012698 -0.007375 -0.279861 -4.084527 0.570731 0.086691 -0.010636 -0.015594 4.751629 -1.592803 -1.215656 -0.082954 0.112472 -0.023707 6.548055 24.913091 6.566641 -0.113229 0.046853 -0.008472 -10.152087 22.216343 28.683960 -0.260127 -0.014369 -0.031269 -49.752461 134.754906 16.787825 -0.269108 0.006794 -0.006026 -11.116982 6.833418 1.988508 -0.088754 -0.008652 -0.010108 4.348151 5.117791 3.561327 
-0.045316 0.206297 1.437290 -0.000000 0.000000 -0.000000 -0.047489 1.179021 1.465874 152.241706 -4.183118 2.424135 0.058581 -0.082280 -0.017664 -52.256101 7.239766 -2.402208 0.043451 -0.386470 0.008037 163.890389 -17.158668 -2.571194 -0.014790 -0.426874 -0.037428 -23.558642 6.779538 9.637127 0.041054 -0.060286 0.122042 -25.482222 16.444597 -1.408513 -0.060310 -0.090513 -0.013543 -51.003440 -2.996092 -3.691827 -0.043257 -0.383688 -0.004843 158.688749 11.257116 2.108867 0.019056 -0.420046 -0.034562 -28.995365 -13.125297 -2.531279 -0.034840 -0.062106 0.130323 -17.373993 15.454787 -7.994234 0.004439 0.124404 -0.038385 24.411678 2.284933 5.851649 0.004488 0.137956 0.026821 -4.410359 -1.748231 -3.131608 -0.002265 0.056032 0.002855 2.982717 4.167663 -2.045691 -0.013390 0.211636 -0.033468 14.591162 5.909306 -19.585045 0.010113 0.088937 0.050410 16.919162 -5.456837 8.544383 0.071702 0.114000 -0.018898 -3.889938 -26.819894 0.431199 0.122922 0.045205 -0.019046 -50.846653 -48.584529 -17.470550 0.255332 -0.015649 -0.022947 -33.108154 -61.954044 15.027265 0.265709 0.012698 -0.007375 -1.261904 -3.729303 0.951189 0.086690 -0.010636 -0.015594 5.027828 -1.490799 -1.198138 -0.082954 0.112472 -0.023708 6.824599 24.412802 6.668606 -0.113228 0.046853 -0.008472 -9.497757 21.419682 28.607120 -0.260127 -0.014369 -0.031269 -49.829877 135.584132 16.232078 -0.269108 0.006794 -0.006027 -10.983409 6.774101 2.016794 -0.088754 -0.008652 -0.010107 4.309708 5.193642 3.905719 
-0.046351 0.211961 1.446094 -0.000000 0.000000 -0.000000 -0.048524 1.184685 1.474678 151.296504 -3.107495 2.688308 0.058581 -0.082280 -0.017664 -51.721727 6.868743 -2.641171 0.043451 -0.386470 0.008037 164.207324 -17.363468 -2.599245 -0.014790 -0.426874 -0.037428 -23.713642 6.340017 9.905226 0.041054 -0.060286 0.122042 -25.600333 16.949801 -1.779708 -0.060310 -0.090513 -0.013543 -50.296021 -3.044947 -3.338785 -0.043257 -0.383688 -0.004843 159.183829 11.453509 2.408573 0.019056 -0.420045 -0.034562 -29.128889 -13.128946 -2.790288 -0.034840 -0.062105 0.130323 -17.322934 15.680487 -7.937488 0.004439 0.124404 -0.038385 26.096707 2.297990 5.783268 0.004488 0.137956 0.026820 -3.769475 -1.900988 -3.066272 -0.002265 0.056032 0.002855 1.045102 4.113913 -1.803943 -0.013390 0.211636 -0.033467 13.138120 5.639020 -18.114416 0.010113 0.088937 0.050410 17.817071 -5.109479 7.796295 0.071702 0.114000 -0.018898 -4.140473 -26.404106 -0.064056 0.122921 0.045205 -0.019046 -48.701954 -48.980939 -16.806300 0.255332 -0.015649 -0.022946 -32.316490 -63.111904 14.278887 0.265709 0.012698 -0.007375 -2.308426 -3.398685 1.359543 0.086691 -0.010636 -0.015594 5.281974 -1.371577 -1.202991 -0.082954 0.112472 -0.023707 6.961282 23.942999 6.684038 -0.113228 0.046853 -0.008472 -8.998182 20.726911 28.664166 -0.260127 -0.014369 -0.031269 -49.994031 136.255895 15.746574 -0.269108 0.006794 -0.006027 -10.797332 6.710357 2.010062 -0.088754 -0.008652 -0.010107 4.269222 5.259104 4.243001 
-0.047668 0.216384 1.452581 -0.000000 0.000000 -0.000000 -0.049842 1.189108 1.481164 150.235939 -2.144240 2.948714 0.058581 -0.082280 -0.017664 -51.102079 6.471476 -2.879037 0.043451 -0.386470 0.008037 164.549407 -17.559846 -2.599874 -0.014790 -0.426874 -0.037428 -23.835480 5.916408 10.187173 0.041054 -0.060286 0.122042 -25.737649 17.446431 -2.135616 -0.060310 -0.090513 -0.013543 -49.551656 -3.119790 -3.009885 -0.043257 -0.383688 -0.004843 159.708975 11.638085 2.685060 0.019055 -0.420045 -0.034562 -29.224132 -13.147106 -3.044317 -0.034840 -0.062106 0.130323 -17.280273 15.912971 -7.905605 0.004439 0.124403 -0.038385 27.342596 2.315931 5.650623 0.004488 0.137956 0.026821 -3.061246 -2.025753 -2.935691 -0.002265 0.056032 0.002855 -0.140586 4.078965 -1.486965 -0.013390 0.211636 -0.033468 12.002976 5.381324 -16.549606 0.010113 0.088937 0.050410 18.734461 -4.667678 7.356791 0.071702 0.114000 -0.018898 -4.412865 -25.981807 -0.610383 0.122921 0.045205 -0.019046 -47.282435 -49.028747 -17.020019 0.255331 -0.015649 -0.022947 -30.831515 -65.046248 14.768742 0.265709 0.012698 -0.007375 -3.407896 -3.098323 1.784539 0.086691 -0.010636 -0.015594 5.509026 -1.241926 -1.243215 -0.082954 0.112472 -0.023707 6.985194 23.568717 6.570886 -0.113228 0.046853 -0.008472 -8.661618 20.228565 28.885915 -0.260128 -0.014369 -0.031269 -50.230441 136.777161 15.377128 -0.269109 0.006794 -0.006027 -10.561451 6.646994 1.962262 -0.088754 -0.008652 -0.010107 4.228780 5.318232 4.561107 
-0.048710 0.220744 1.458917 -0.000000 0.000000 -0.000000 -0.050884 1.193467 1.487501 149.179596 -1.474628 3.181164 0.058581 -0.082280 -0.017664 -50.388204 6.056589 -3.106947 0.043451 -0.386469 0.008037 164.907978 -17.742972 -2.572672 -0.014790 -0.426874 -0.037428 -23.929054 5.515915 10.478879 0.041054 -0.060286 0.122042 -25.891811 17.924121 -2.450800 -0.060310 -0.090513 -0.013542 -48.762507 -3.218331 -2.722052 -0.043257 -0.383688 -0.004843 160.246852 11.806278 2.933622 0.019056 -0.420046 -0.034562 -29.274218 -13.173053 -3.291749 -0.034840 -0.062106 0.130323 -17.260469 16.137118 -7.887865 0.004439 0.124404 -0.038385 28.152515 2.289392 5.499686 0.004488 0.137956 0.026821 -2.297134 -2.171234 -2.728124 -0.002265 0.056033 0.002855 -0.655900 3.966103 -1.082308 -0.013390 0.211636 -0.033467 10.976689 5.162685 -14.932329 0.010113 0.088937 0.050410 19.444502 -4.186966 7.229877 0.071703 0.114000 -0.018898 -4.603370 -25.571885 -1.166573 0.122922 0.045205 -0.019046 -46.400658 -48.743679 -18.044323 0.255332 -0.015649 -0.022947 -28.526915 -67.539267 16.486929 0.265709 0.012698 -0.007375 -4.550681 -2.818023 2.224126 0.086691 -0.010636 -0.015594 5.708579 -1.104618 -1.312642 -0.082954 0.112472 -0.023707 6.986947 23.261852 6.315697 -0.113228 0.046853 -0.008472 -8.309590 19.868351 29.205838 -0.260127 -0.014369 -0.031269 -50.521912 137.153750 15.223283 -0.269108 0.006794 -0.006027 -10.293869 6.580137 1.877695 -0.088754 -0.008652 -0.010107 4.190935 5.373131 4.850498 
-0.050420 0.224825 1.463179 -0.000000 0.000000 -0.000000 -0.052594 1.197549 1.491763 148.314662 -0.963860 3.503971 0.058581 -0.082280 -0.017664 -49.596258 5.634690 -3.317040 0.043451 -0.386470 0.008037 165.281480 -17.911090 -2.518874 -0.014790 -0.426874 -0.037428 -23.997262 5.158663 10.777900 0.041054 -0.060286 0.122042 -26.058225 18.372594 -2.714074 -0.060310 -0.090513 -0.013543 -47.966096 -3.341675 -2.489983 -0.043257 -0.383688 -0.004843 160.789634 11.955260 3.149621 0.019056 -0.420046 -0.034562 -29.272722 -13.217120 -3.533870 -0.034840 -0.062105 0.130323 -17.281301 16.341180 -7.872873 0.004439 0.124403 -0.038385 28.653774 2.236343 5.306653 0.004488 0.137956 0.026821 -1.451135 -2.321182 -2.566900 -0.002265 0.056032 0.002855 -0.463961 3.827393 -0.870281 -0.013390 0.211636 -0.033468 10.374137 5.133085 -13.752310 0.010113 0.088937 0.050410 20.082515 -3.629807 7.097389 0.071702 0.114000 -0.018898 -4.631516 -25.368641 -1.494373 0.122922 0.045205 -0.019046 -45.935372 -48.474662 -19.775346 0.255331 -0.015649 -0.022946 -25.289383 -70.175877 19.316929 0.265709 0.012698 -0.007375 -5.723524 -2.537611 2.670469 0.086691 -0.010636 -0.015594 5.880504 -0.972907 -1.408724 -0.082954 0.112472 -0.023708 6.872007 23.090494 5.853348 -0.113228 0.046853 -0.008472 -8.184553 19.755345 29.639538 -0.260128 -0.014369 -0.031269 -50.860707 137.384542 15.151639 -0.269108 0.006794 -0.006027 -10.012958 6.498731 1.753932 -0.088754 -0.008652 -0.010107 4.152989 5.432093 5.110031 
-0.051432 0.228212 1.465677 -0.000000 0.000000 -0.000000 -0.053606 1.200936 1.494260 147.335827 -0.572875 3.785048 0.058581 -0.082280 -0.017664 -48.721928 5.215064 -3.496489 0.043451 -0.386469 0.008037 165.658957 -18.062159 -2.439503 -0.014790 -0.426874 -0.037428 -24.046714 4.846022 11.073887 0.041054 -0.060286 0.122042 -26.228205 18.783778 -2.899989 -0.060310 -0.090513 -0.013543 -47.174846 -3.485801 -2.316427 -0.043257 -0.383688 -0.004843 161.319000 12.083023 3.331227 0.019056 -0.420046 -0.034562 -29.218463 -13.271677 -3.769848 -0.034840 -0.062106 0.130323 -17.344570 16.513092 -7.851242 0.004439 0.124403 -0.038385 28.832967 2.181479 5.101981 0.004488 0.137957 0.026820 -0.641719 -2.449514 -2.387097 -0.002265 0.056033 0.002855 0.020049 3.696380 -0.650996 -0.013390 0.211636 -0.033467 9.842192 5.257043 -12.942606 0.010113 0.088937 0.050410 20.458112 -3.094963 6.957536 0.071702 0.113999 -0.018898 -4.612219 -25.205203 -1.663202 0.122921 0.045205 -0.019046 -45.720532 -48.020806 -21.762243 0.255332 -0.015649 -0.022947 -20.892186 -72.750011 23.492658 0.265709 0.012698 -0.007375 -6.919247 -2.251737 3.129345 0.086690 -0.010636 -0.015594 6.026480 -0.847254 -1.518735 -0.082954 0.112472 -0.023707 6.640369 22.960000 5.356132 -0.113228 0.046853 -0.008473 -8.337221 19.690028 30.264264 -0.260127 -0.014370 -0.031269 -51.261410 137.400853 15.044917 -0.269109 0.006794 -0.006027 -9.737224 6.398948 1.596504 -0.088754 -0.008651 -0.010107 4.112853 5.493879 5.342440 
-0.052429 0.231140 1.468050 -0.000000 0.000000 -0.000000 -0.054602 1.203863 1.496633 146.422276 -0.334395 4.018133 0.058581 -0.082280 -0.017664 -47.767147 4.812217 -3.641129 0.043451 -0.386470 0.008037 166.031968 -18.193013 -2.334857 -0.014790 -0.426874 -0.037428 -24.081683 4.582278 11.359441 0.041054 -0.060286 0.122043 -26.395855 19.147508 -3.001122 -0.060310 -0.090513 -0.013542 -46.403974 -3.639758 -2.206095 -0.043257 -0.383688 -0.004843 161.819230 12.188247 3.476268 0.019056 -0.420045 -0.034562 -29.114655 -13.334060 -4.000256 -0.034840 -0.062105 0.130323 -17.451967 16.645058 -7.819335 0.004439 0.124404 -0.038385 28.799479 2.098230 4.932860 0.004488 0.137956 0.026820 0.189803 -2.589707 -2.227946 -0.002265 0.056033 0.002855 0.780423 3.526438 -0.495765 -0.013390 0.211636 -0.033467 9.460476 5.308856 -12.549351 0.010113 0.088937 0.050410 20.684046 -2.722686 6.696044 0.071702 0.114000 -0.018898 -4.503456 -25.082647 -1.564039 0.122921 0.045205 -0.019046 -45.326863 -47.618334 -23.574007 0.255332 -0.015649 -0.022947 -14.832423 -75.204986 29.191347 0.265709 0.012698 -0.007375 -8.128302 -1.960524 3.589657 0.086691 -0.010636 -0.015594 6.153473 -0.725601 -1.629008 -0.082954 0.112472 -0.023707 6.394076 22.922414 4.751308 -0.113228 0.046853 -0.008472 -8.576271 19.743155 31.001576 -0.260128 -0.014369 -0.031268 -51.669418 137.318604 15.024666 -0.269108 0.006794 -0.006027 -9.475470 6.277807 1.412328 -0.088754 -0.008652 -0.010107 4.070252 5.554214 5.541764 
-0.052884 0.233985 1.469453 -0.000000 0.000000 -0.000000 -0.055058 1.206709 1.498036 145.467006 -0.209355 4.148751 0.058581 -0.082280 -0.017665 -46.755469 4.442334 -3.746913 0.043451 -0.386470 0.008037 166.397192 -18.303724 -2.207323 -0.014790 -0.426875 -0.037428 -24.101661 4.372056 11.626995 0.041054 -0.060286 0.122042 -26.558438 19.458306 -3.021670 -0.060310 -0.090513 -0.013543 -45.762790 -3.788592 -2.158987 -0.043257 -0.383688 -0.004843 162.280486 12.271878 3.582114 0.019056 -0.420045 -0.034562 -28.965036 -13.407713 -4.224023 -0.034840 -0.062106 0.130323 -17.600962 16.736286 -7.779918 0.004439 0.124404 -0.038385 28.620798 1.979288 4.822950 0.004488 0.137957 0.026820 1.029008 -2.751000 -2.117472 -0.002265 0.056032 0.002855 1.713934 3.309196 -0.433203 -0.013390 0.211636 -0.033468 9.177165 5.247430 -12.333556 0.010113 0.088938 0.050409 20.692113 -2.431334 6.395421 0.071702 0.114000 -0.018898 -4.464712 -24.925573 -1.375434 0.122922 0.045205 -0.019046 -45.029016 -47.023612 -25.227019 0.255332 -0.015649 -0.022946 -7.347368 -77.150853 36.418801 0.265709 0.012698 -0.007375 -9.343901 -1.656893 4.052324 0.086691 -0.010636 -0.015594 6.261059 -0.618742 -1.742250 -0.082954 0.112472 -0.023708 6.192397 22.936863 4.048925 -0.113228 0.046854 -0.008472 -8.828513 19.832574 31.874440 -0.260128 -0.014369 -0.031269 -52.065675 137.163695 15.095020 -0.269108 0.006794 -0.006027 -9.231443 6.136960 1.203555 -0.088754 -0.008652 -0.010107 4.020778 5.614322 5.709288 
-0.053248 0.235961 1.470643 -0.000000 0.000000 -0.000000 -0.055422 1.208684 1.499227 144.378519 -0.178881 4.230477 0.058581 -0.082280 -0.017664 -45.704119 4.118746 -3.814208 0.043451 -0.386469 0.008037 166.747635 -18.396170 -2.060879 -0.014790 -0.426875 -0.037428 -24.110645 4.216773 11.869051 0.041054 -0.060286 0.122043 -26.711914 19.709508 -2.957526 -0.060310 -0.090513 -0.013543 -45.249450 -3.923798 -2.144718 -0.043257 -0.383688 -0.004843 162.687456 12.334005 3.648773 0.019056 -0.420045 -0.034562 -28.775768 -13.490407 -4.440500 -0.034840 -0.062105 0.130323 -17.793066 16.782138 -7.732940 0.004439 0.124404 -0.038385 28.324748 1.816435 4.824745 0.004488 0.137957 0.026820 1.860319 -2.940905 -2.054136 -0.002265 0.056032 0.002855 2.710432 3.047042 -0.453670 -0.013390 0.211636 -0.033467 8.714106 5.020935 -12.099972 0.010113 0.088937 0.050410 20.282619 -2.223811 6.112063 0.071702 0.114000 -0.018898 -4.431478 -24.764756 -1.190937 0.122922 0.045206 -0.019046 -44.769083 -46.203566 -26.833892 0.255332 -0.015649 -0.022947 0.953789 -78.460350 44.528793 0.265709 0.012698 -0.007375 -10.558538 -1.337282 4.513119 0.086691 -0.010636 -0.015594 6.350461 -0.530193 -1.857410 -0.082954 0.112472 -0.023707 6.061945 23.053272 3.239896 -0.113228 0.046853 -0.008472 -9.054338 20.052607 32.855891 -0.260127 -0.014369 -0.031269 -52.409592 137.027556 15.281867 -0.269108 0.006794 -0.006027 -9.011929 5.972363 0.978030 -0.088754 -0.008651 -0.010107 3.961189 5.671250 5.848531 
-0.053439 0.238320 1.472191 -0.000000 0.000000 -0.000000 -0.055612 1.211043 1.500775 143.302328 -0.149648 4.288643 0.058581 -0.082280 -0.017664 -44.630454 3.842983 -3.833696 0.043451 -0.386470 0.008037 167.080757 -18.470990 -1.898309 -0.014790 -0.426875 -0.037428 -24.111017 4.111225 12.079274 0.041054 -0.060286 0.122042 -26.856785 19.898778 -2.811311 -0.060310 -0.090513 -0.013542 -44.845912 -4.047662 -2.141648 -0.043257 -0.383688 -0.004843 163.029225 12.375628 3.677912 0.019056 -0.420045 -0.034562 -28.553184 -13.578476 -4.644803 -0.034840 -0.062105 0.130323 -18.018249 16.780916 -7.686302 0.004439 0.124404 -0.038385 28.008476 1.624717 4.925208 0.004488 0.137956 0.026820 2.747232 -3.150572 -2.043135 -0.002265 0.056033 0.002855 3.816927 2.764538 -0.540350 -0.013390 0.211635 -0.033468 8.378507 4.811751 -12.051038 0.010113 0.088938 0.050410 19.606616 -1.957923 5.668331 0.071702 0.113999 -0.018898 -4.478515 -24.596126 -0.931587 0.122921 0.045205 -0.019046 -44.539209 -45.280602 -28.227097 0.255332 -0.015649 -0.022946 9.399934 -79.222606 52.805849 0.265709 0.012698 -0.007375 -11.766346 -1.011702 4.966895 0.086691 -0.010636 -0.015594 6.422326 -0.458422 -1.970533 -0.082954 0.112472 -0.023708 6.034823 23.151679 2.374140 -0.113229 0.046853 -0.008472 -9.202003 20.194754 33.901712 -0.260127 -0.014370 -0.031269 -52.711077 136.877783 15.520485 -0.269108 0.006794 -0.006027 -8.821316 5.789349 0.745863 -0.088754 -0.008652 -0.010107 3.890115 5.725836 5.966450 
-0.053376 0.239812 1.474083 -0.000000 0.000000 -0.000000 -0.055549 1.212535 1.502666 142.504862 -0.124986 4.295683 0.058581 -0.082280 -0.017664 -43.566724 3.617542 -3.804104 0.043451 -0.386469 0.008037 167.394659 -18.529192 -1.722430 -0.014790 -0.426874 -0.037428 -24.100652 4.044522 12.251397 0.041054 -0.060286 0.122042 -26.995366 20.027549 -2.592884 -0.060310 -0.090514 -0.013543 -44.499799 -4.161624 -2.133159 -0.043257 -0.383688 -0.004843 163.301067 12.398298 3.671634 0.019055 -0.420046 -0.034562 -28.302250 -13.663415 -4.830875 -0.034840 -0.062105 0.130323 -18.261785 16.734795 -7.651177 0.004439 0.124403 -0.038385 27.749911 1.382250 5.121463 0.004488 0.137956 0.026820 3.762194 -3.407241 -2.080338 -0.002265 0.056032 0.002855 5.168373 2.410302 -0.677312 -0.013390 0.211636 -0.033468 8.107507 4.612679 -12.072222 0.010113 0.088938 0.050410 18.647943 -1.623943 5.112937 0.071702 0.114000 -0.018898 -4.664770 -24.384866 -0.646092 0.122921 0.045205 -0.019046 -44.411854 -44.268249 -29.452920 0.255332 -0.015649 -0.022947 18.075804 -79.639343 61.384754 0.265709 0.012698 -0.007375 -12.959715 -0.700898 5.403475 0.086690 -0.010636 -0.015594 6.477103 -0.398571 -2.081374 -0.082954 0.112472 -0.023708 6.221690 23.148580 1.471461 -0.113228 0.046854 -0.008472 -9.025285 20.140884 34.954934 -0.260127 -0.014369 -0.031269 -52.964278 136.730292 15.916427 -0.269108 0.006794 -0.006027 -8.654735 5.598399 0.518665 -0.088754 -0.008652 -0.010108 3.809182 5.773647 6.062549 
-0.053702 0.240813 1.476390 -0.000000 0.000000 -0.000000 -0.055876 1.213537 1.504974 141.722532 -0.033385 4.356554 0.058581 -0.082280 -0.017664 -42.539863 3.447453 -3.720434 0.043451 -0.386469 0.008037 167.682223 -18.571971 -1.537065 -0.014790 -0.426874 -0.037428 -24.080742 4.012299 12.379794 0.041054 -0.060286 0.122042 -27.123714 20.098521 -2.308197 -0.060310 -0.090513 -0.013543 -44.102566 -4.272449 -2.128675 -0.043257 -0.383688 -0.004843 163.497544 12.402357 3.633699 0.019056 -0.420045 -0.034561 -28.032471 -13.745165 -4.997853 -0.034840 -0.062105 0.130323 -18.512902 16.642845 -7.636584 0.004439 0.124403 -0.038386 27.478056 1.138621 5.433326 0.004488 0.137956 0.026820 4.801944 -3.652136 -2.151478 -0.002265 0.056032 0.002855 6.492978 2.099857 -0.874704 -0.013390 0.211636 -0.033468 8.047388 4.571884 -12.193270 0.010113 0.088937 0.050410 17.476738 -1.085419 4.424619 0.071702 0.114000 -0.018898 -4.867361 -24.238393 -0.380012 0.122921 0.045205 -0.019046 -44.381190 -43.255998 -30.834288 0.255332 -0.015649 -0.022946 26.835590 -79.777470 70.054587 0.265709 0.012698 -0.007375 -14.133584 -0.409928 5.819611 0.086690 -0.010636 -0.015594 6.513874 -0.351581 -2.189259 -0.082954 0.112472 -0.023707 6.253767 23.103374 0.612877 -0.113228 0.046854 -0.008472 -9.190481 20.047944 36.006152 -0.260127 -0.014370 -0.031269 -53.162354 136.600122 16.003739 -0.269108 0.006794 -0.006027 -8.523770 5.383667 0.297779 -0.088754 -0.008652 -0.010107 3.710330 5.814851 6.158985 
-0.054283 0.242486 1.479662 -0.000000 0.000000 -0.000000 -0.056457 1.215210 1.508246 140.845071 0.201776 4.448805 0.058581 -0.082280 -0.017664 -41.582564 3.328225 -3.575839 0.043451 -0.386470 0.008037 167.940322 -18.600360 -1.344797 -0.014790 -0.426874 -0.037428 -24.048401 4.005555 12.460649 0.041054 -0.060286 0.122042 -27.243060 20.117972 -1.971971 -0.060310 -0.090514 -0.013542 -43.590216 -4.387823 -2.140166 -0.043257 -0.383688 -0.004843 163.614777 12.388617 3.568553 0.019056 -0.420046 -0.034562 -27.748929 -13.820331 -5.141792 -0.034840 -0.062106 0.130323 -18.754760 16.508256 -7.656756 0.004439 0.124404 -0.038385 27.120309 0.945576 5.827715 0.004488 0.137956 0.026820 5.818977 -3.826222 -2.231528 -0.002265 0.056032 0.002855 7.708154 1.941117 -1.047093 -0.013390 0.211636 -0.033467 8.291754 4.353850 -12.026337 0.010113 0.088938 0.050410 16.212202 -0.454003 3.843957 0.071702 0.113999 -0.018898 -5.040200 -24.036061 -0.150927 0.122922 0.045205 -0.019046 -44.198789 -42.158397 -32.226253 0.255332 -0.015649 -0.022946 36.399635 -79.714393 79.466355 0.265709 0.012698 -0.007375 -15.281099 -0.154764 6.206930 0.086690 -0.010636 -0.015594 6.534074 -0.311291 -2.290047 -0.082954 0.112472 -0.023707 6.056778 23.154295 -0.350375 -0.113228 0.046853 -0.008472 -9.751212 20.215931 36.863917 -0.260127 -0.014370 -0.031269 -53.237401 136.657045 15.812101 -0.269109 0.006794 -0.006027 -8.420689 5.145418 0.088898 -0.088754 -0.008652 -0.010107 3.595536 5.841969 6.255353 
-0.054798 0.244024 1.482425 -0.000000 0.000000 -0.000000 -0.056971 1.216748 1.511009 139.839408 0.474979 4.539067 0.058581 -0.082280 -0.017664 -40.715772 3.247891 -3.355636 0.043451 -0.386469 0.008037 168.164530 -18.615278 -1.149228 -0.014790 -0.426875 -0.037428 -24.001375 4.014336 12.496260 0.041054 -0.060286 0.122043 -27.356719 20.097690 -1.591716 -0.060310 -0.090513 -0.013543 -42.953963 -4.513191 -2.181069 -0.043257 -0.383688 -0.004843 163.651346 12.360407 3.480490 0.019056 -0.420046 -0.034562 -27.452381 -13.875415 -5.258878 -0.034840 -0.062105 0.130323 -18.977595 16.327347 -7.713983 0.004439 0.124404 -0.038385 26.769029 0.795142 6.277880 0.004488 0.137956 0.026820 6.807097 -3.937489 -2.278731 -0.002265 0.056033 0.002855 8.696642 1.902537 -1.087218 -0.013390 0.211635 -0.033468 8.702265 4.084887 -12.053574 0.010113 0.088938 0.050410 14.782616 0.109400 3.121271 0.071702 0.114000 -0.018898 -5.469102 -23.743223 0.147874 0.122921 0.045205 -0.019046 -44.176550 -41.092068 -33.371266 0.255332 -0.015649 -0.022946 45.536499 -79.393190 88.529927 0.265709 0.012698 -0.007374 -16.391873 0.066601 6.573229 0.086690 -0.010636 -0.015594 6.533778 -0.275638 -2.389365 -0.082954 0.112472 -0.023707 5.831289 23.178126 -1.216642 -0.113228 0.046853 -0.008472 -10.295490 20.421938 37.657428 -0.260127 -0.014369 -0.031269 -53.243384 136.778759 15.606238 -0.269109 0.006794 -0.006027 -8.345177 4.899385 -0.093906 -0.088754 -0.008652 -0.010107 3.470334 5.857790 6.351504 
-0.054683 0.244991 1.484085 -0.000000 0.000000 -0.000000 -0.056856 1.217715 1.512669 139.098346 0.625276 4.497381 0.058581 -0.082280 -0.017664 -39.955910 3.197888 -3.049550 0.043451 -0.386469 0.008037 168.346814 -18.618278 -0.954409 -0.014790 -0.426874 -0.037428 -23.939624 4.036364 12.489196 0.041054 -0.060286 0.122042 -27.466638 20.044657 -1.171735 -0.060310 -0.090513 -0.013543 -42.230209 -4.653553 -2.226866 -0.043257 -0.383688 -0.004843 163.611499 12.322549 3.373189 0.019056 -0.420045 -0.034562 -27.149367 -13.905934 -5.351306 -0.034840 -0.062106 0.130323 -19.181997 16.097141 -7.806225 0.004439 0.124403 -0.038385 26.630914 0.585188 6.676296 0.004488 0.137956 0.026820 7.902665 -4.122384 -2.385493 -0.002265 0.056033 0.002855 9.703365 1.690623 -1.209127 -0.013390 0.211636 -0.033468 9.007438 3.754427 -11.983412 0.010113 0.088937 0.050410 13.091310 0.576112 2.572291 0.071702 0.114000 -0.018898 -5.909750 -23.483900 0.404378 0.122922 0.045205 -0.019046 -44.154728 -40.054073 -34.680374 0.255331 -0.015649 -0.022946 54.111873 -78.838319 96.995230 0.265709 0.012698 -0.007375 -17.459176 0.257214 6.915522 0.086690 -0.010636 -0.015595 6.510712 -0.240294 -2.491490 -0.082954 0.112473 -0.023707 5.480590 23.200225 -2.011875 -0.113228 0.046853 -0.008472 -10.934880 20.759761 38.322238 -0.260128 -0.014370 -0.031268 -53.178176 136.989170 15.334261 -0.269108 0.006794 -0.006027 -8.303149 4.644833 -0.245932 -0.088754 -0.008652 -0.010107 3.336344 5.860669 6.454994 
-0.054687 0.246248 1.484918 -0.000000 0.000000 -0.000000 -0.056861 1.218972 1.513502 138.294460 0.758564 4.502663 0.058581 -0.082280 -0.017664 -39.322543 3.171204 -2.649830 0.043451 -0.386470 0.008037 168.486574 -18.611142 -0.763406 -0.014790 -0.426874 -0.037428 -23.863341 4.062038 12.440086 0.041054 -0.060286 0.122042 -27.574304 19.968099 -0.726794 -0.060310 -0.090513 -0.013543 -41.434400 -4.809373 -2.272998 -0.043257 -0.383688 -0.004843 163.501096 12.278751 3.250960 0.019056 -0.420046 -0.034562 -26.847525 -13.906849 -5.416776 -0.034840 -0.062105 0.130323 -19.356008 15.821344 -7.940013 0.004439 0.124403 -0.038386 26.600703 0.394649 7.060919 0.004488 0.137956 0.026820 9.014734 -4.283456 -2.485751 -0.002265 0.056033 0.002855 10.547959 1.502185 -1.286839 -0.013390 0.211636 -0.033467 9.550771 3.336414 -11.877351 0.010113 0.088937 0.050410 11.374245 0.941501 2.218881 0.071702 0.114000 -0.018898 -6.540088 -23.147810 0.731625 0.122921 0.045205 -0.019046 -44.193240 -39.053232 -35.803414 0.255332 -0.015649 -0.022946 61.907093 -78.077948 104.711861 0.265709 0.012698 -0.007375 -18.477062 0.411005 7.232025 0.086691 -0.010636 -0.015594 6.466066 -0.203877 -2.597726 -0.082954 0.112472 -0.023707 5.005969 23.204186 -2.753216 -0.113228 0.046853 -0.008472 -11.634361 21.240522 38.835028 -0.260128 -0.014369 -0.031269 -53.052589 137.282732 15.040959 -0.269108 0.006794 -0.006027 -8.289632 4.387774 -0.365699 -0.088754 -0.008652 -0.010107 3.197415 5.851748 6.567287 
-0.054690 0.247907 1.484962 -0.000000 0.000000 -0.000000 -0.056864 1.220630 1.513546 137.556185 0.805968 4.450569 0.058581 -0.082280 -0.017664 -38.827744 3.167593 -2.160661 0.043451 -0.386470 0.008037 168.585871 -18.595113 -0.578552 -0.014790 -0.426874 -0.037428 -23.773699 4.085233 12.350263 0.041054 -0.060286 0.122043 -27.681297 19.876528 -0.270468 -0.060310 -0.090513 -0.013543 -40.593665 -4.975386 -2.339347 -0.043257 -0.383688 -0.004843 163.325669 12.232147 3.117679 0.019056 -0.420046 -0.034562 -26.554372 -13.877806 -5.457492 -0.034840 -0.062106 0.130323 -19.494989 15.506234 -8.116045 0.004439 0.124404 -0.038386 26.760722 0.184259 7.421258 0.004488 0.137956 0.026821 10.202435 -4.476926 -2.613371 -0.002265 0.056032 0.002855 11.329213 1.220416 -1.423531 -0.013390 0.211635 -0.033467 10.189813 2.948721 -11.771862 0.010113 0.088937 0.050410 9.581014 1.253751 2.007341 0.071702 0.114000 -0.018898 -7.286523 -22.830174 1.056846 0.122921 0.045205 -0.019046 -44.341820 -38.136867 -37.026367 0.255332 -0.015649 -0.022946 68.940897 -77.129720 111.690293 0.265709 0.012698 -0.007375 -19.439738 0.527478 7.517083 0.086691 -0.010636 -0.015594 6.401096 -0.165810 -2.710400 -0.082954 0.112472 -0.023707 4.423656 23.155598 -3.411076 -0.113228 0.046853 -0.008472 -12.330561 21.825550 39.188685 -0.260127 -0.014369 -0.031269 -52.883511 137.632232 14.757086 -0.269108 0.006794 -0.006027 -8.303057 4.131777 -0.454871 -0.088754 -0.008652 -0.010107 3.053390 5.831672 6.690133 
-0.055043 0.249764 1.485135 -0.000000 0.000000 -0.000000 -0.057217 1.222487 1.513719 136.786327 0.898858 4.417364 0.058581 -0.082280 -0.017664 -38.473062 3.182180 -1.588930 0.043451 -0.386469 0.008037 168.647247 -18.571805 -0.401665 -0.014790 -0.426875 -0.037428 -23.669423 4.088030 12.214460 0.041054 -0.060286 0.122043 -27.786979 19.777414 0.181659 -0.060310 -0.090513 -0.013543 -39.723100 -5.146658 -2.447687 -0.043257 -0.383688 -0.004843 163.087705 12.185529 2.978159 0.019056 -0.420046 -0.034562 -26.278931 -13.808547 -5.471965 -0.034840 -0.062105 0.130323 -19.579702 15.164690 -8.340183 0.004439 0.124404 -0.038385 26.998037 0.010563 7.774499 0.004488 0.137956 0.026821 11.409867 -4.632359 -2.764598 -0.002265 0.056032 0.002855 12.028158 0.981641 -1.643477 -0.013390 0.211636 -0.033468 10.785346 2.580609 -11.635898 0.010113 0.088938 0.050410 7.768550 1.472616 1.916433 0.071702 0.114000 -0.018898 -8.118101 -22.437749 1.369923 0.122921 0.045205 -0.019046 -44.425220 -37.306299 -38.308639 0.255332 -0.015649 -0.022947 76.343374 -75.874290 119.004353 0.265709 0.012698 -0.007375 -20.343671 0.584064 7.750549 0.086690 -0.010636 -0.015595 6.322734 -0.124557 -2.820314 -0.082954 0.112472 -0.023708 3.770467 22.973606 -3.895245 -0.113228 0.046853 -0.008472 -12.964169 22.371789 39.507740 -0.260127 -0.014369 -0.031268 -52.709738 137.946708 14.488238 -0.269108 0.006794 -0.006027 -8.329901 3.885333 -0.518477 -0.088754 -0.008652 -0.010107 2.905796 5.799693 6.819698 
-0.055890 0.252459 1.486022 -0.000000 0.000000 -0.000000 -0.058063 1.225183 1.514606 135.800799 1.094612 4.510239 0.058581 -0.082280 -0.017664 -38.255251 3.210380 -0.945141 0.043451 -0.386469 0.008037 168.672956 -18.542584 -0.234474 -0.014790 -0.426874 -0.037428 -23.549143 4.054764 12.029077 0.041054 -0.060286 0.122042 -27.889747 19.678096 0.616858 -0.060310 -0.090513 -0.013543 -38.839181 -5.317464 -2.622452 -0.043257 -0.383688 -0.004843 162.787027 12.141293 2.837268 0.019056 -0.420046 -0.034562 -26.028997 -13.689088 -5.459272 -0.034840 -0.062105 0.130323 -19.594249 14.808260 -8.615257 0.004439 0.124404 -0.038386 27.180589 -0.087369 8.159534 0.004488 0.137956 0.026821 12.545138 -4.687889 -2.920311 -0.002265 0.056032 0.002855 12.533814 0.910047 -1.936062 -0.013390 0.211635 -0.033468 11.318774 2.249693 -11.451628 0.010113 0.088938 0.050409 6.082703 1.573366 1.985855 0.071702 0.114000 -0.018898 -9.076171 -21.921487 1.724063 0.122921 0.045205 -0.019046 -44.401824 -36.659808 -39.567761 0.255332 -0.015649 -0.022947 84.356907 -74.112375 126.861174 0.265709 0.012698 -0.007375 -21.184730 0.564105 7.917184 0.086691 -0.010636 -0.015594 6.236528 -0.078726 -2.918880 -0.082954 0.112472 -0.023708 3.092716 22.582834 -4.188171 -0.113228 0.046854 -0.008472 -13.397506 22.758921 39.742651 -0.260127 -0.014369 -0.031268 -52.545670 138.190559 14.265158 -0.269108 0.006794 -0.006027 -8.357660 3.656427 -0.561513 -0.088754 -0.008651 -0.010107 2.757115 5.752633 6.950072 
-0.056754 0.255473 1.486841 -0.000000 0.000000 -0.000000 -0.058928 1.228197 1.515424 134.789057 1.351769 4.599212 0.058581 -0.082280 -0.017664 -38.177906 3.252080 -0.243698 0.043451 -0.386469 0.008037 168.666850 -18.506717 -0.077090 -0.014790 -0.426875 -0.037428 -23.413316 3.988993 11.800032 0.041054 -0.060286 0.122043 -27.991654 19.584847 1.025027 -0.060310 -0.090514 -0.013543 -37.992295 -5.482533 -2.851333 -0.043257 -0.383687 -0.004843 162.433482 12.103552 2.698632 0.019056 -0.420045 -0.034562 -25.811338 -13.527197 -5.422821 -0.034840 -0.062105 0.130324 -19.544764 14.446943 -8.935765 0.004439 0.124403 -0.038385 27.354974 -0.146620 8.575349 0.004488 0.137956 0.026820 13.605254 -4.683509 -3.053281 -0.002265 0.056032 0.002855 12.893503 0.933883 -2.245004 -0.013390 0.211635 -0.033468 11.794248 1.961169 -11.137280 0.010113 0.088937 0.050410 4.553240 1.566055 2.293830 0.071702 0.114000 -0.018898 -10.097550 -21.329574 2.092694 0.122921 0.045205 -0.019046 -44.318277 -36.135785 -40.921699 0.255332 -0.015649 -0.022946 91.968764 -71.807937 134.308485 0.265709 0.012698 -0.007375 -21.958076 0.475734 8.016310 0.086691 -0.010636 -0.015594 6.143845 -0.030629 -3.011713 -0.082954 0.112472 -0.023708 2.376712 22.027995 -4.320936 -0.113228 0.046853 -0.008472 -13.705730 23.046744 39.945648 -0.260127 -0.014370 -0.031269 -52.392346 138.375821 14.074785 -0.269108 0.006794 -0.006027 -8.385814 3.447467 -0.587529 -0.088754 -0.008651 -0.010107 2.608188 5.693139 7.083647 
-0.058062 0.256932 1.486814 -0.000000 0.000000 -0.000000 -0.060235 1.229656 1.515398 134.169845 1.685539 4.693872 0.058581 -0.082280 -0.017664 -38.241953 3.306862 0.491948 0.043451 -0.386469 0.008037 168.631865 -18.464216 0.069915 -0.014790 -0.426874 -0.037428 -23.261391 3.894491 11.530701 0.041054 -0.060286 0.122042 -28.094528 19.501978 1.400851 -0.060310 -0.090513 -0.013542 -37.215177 -5.638423 -3.120479 -0.043257 -0.383688 -0.004843 162.043875 12.076819 2.564979 0.019056 -0.420046 -0.034562 -25.634504 -13.332026 -5.367719 -0.034840 -0.062106 0.130323 -19.440556 14.092364 -9.292719 0.004439 0.124404 -0.038385 27.623097 -0.196782 9.017311 0.004488 0.137956 0.026820 14.641755 -4.670943 -3.186391 -0.002265 0.056032 0.002855 13.287600 0.938581 -2.686577 -0.013390 0.211635 -0.033468 11.900294 1.790635 -10.649756 0.010113 0.088937 0.050410 3.113553 1.463746 2.838595 0.071702 0.113999 -0.018899 -10.912338 -20.812589 2.380083 0.122921 0.045205 -0.019046 -44.039349 -35.735529 -42.807340 0.255331 -0.015649 -0.022947 98.907177 -68.887362 140.989434 0.265709 0.012698 -0.007375 -22.658943 0.323677 8.038280 0.086690 -0.010636 -0.015594 6.048225 0.018520 -3.100471 -0.082954 0.112472 -0.023708 1.617485 21.391961 -4.344916 -0.113228 0.046853 -0.008472 -13.942629 23.344958 40.109333 -0.260128 -0.014370 -0.031269 -52.234647 138.554308 13.923478 -0.269108 0.006794 -0.006027 -8.412930 3.259427 -0.603228 -0.088754 -0.008651 -0.010107 2.460284 5.620204 7.217976 
-0.059532 0.257724 1.486699 -0.000000 0.000000 -0.000000 -0.061705 1.230448 1.515283 133.676364 2.078654 4.842648 0.058581 -0.082280 -0.017664 -38.444095 3.369639 1.241357 0.043451 -0.386470 0.008037 168.575257 -18.417356 0.205138 -0.014790 -0.426874 -0.037428 -23.095851 3.765941 11.222317 0.041054 -0.060286 0.122042 -28.200524 19.432740 1.734633 -0.060310 -0.090514 -0.013543 -36.500237 -5.781590 -3.399641 -0.043257 -0.383688 -0.004843 161.636072 12.063909 2.438752 0.019056 -0.420045 -0.034562 -25.511967 -13.109993 -5.293587 -0.034840 -0.062105 0.130323 -19.278306 13.757820 -9.687036 0.004439 0.124403 -0.038385 27.850460 -0.219202 9.524483 0.004488 0.137957 0.026820 15.565098 -4.593052 -3.233330 -0.002265 0.056032 0.002854 13.604975 1.067974 -3.084331 -0.013390 0.211636 -0.033467 12.095635 1.647524 -10.198804 0.010113 0.088937 0.050410 2.061562 1.250385 3.461622 0.071702 0.114000 -0.018898 -11.687278 -20.309272 2.698962 0.122921 0.045205 -0.019046 -43.792758 -35.454296 -45.006910 0.255332 -0.015649 -0.022947 104.829402 -65.435965 146.711166 0.265709 0.012698 -0.007375 -23.288525 0.109810 7.981059 0.086691 -0.010636 -0.015594 5.951816 0.064859 -3.187838 -0.082954 0.112472 -0.023707 0.867171 20.654557 -4.322544 -0.113228 0.046853 -0.008472 -14.009206 23.588743 40.089447 -0.260128 -0.014369 -0.031268 -52.065289 138.749146 13.824328 -0.269108 0.006794 -0.006027 -8.431721 3.098842 -0.609950 -0.088754 -0.008652 -0.010107 2.314995 5.535537 7.353934 
-0.060608 0.259130 1.488081 -0.000000 0.000000 -0.000000 -0.062782 1.231854 1.516664 133.073505 2.565967 4.901091 0.058581 -0.082280 -0.017664 -38.768786 3.430537 1.991123 0.043451 -0.386470 0.008037 168.497611 -18.366700 0.328608 -0.014790 -0.426875 -0.037428 -22.923255 3.597322 10.874042 0.041054 -0.060286 0.122042 -28.309582 19.377067 2.029795 -0.060310 -0.090513 -0.013542 -35.808814 -5.913667 -3.649528 -0.043257 -0.383688 -0.004843 161.219908 12.064408 2.320753 0.019056 -0.420045 -0.034562 -25.453301 -12.863276 -5.204008 -0.034840 -0.062106 0.130323 -19.055408 13.453725 -10.112635 0.004439 0.124404 -0.038385 27.944157 -0.215422 10.033640 0.004488 0.137956 0.026820 16.344771 -4.445298 -3.205709 -0.002265 0.056032 0.002855 13.795586 1.328987 -3.413432 -0.013390 0.211635 -0.033468 12.090837 1.418759 -9.607768 0.010113 0.088937 0.050410 1.309857 0.906635 4.137918 0.071702 0.114000 -0.018898 -12.333796 -19.668464 2.899293 0.122921 0.045205 -0.019046 -43.342096 -35.006618 -47.369022 0.255332 -0.015649 -0.022946 109.810065 -61.486087 151.647726 0.265709 0.012698 -0.007375 -23.851587 -0.163629 7.849244 0.086691 -0.010636 -0.015594 5.857760 0.108665 -3.267169 -0.082954 0.112472 -0.023707 0.173674 19.791807 -4.166946 -0.113228 0.046853 -0.008472 -13.914221 23.655276 40.047971 -0.260127 -0.014369 -0.031269 -51.908266 138.887635 13.731230 -0.269108 0.006794 -0.006027 -8.438910 2.971856 -0.613302 -0.088754 -0.008652 -0.010107 2.170067 5.441298 7.494274 
-0.060837 0.259909 1.489211 -0.000000 0.000000 -0.000000 -0.063010 1.232632 1.517795 132.529439 3.034855 4.819179 0.058581 -0.082280 -0.017664 -39.210183 3.481607 2.732132 0.043451 -0.386470 0.008037 168.401647 -18.312285 0.440291 -0.014790 -0.426874 -0.037428 -22.751065 3.407728 10.497975 0.041054 -0.060285 0.122043 -28.424102 19.341168 2.286373 -0.060310 -0.090513 -0.013542 -35.141296 -6.040621 -3.839098 -0.043257 -0.383688 -0.004843 160.805179 12.078834 2.212565 0.019055 -0.420045 -0.034561 -25.456783 -12.612421 -5.106599 -0.034840 -0.062105 0.130323 -18.790156 13.180527 -10.554717 0.004439 0.124404 -0.038385 28.045062 -0.232407 10.503504 0.004488 0.137956 0.026821 17.004413 -4.306325 -3.110225 -0.002265 0.056033 0.002855 13.831137 1.567484 -3.642603 -0.013390 0.211636 -0.033468 12.045785 1.111440 -9.133139 0.010113 0.088937 0.050410 0.947341 0.514422 4.613707 0.071702 0.114000 -0.018899 -12.967668 -19.006589 2.987923 0.122921 0.045205 -0.019046 -43.043736 -34.367695 -49.843442 0.255332 -0.015649 -0.022947 113.365485 -57.731648 155.443522 0.265709 0.012698 -0.007375 -24.348815 -0.456143 7.672548 0.086690 -0.010636 -0.015594 5.763117 0.140829 -3.347272 -0.082954 0.112472 -0.023708 -0.430845 18.887563 -3.917530 -0.113228 0.046853 -0.008472 -13.664602 23.640314 40.024984 -0.260127 -0.014369 -0.031269 -51.751233 139.008830 13.703557 -0.269108 0.006794 -0.006027 -8.442285 2.879362 -0.615403 -0.088754 -0.008652 -0.010107 2.024737 5.343757 7.641406 
-0.060924 0.260623 1.490887 -0.000000 0.000000 -0.000000 -0.063097 1.233347 1.519471 132.032597 3.454930 4.762942 0.058581 -0.082280 -0.017664 -39.747979 3.513433 3.450420 0.043451 -0.386469 0.008037 168.291367 -18.255709 0.539574 -0.014790 -0.426874 -0.037428 -22.586128 3.198982 10.096831 0.041054 -0.060286 0.122042 -28.545444 19.322798 2.502543 -0.060310 -0.090513 -0.013542 -34.471128 -6.170045 -3.960843 -0.043257 -0.383688 -0.004843 160.401242 12.107626 2.117083 0.019056 -0.420046 -0.034562 -25.524834 -12.363135 -5.004406 -0.034840 -0.062105 0.130323 -18.483335 12.945846 -11.009876 0.004439 0.124404 -0.038385 28.157294 -0.252847 10.904704 0.004489 0.137957 0.026820 17.575364 -4.176742 -2.987000 -0.002265 0.056032 0.002855 13.762175 1.766853 -3.850305 -0.013390 0.211635 -0.033468 11.889879 0.728589 -8.765973 0.010113 0.088937 0.050410 0.937665 0.122099 4.845733 0.071702 0.114000 -0.018898 -13.473114 -18.316672 3.037200 0.122921 0.045205 -0.019046 -42.523142 -33.692995 -52.108579 0.255332 -0.015649 -0.022947 116.095594 -54.088801 158.445294 0.265709 0.012698 -0.007375 -24.779808 -0.765829 7.449698 0.086691 -0.010636 -0.015594 5.674957 0.167840 -3.414414 -0.082954 0.112472 -0.023708 -0.905975 17.943402 -3.603322 -0.113228 0.046853 -0.008472 -13.214904 23.519309 40.027303 -0.260127 -0.014369 -0.031269 -51.593644 139.117908 13.761352 -0.269109 0.006794 -0.006027 -8.436584 2.824750 -0.618702 -0.088754 -0.008651 -0.010107 1.880336 5.242520 7.792703 
-0.060902 0.261251 1.493105 -0.000000 0.000000 -0.000000 -0.063075 1.233975 1.521689 131.521986 3.795589 4.713602 0.058581 -0.082280 -0.017664 -40.367364 3.518076 4.137296 0.043451 -0.386470 0.008037 168.170568 -18.196380 0.627563 -0.014790 -0.426875 -0.037428 -22.437028 2.980514 9.678340 0.041054 -0.060286 0.122043 -28.676081 19.319462 2.683296 -0.060310 -0.090513 -0.013542 -33.792624 -6.309998 -4.001124 -0.043257 -0.383688 -0.004843 160.023341 12.151364 2.035710 0.019056 -0.420046 -0.034562 -25.654821 -12.126212 -4.901046 -0.034840 -0.062105 0.130323 -18.146486 12.751656 -11.471804 0.004439 0.124404 -0.038385 28.312095 -0.254661 11.193135 0.004488 0.137956 0.026821 18.068412 -4.043236 -2.822941 -0.002265 0.056032 0.002855 13.573200 1.948253 -3.970889 -0.013390 0.211635 -0.033467 11.632091 0.358524 -8.454216 0.010113 0.088937 0.050410 1.183349 -0.180012 4.923689 0.071702 0.114000 -0.018898 -13.880859 -17.633991 3.060380 0.122921 0.045205 -0.019046 -41.883280 -32.947917 -54.052297 0.255332 -0.015649 -0.022946 118.038510 -50.941661 160.722110 0.265709 0.012698 -0.007375 -25.146135 -1.071146 7.202840 0.086691 -0.010636 -0.015594 5.592101 0.186894 -3.469656 -0.082954 0.112472 -0.023707 -1.194872 17.007724 -3.245738 -0.113228 0.046854 -0.008472 -12.517986 23.320248 40.070589 -0.260127 -0.014369 -0.031269 -51.425584 139.245523 13.957404 -0.269108 0.006794 -0.006027 -8.422552 2.809615 -0.622398 -0.088754 -0.008652 -0.010107 1.738109 5.140408 7.950426 
-0.060661 0.262114 1.495088 -0.000000 0.000000 -0.000000 -0.062835 1.234838 1.523672 130.951488 3.953940 4.662086 0.058581 -0.082280 -0.017665 -41.055693 3.486384 4.783255 0.043452 -0.386469 0.008037 168.040849 -18.133908 0.705256 -0.014790 -0.426874 -0.037428 -22.311590 2.764675 9.249593 0.041054 -0.060286 0.122042 -28.817094 19.328081 2.835324 -0.060310 -0.090513 -0.013543 -33.093578 -6.472768 -3.985250 -0.043257 -0.383688 -0.004843 159.680807 12.208885 1.970137 0.019055 -0.420045 -0.034562 -25.841575 -11.916074 -4.799902 -0.034840 -0.062105 0.130323 -17.792583 12.600466 -11.934612 0.004439 0.124403 -0.038385 28.508392 -0.230221 11.315161 0.004488 0.137957 0.026820 18.430752 -3.904683 -2.625654 -0.002265 0.056033 0.002855 13.149237 2.097561 -4.000777 -0.013390 0.211636 -0.033468 11.247512 0.078645 -8.232359 0.010113 0.088937 0.050410 1.587800 -0.354409 4.881174 0.071702 0.114000 -0.018898 -14.154096 -17.061990 3.121236 0.122921 0.045205 -0.019046 -41.152542 -32.225536 -55.637621 0.255332 -0.015649 -0.022947 119.305592 -48.573727 162.268069 0.265709 0.012698 -0.007374 -25.448011 -1.350750 6.949409 0.086691 -0.010636 -0.015594 5.513567 0.195670 -3.511498 -0.082954 0.112472 -0.023708 -1.334724 16.141492 -2.899269 -0.113229 0.046853 -0.008472 -11.695038 23.086938 40.117994 -0.260127 -0.014369 -0.031269 -51.231019 139.438927 14.210942 -0.269108 0.006794 -0.006026 -8.402348 2.831489 -0.627646 -0.088754 -0.008652 -0.010107 1.598709 5.039361 8.118351 
-0.061218 0.263457 1.498065 -0.000000 0.000000 -0.000000 -0.063391 1.236181 1.526649 130.339325 3.989861 4.726460 0.058581 -0.082280 -0.017664 -41.793835 3.420534 5.374294 0.043451 -0.386470 0.008037 167.908275 -18.068837 0.773664 -0.014790 -0.426874 -0.037428 -22.215371 2.554290 8.812757 0.041054 -0.060286 0.122042 -28.965869 19.340271 2.965913 -0.060310 -0.090513 -0.013542 -32.389891 -6.655732 -3.947997 -0.043257 -0.383688 -0.004843 159.378503 12.278389 1.920635 0.019056 -0.420045 -0.034562 -26.081987 -11.738308 -4.703869 -0.034840 -0.062106 0.130323 -17.426975 12.496348 -12.397033 0.004439 0.124404 -0.038385 28.816486 -0.137014 11.277720 0.004488 0.137957 0.026820 18.781039 -3.749136 -2.435787 -0.002265 0.056032 0.002855 12.708207 2.218879 -4.105912 -0.013390 0.211636 -0.033467 10.795245 -0.225921 -7.955961 0.010113 0.088938 0.050410 2.146710 -0.431669 4.793355 0.071703 0.114000 -0.018898 -14.131713 -16.501466 3.084555 0.122921 0.045205 -0.019046 -40.036547 -31.296159 -56.758544 0.255332 -0.015649 -0.022947 120.108439 -46.950942 163.349834 0.265709 0.012698 -0.007375 -25.691084 -1.602063 6.700048 0.086691 -0.010636 -0.015594 5.439234 0.195884 -3.542242 -0.082954 0.112473 -0.023707 -1.382306 15.374892 -2.589611 -0.113228 0.046853 -0.008472 -10.915001 22.815791 40.183779 -0.260127 -0.014369 -0.031269 -51.004103 139.710112 14.388909 -0.269108 0.006794 -0.006027 -8.380829 2.884117 -0.641352 -0.088754 -0.008652 -0.010107 1.460330 4.938812 8.302232 
-0.061927 0.265282 1.500578 -0.000000 0.000000 -0.000000 -0.064101 1.238005 1.529162 129.865378 3.950045 4.844725 0.058581 -0.082280 -0.017664 -42.583337 3.322286 5.901037 0.043451 -0.386469 0.008037 167.782217 -18.000376 0.834741 -0.014790 -0.426874 -0.037428 -22.147056 2.364226 8.374896 0.041054 -0.060286 0.122042 -29.121287 19.352289 3.080651 -0.060310 -0.090513 -0.013543 -31.741911 -6.852662 -3.920972 -0.043257 -0.383688 -0.004843 159.134064 12.359665 1.884741 0.019055 -0.420045 -0.034562 -26.365768 -11.607742 -4.614904 -0.034840 -0.062106 0.130323 -17.065021 12.444077 -12.854583 0.004439 0.124404 -0.038385 29.250507 0.040873 11.090198 0.004488 0.137957 0.026821 19.044138 -3.550437 -2.219816 -0.002265 0.056032 0.002855 12.164894 2.350286 -4.222669 -0.013390 0.211636 -0.033468 10.284326 -0.563412 -7.637400 0.010113 0.088937 0.050410 2.780085 -0.431905 4.683502 0.071702 0.114000 -0.018899 -13.793050 -15.971294 3.018019 0.122921 0.045205 -0.019046 -38.553901 -30.119731 -57.312350 0.255332 -0.015649 -0.022947 120.475808 -46.238455 164.003156 0.265709 0.012698 -0.007375 -25.875957 -1.811795 6.466996 0.086691 -0.010636 -0.015594 5.366004 0.185193 -3.568729 -0.082954 0.112472 -0.023708 -1.354813 14.742137 -2.410789 -0.113228 0.046853 -0.008472 -10.239222 22.523724 40.226990 -0.260128 -0.014369 -0.031269 -50.740219 140.079025 14.463002 -0.269108 0.006794 -0.006027 -8.360285 2.966807 -0.669363 -0.088754 -0.008651 -0.010107 1.324409 4.841542 8.500971 
-0.062139 0.266879 1.502820 -0.000000 0.000000 -0.000000 -0.064313 1.239603 1.531404 129.556954 3.751126 4.801810 0.058581 -0.082280 -0.017664 -43.419902 3.199744 6.351547 0.043451 -0.386469 0.008037 167.668030 -17.928939 0.889418 -0.014790 -0.426874 -0.037428 -22.105272 2.208403 7.944715 0.041054 -0.060286 0.122042 -29.282742 19.359350 3.184176 -0.060310 -0.090513 -0.013542 -31.230951 -7.047489 -3.887781 -0.043257 -0.383688 -0.004843 158.956971 12.452409 1.859011 0.019056 -0.420046 -0.034562 -26.684564 -11.536155 -4.534821 -0.034840 -0.062106 0.130323 -16.722402 12.447284 -13.303265 0.004439 0.124404 -0.038385 29.818451 0.221919 10.761781 0.004488 0.137956 0.026821 19.199172 -3.378389 -1.919933 -0.002265 0.056032 0.002855 11.530564 2.360053 -4.239475 -0.013390 0.211636 -0.033468 9.772387 -0.816872 -7.487814 0.010113 0.088938 0.050409 3.392940 -0.353744 4.511842 0.071702 0.114000 -0.018899 -13.149554 -15.702006 3.023318 0.122921 0.045205 -0.019046 -36.965889 -28.975660 -57.534645 0.255332 -0.015649 -0.022947 120.478185 -46.373928 164.128080 0.265709 0.012698 -0.007375 -25.998244 -1.968313 6.257233 0.086691 -0.010636 -0.015594 5.293137 0.164423 -3.592132 -0.082954 0.112472 -0.023708 -1.219428 14.278952 -2.368263 -0.113228 0.046853 -0.008472 -9.667495 22.213078 40.323446 -0.260127 -0.014369 -0.031269 -50.445342 140.537071 14.461498 -0.269108 0.006794 -0.006027 -8.341849 3.077755 -0.713458 -0.088754 -0.008651 -0.010107 1.192882 4.750761 8.713420 
-0.061950 0.268441 1.505399 -0.000000 0.000000 -0.000000 -0.064123 1.241164 1.533982 129.217617 3.545090 4.668700 0.058581 -0.082280 -0.017665 -44.301246 3.060892 6.718673 0.043451 -0.386469 0.008037 167.573528 -17.854673 0.939568 -0.014790 -0.426874 -0.037428 -22.088308 2.087665 7.526399 0.041054 -0.060286 0.122042 -29.447176 19.355428 3.283510 -0.060310 -0.090513 -0.013543 -30.999732 -7.217500 -3.869849 -0.043257 -0.383688 -0.004843 158.849327 12.555532 1.840326 0.019056 -0.420046 -0.034562 -27.029756 -11.523650 -4.463009 -0.034840 -0.062106 0.130323 -16.405334 12.508249 -13.742762 0.004439 0.124404 -0.038386 30.488810 0.450761 10.343901 0.004488 0.137956 0.026820 19.226802 -3.166901 -1.503013 -0.002265 0.056032 0.002854 10.811269 2.368529 -4.186923 -0.013390 0.211636 -0.033468 9.270700 -1.054298 -7.417289 0.010113 0.088937 0.050410 3.919958 -0.261222 4.371563 0.071702 0.114000 -0.018898 -12.176362 -15.532810 3.017111 0.122921 0.045205 -0.019046 -35.178544 -27.591015 -57.296661 0.255332 -0.015649 -0.022947 120.236683 -47.130802 164.077714 0.265709 0.012698 -0.007375 -26.063187 -2.083339 6.075618 0.086690 -0.010636 -0.015594 5.217517 0.137502 -3.622115 -0.082954 0.112472 -0.023708 -1.017395 13.939702 -2.470068 -0.113228 0.046853 -0.008472 -9.290145 21.783915 40.495915 -0.260128 -0.014369 -0.031269 -50.148420 141.011427 14.293154 -0.269108 0.006794 -0.006027 -8.330083 3.212904 -0.781927 -0.088754 -0.008652 -0.010107 1.065845 4.668224 8.941614 
-0.062114 0.269928 1.508694 -0.000000 0.000000 -0.000000 -0.064287 1.242652 1.537278 128.998190 3.387536 4.626637 0.058581 -0.082280 -0.017664 -45.232818 2.914684 6.995386 0.043451 -0.386469 0.008037 167.503791 -17.776812 0.986629 -0.014790 -0.426874 -0.037428 -22.092747 2.006107 7.125595 0.041054 -0.060286 0.122042 -29.613528 19.336095 3.385096 -0.060310 -0.090513 -0.013543 -31.231631 -7.336040 -3.862049 -0.043257 -0.383688 -0.004843 158.816788 12.670129 1.824517 0.019056 -0.420046 -0.034562 -27.391191 -11.571217 -4.399917 -0.034840 -0.062105 0.130323 -16.125841 12.625259 -14.168741 0.004439 0.124403 -0.038385 31.368036 0.710941 9.884743 0.004488 0.137956 0.026820 19.225543 -2.956760 -0.993476 -0.002265 0.056033 0.002855 10.266439 2.270891 -4.247327 -0.013390 0.211636 -0.033468 8.596121 -1.265129 -7.341730 0.010113 0.088937 0.050410 4.254053 -0.174411 4.329979 0.071702 0.114000 -0.018898 -10.583192 -15.535142 2.970356 0.122921 0.045205 -0.019046 -32.717648 -26.137433 -56.649271 0.255332 -0.015649 -0.022947 120.047979 -47.811809 163.812607 0.265709 0.012698 -0.007375 -26.064012 -2.170373 5.909001 0.086691 -0.010636 -0.015594 5.142551 0.117427 -3.651816 -0.082954 0.112472 -0.023708 -0.815272 13.766888 -2.797915 -0.113228 0.046853 -0.008472 -9.238276 21.328382 40.775669 -0.260128 -0.014369 -0.031269 -49.861467 141.492191 13.939392 -0.269108 0.006794 -0.006027 -8.327777 3.363504 -0.877574 -0.088754 -0.008652 -0.010107 0.947264 4.592265 9.180594 
-0.061591 0.271525 1.511748 -0.000000 0.000000 -0.000000 -0.063764 1.244249 1.540332 128.652801 3.173846 4.487947 0.058581 -0.082280 -0.017664 -46.219385 2.766636 7.184154 0.043451 -0.386470 0.008037 167.462237 -17.695801 1.030768 -0.014790 -0.426874 -0.037428 -22.114665 1.974383 6.753732 0.041054 -0.060286 0.122042 -29.781056 19.305002 3.498039 -0.060310 -0.090513 -0.013542 -32.067496 -7.384226 -3.856732 -0.043257 -0.383688 -0.004843 158.861239 12.796773 1.808524 0.019056 -0.420045 -0.034562 -27.751393 -11.680231 -4.346332 -0.034840 -0.062105 0.130323 -15.901372 12.785283 -14.569565 0.004439 0.124404 -0.038385 32.425804 0.950164 9.409350 0.004488 0.137956 0.026820 19.096504 -2.764844 -0.303751 -0.002265 0.056032 0.002855 9.701720 2.030185 -4.247074 -0.013390 0.211636 -0.033468 7.807354 -1.199950 -7.505540 0.010113 0.088937 0.050410 4.408835 -0.005671 4.331202 0.071703 0.114000 -0.018898 -8.605296 -15.914151 3.040995 0.122921 0.045205 -0.019046 -30.103898 -24.920425 -55.658966 0.255332 -0.015649 -0.022946 119.960825 -48.299532 163.347362 0.265709 0.012698 -0.007375 -25.993627 -2.218472 5.772872 0.086691 -0.010636 -0.015594 5.063772 0.110015 -3.688657 -0.082954 0.112472 -0.023708 -0.559563 13.777277 -3.373610 -0.113228 0.046853 -0.008472 -9.395175 20.896393 41.179576 -0.260127 -0.014369 -0.031268 -49.599772 141.945278 13.559259 -0.269108 0.006794 -0.006027 -8.340705 3.528086 -0.994093 -0.088754 -0.008652 -0.010107 0.842770 4.524971 9.425883 
-0.061403 0.273071 1.514089 -0.000000 0.000000 -0.000000 -0.063577 1.245795 1.542673 128.375714 3.032783 4.325492 0.058581 -0.082280 -0.017664 -47.239456 2.622875 7.283418 0.043451 -0.386469 0.008037 167.450926 -17.611274 1.073293 -0.014790 -0.426874 -0.037428 -22.154687 1.992773 6.419071 0.041054 -0.060286 0.122042 -29.946022 19.260840 3.633951 -0.060310 -0.090513 -0.013542 -33.462722 -7.366047 -3.856128 -0.043257 -0.383688 -0.004843 158.973404 12.932204 1.792075 0.019056 -0.420045 -0.034562 -28.094918 -11.840898 -4.302473 -0.034840 -0.062105 0.130323 -15.740791 12.974347 -14.938366 0.004439 0.124404 -0.038385 33.850274 1.208174 8.944177 0.004488 0.137956 0.026820 19.008799 -2.584271 0.544597 -0.002265 0.056033 0.002855 9.329238 1.628797 -4.355093 -0.013390 0.211635 -0.033468 6.961475 -0.950071 -7.783374 0.010113 0.088937 0.050410 4.462971 0.184478 4.472929 0.071702 0.114000 -0.018898 -6.278298 -16.534377 3.042183 0.122921 0.045205 -0.019046 -27.368016 -23.579435 -54.270716 0.255332 -0.015649 -0.022947 119.979513 -48.635342 162.994487 0.265709 0.012698 -0.007375 -25.855982 -2.227746 5.687169 0.086691 -0.010636 -0.015594 4.972632 0.118017 -3.752092 -0.082954 0.112472 -0.023708 -0.292108 13.983526 -4.205360 -0.113228 0.046853 -0.008472 -9.808082 20.544222 41.730093 -0.260127 -0.014369 -0.031269 -49.364356 142.359270 13.164408 -0.269109 0.006794 -0.006027 -8.382880 3.696878 -1.130215 -0.088754 -0.008652 -0.010107 0.753979 4.465081 9.682839 
-0.061511 0.274654 1.515841 -0.000000 0.000000 -0.000000 -0.063684 1.247378 1.544425 127.962515 2.903644 4.208592 0.058581 -0.082280 -0.017664 -48.274493 2.482561 7.302341 0.043451 -0.386469 0.008037 167.471416 -17.521747 1.116165 -0.014790 -0.426874 -0.037428 -22.211688 2.058514 6.126213 0.041054 -0.060286 0.122042 -30.104752 19.203394 3.801372 -0.060310 -0.090513 -0.013543 -35.266364 -7.305202 -3.848982 -0.043257 -0.383688 -0.004843 159.150224 13.072981 1.775988 0.019056 -0.420046 -0.034562 -28.407397 -12.042407 -4.267766 -0.034840 -0.062106 0.130324 -15.646189 13.181180 -15.270782 0.004439 0.124404 -0.038385 35.531351 1.476893 8.484229 0.004488 0.137956 0.026820 18.867385 -2.406898 1.525843 -0.002265 0.056033 0.002855 8.930853 1.073330 -4.618769 -0.013390 0.211635 -0.033467 5.989256 -0.456976 -8.219363 0.010113 0.088938 0.050409 4.416770 0.376418 4.769181 0.071702 0.113999 -0.018898 -3.788954 -17.447054 2.888570 0.122921 0.045205 -0.019046 -24.938518 -22.149503 -52.787103 0.255332 -0.015649 -0.022946 120.131211 -48.772182 162.933152 0.265709 0.012698 -0.007375 -25.655304 -2.199738 5.659865 0.086691 -0.010636 -0.015594 4.862055 0.143538 -3.848486 -0.082954 0.112472 -0.023707 -0.014270 14.376974 -5.238233 -0.113228 0.046853 -0.008472 -10.438629 20.285908 42.451904 -0.260128 -0.014369 -0.031269 -49.158118 142.721488 12.796249 -0.269108 0.006794 -0.006027 -8.455017 3.865326 -1.283603 -0.088754 -0.008652 -0.010107 0.680526 4.410561 9.950119 
-0.061074 0.276547 1.516699 -0.000000 0.000000 -0.000000 -0.063247 1.249270 1.545282 127.441385 2.733737 4.027980 0.058581 -0.082280 -0.017664 -49.308601 2.343448 7.248697 0.043451 -0.386470 0.008037 167.527178 -17.428416 1.159197 -0.014790 -0.426874 -0.037428 -22.281834 2.165676 5.878719 0.041054 -0.060286 0.122042 -30.253794 19.134483 4.000067 -0.060310 -0.090513 -0.013543 -37.330167 -7.218221 -3.814250 -0.043257 -0.383688 -0.004843 159.391344 13.215178 1.759887 0.019055 -0.420045 -0.034562 -28.679633 -12.276103 -4.240574 -0.034840 -0.062105 0.130324 -15.612964 13.393853 -15.565815 0.004439 0.124404 -0.038385 37.418949 1.735107 7.996990 0.004488 0.137956 0.026820 18.629536 -2.241523 2.643518 -0.002265 0.056032 0.002855 8.387451 0.364354 -4.943775 -0.013390 0.211635 -0.033468 5.069112 0.296000 -8.867922 0.010113 0.088938 0.050410 4.412061 0.579221 5.168367 0.071702 0.114000 -0.018898 -1.417287 -18.648513 2.595142 0.122921 0.045205 -0.019046 -23.278459 -20.693431 -51.304191 0.255332 -0.015649 -0.022946 120.395089 -48.746842 163.339316 0.265709 0.012698 -0.007375 -25.397973 -2.136416 5.695658 0.086691 -0.010636 -0.015594 4.723981 0.186718 -3.985021 -0.082954 0.112472 -0.023707 0.314278 14.896552 -6.436207 -0.113228 0.046853 -0.008472 -11.142904 20.055445 43.282516 -0.260128 -0.014369 -0.031269 -48.992657 142.989901 12.521881 -0.269108 0.006794 -0.006027 -8.552094 4.034877 -1.445893 -0.088754 -0.008651 -0.010107 0.619864 4.361606 10.228125 
-0.060684 0.278928 1.517048 -0.000000 0.000000 -0.000000 -0.062858 1.251651 1.545632 126.821559 2.593569 3.804322 0.058581 -0.082280 -0.017664 -50.330308 2.201865 7.133586 0.043452 -0.386469 0.008037 167.620834 -17.331970 1.202605 -0.014790 -0.426874 -0.037428 -22.361384 2.299313 5.673874 0.041054 -0.060286 0.122043 -30.388249 19.055205 4.229219 -0.060310 -0.090513 -0.013543 -39.566541 -7.114686 -3.741518 -0.043257 -0.383688 -0.004843 159.692760 13.353697 1.741766 0.019056 -0.420045 -0.034562 -28.907857 -12.528773 -4.219481 -0.034840 -0.062106 0.130323 -15.630444 13.602931 -15.824372 0.004439 0.124404 -0.038385 39.391576 2.029782 7.465417 0.004488 0.137957 0.026820 18.244615 -2.013401 3.910346 -0.002265 0.056032 0.002855 7.659359 -0.310949 -5.188300 -0.013390 0.211636 -0.033467 4.214437 1.148614 -9.673491 0.010113 0.088938 0.050409 4.502910 0.681242 5.640361 0.071702 0.114000 -0.018898 0.764914 -19.979126 2.202449 0.122921 0.045205 -0.019046 -22.397432 -19.115393 -49.958661 0.255332 -0.015649 -0.022947 120.597932 -48.888933 164.062428 0.265709 0.012698 -0.007375 -25.092766 -2.043441 5.788081 0.086690 -0.010636 -0.015594 4.549157 0.233626 -4.160890 -0.082954 0.112472 -0.023707 0.703730 15.483778 -7.785198 -0.113228 0.046853 -0.008472 -11.854580 19.819093 44.174641 -0.260128 -0.014369 -0.031268 -48.871704 143.140329 12.353230 -0.269108 0.006794 -0.006027 -8.660148 4.205620 -1.610617 -0.088753 -0.008652 -0.010107 0.565104 4.319140 10.514968 
-0.059853 0.281065 1.517406 -0.000000 0.000000 -0.000000 -0.062027 1.253789 1.545989 126.268054 2.401957 3.587431 0.058581 -0.082280 -0.017664 -51.310724 2.049916 6.977036 0.043451 -0.386469 0.008037 167.748340 -17.231521 1.247253 -0.014790 -0.426874 -0.037428 -22.450682 2.448553 5.509702 0.041054 -0.060286 0.122043 -30.503294 18.963815 4.491792 -0.060310 -0.090514 -0.013543 -41.871385 -7.018766 -3.626712 -0.043257 -0.383688 -0.004843 160.045320 13.485007 1.720412 0.019056 -0.420046 -0.034562 -29.088645 -12.786372 -4.204422 -0.034840 -0.062106 0.130324 -15.689494 13.795093 -16.047185 0.004439 0.124403 -0.038386 41.516369 2.339344 6.833707 0.004488 0.137956 0.026821 17.806305 -1.766104 5.269334 -0.002265 0.056032 0.002855 6.853472 -1.032772 -5.393166 -0.013390 0.211635 -0.033468 3.375358 2.095601 -10.573102 0.010113 0.088938 0.050410 4.660121 0.731941 6.132539 0.071702 0.114000 -0.018898 2.837909 -21.412148 1.793463 0.122921 0.045205 -0.019046 -21.947556 -17.589626 -48.579714 0.255332 -0.015649 -0.022947 120.772566 -49.138164 164.825060 0.265710 0.012698 -0.007375 -24.747322 -1.927746 5.926774 0.086690 -0.010636 -0.015594 4.335605 0.286260 -4.358741 -0.082954 0.112472 -0.023707 1.085152 16.099550 -9.295717 -0.113228 0.046853 -0.008472 -12.614486 19.580670 45.058539 -0.260128 -0.014370 -0.031269 -48.785685 143.190763 12.218750 -0.269108 0.006794 -0.006027 -8.771379 4.370035 -1.773795 -0.088754 -0.008652 -0.010107 0.513562 4.280540 10.805305 
-0.059154 0.282814 1.518476 -0.000000 0.000000 -0.000000 -0.061328 1.255538 1.547059 125.738988 2.170754 3.371512 0.058581 -0.082280 -0.017664 -52.231088 1.888934 6.789784 0.043451 -0.386469 0.008037 167.904286 -17.128637 1.292296 -0.014790 -0.426874 -0.037428 -22.549077 2.603408 5.383349 0.041054 -0.060286 0.122043 -30.596259 18.859966 4.786794 -0.060310 -0.090513 -0.013543 -44.155394 -6.943764 -3.466747 -0.043257 -0.383688 -0.004843 160.439122 13.606755 1.695687 0.019056 -0.420046 -0.034562 -29.220369 -13.038536 -4.193819 -0.034840 -0.062105 0.130323 -15.782561 13.961103 -16.235402 0.004439 0.124404 -0.038385 43.740880 2.672620 6.092665 0.004488 0.137956 0.026820 17.323086 -1.476110 6.712450 -0.002264 0.056032 0.002855 5.985303 -1.730103 -5.495943 -0.013390 0.211636 -0.033468 2.463167 3.180489 -11.554835 0.010113 0.088937 0.050410 4.809346 0.784712 6.576003 0.071702 0.114000 -0.018898 4.821020 -22.938847 1.405085 0.122921 0.045205 -0.019046 -21.787817 -16.242998 -47.275694 0.255332 -0.015649 -0.022947 120.889717 -49.539523 165.403440 0.265710 0.012698 -0.007375 -24.366763 -1.793651 6.100108 0.086691 -0.010636 -0.015594 4.081350 0.340714 -4.569136 -0.082954 0.112472 -0.023707 1.436008 16.736810 -10.916538 -0.113228 0.046853 -0.008472 -13.429824 19.367015 45.947509 -0.260128 -0.014369 -0.031269 -48.727591 143.158306 12.104716 -0.269109 0.006794 -0.006027 -8.876835 4.523941 -1.927593 -0.088754 -0.008652 -0.010107 0.461029 4.244630 11.096850 
-0.058156 0.284694 1.519092 -0.000000 0.000000 -0.000000 -0.060330 1.257418 1.547676 125.194895 1.865345 3.159067 0.058581 -0.082280 -0.017664 -53.082215 1.719660 6.577193 0.043451 -0.386469 0.008037 168.083825 -17.024646 1.336226 -0.014790 -0.426874 -0.037428 -22.653542 2.765739 5.297231 0.041054 -0.060286 0.122042 -30.667816 18.743812 5.107017 -0.060310 -0.090513 -0.013542 -46.362597 -6.898062 -3.263611 -0.043257 -0.383688 -0.004843 160.867047 13.716631 1.666891 0.019056 -0.420046 -0.034562 -29.299288 -13.288393 -4.186116 -0.034840 -0.062106 0.130323 -15.908178 14.094753 -16.392109 0.004439 0.124403 -0.038385 46.025260 3.003980 5.224656 0.004488 0.137956 0.026820 16.738101 -1.169931 8.188445 -0.002265 0.056032 0.002855 4.910959 -2.425140 -5.548883 -0.013390 0.211636 -0.033468 1.674088 4.332482 -12.499884 0.010113 0.088938 0.050410 5.039731 0.901808 6.969348 0.071703 0.114000 -0.018898 6.432602 -24.507982 0.845769 0.122921 0.045205 -0.019046 -22.383828 -14.974488 -46.243748 0.255332 -0.015649 -0.022946 120.955260 -50.109826 166.180565 0.265709 0.012698 -0.007375 -23.958340 -1.643902 6.312189 0.086690 -0.010636 -0.015594 3.780648 0.396662 -4.809155 -0.082954 0.112473 -0.023707 1.714257 17.384889 -12.635361 -0.113228 0.046854 -0.008472 -14.351301 19.189461 46.850221 -0.260127 -0.014369 -0.031269 -48.693648 143.054501 11.974689 -0.269108 0.006794 -0.006027 -8.976996 4.666302 -2.066343 -0.088754 -0.008652 -0.010107 0.403477 4.214398 11.394572 
-0.057407 0.285652 1.519657 -0.000000 0.000000 -0.000000 -0.059581 1.258376 1.548241 125.038989 1.510494 3.001760 0.058581 -0.082280 -0.017664 -53.847603 1.542012 6.341001 0.043451 -0.386469 0.008037 168.279004 -16.920549 1.377637 -0.014790 -0.426874 -0.037428 -22.767469 2.924785 5.244054 0.041054 -0.060286 0.122043 -30.715859 18.612023 5.451692 -0.060310 -0.090514 -0.013543 -48.427752 -6.881522 -3.018791 -0.043257 -0.383688 -0.004843 161.318236 13.812517 1.632866 0.019056 -0.420045 -0.034562 -29.330239 -13.525065 -4.178047 -0.034840 -0.062105 0.130323 -16.060157 14.190566 -16.519251 0.004439 0.124403 -0.038385 48.475837 3.315742 4.229393 0.004488 0.137957 0.026820 16.227136 -0.877694 9.635539 -0.002265 0.056033 0.002855 3.950503 -3.206598 -5.646250 -0.013390 0.211635 -0.033468 0.671681 5.558620 -13.255616 0.010113 0.088937 0.050410 5.117872 1.112675 7.285547 0.071702 0.114000 -0.018898 8.064913 -26.098013 0.199999 0.122921 0.045205 -0.019046 -22.881549 -13.819220 -45.397744 0.255332 -0.015649 -0.022947 120.903774 -50.983657 166.512376 0.265709 0.012698 -0.007374 -23.520716 -1.492035 6.533229 0.086691 -0.010636 -0.015594 3.438597 0.443160 -5.060059 -0.082954 0.112472 -0.023708 1.877379 18.040307 -14.490970 -0.113228 0.046853 -0.008472 -15.426694 19.100364 47.740686 -0.260128 -0.014369 -0.031269 -48.676422 142.914127 11.805188 -0.269108 0.006794 -0.006027 -9.062889 4.790718 -2.182898 -0.088754 -0.008652 -0.010107 0.339447 4.189081 11.694555 
-0.056574 0.287154 1.520490 -0.000000 0.000000 -0.000000 -0.058748 1.259878 1.549074 124.748419 1.103450 2.833180 0.058581 -0.082280 -0.017664 -54.522610 1.359275 6.089809 0.043451 -0.386470 0.008037 168.484648 -16.816380 1.416456 -0.014790 -0.426874 -0.037428 -22.887126 3.085043 5.224133 0.041054 -0.060286 0.122042 -30.739734 18.462423 5.812970 -0.060310 -0.090514 -0.013543 -50.303766 -6.891859 -2.727631 -0.043257 -0.383688 -0.004843 161.783030 13.892834 1.593028 0.019056 -0.420046 -0.034562 -29.316603 -13.752115 -4.166274 -0.034840 -0.062106 0.130323 -16.236053 14.246397 -16.619816 0.004439 0.124403 -0.038385 50.838235 3.625104 3.153038 0.004488 0.137957 0.026820 15.609784 -0.533272 11.099207 -0.002265 0.056033 0.002855 2.809408 -3.857415 -5.553782 -0.013390 0.211635 -0.033468 -0.165500 6.886986 -14.081806 0.010113 0.088938 0.050410 5.180366 1.467223 7.389742 0.071702 0.114000 -0.018898 9.383721 -27.591784 -0.327841 0.122922 0.045205 -0.019046 -23.701328 -12.865632 -44.405857 0.255332 -0.015649 -0.022947 120.841606 -51.922548 166.799298 0.265709 0.012698 -0.007375 -23.057515 -1.339512 6.760770 0.086691 -0.010636 -0.015594 3.057988 0.487441 -5.326673 -0.082954 0.112472 -0.023707 2.008451 18.670725 -16.419966 -0.113228 0.046853 -0.008472 -16.485577 19.052971 48.610900 -0.260127 -0.014369 -0.031269 -48.681528 142.718988 11.690163 -0.269108 0.006794 -0.006027 -9.129799 4.903727 -2.270296 -0.088754 -0.008652 -0.010107 0.267901 4.171362 11.995049 
-0.055647 0.287214 1.521219 -0.000000 0.000000 -0.000000 -0.057821 1.259938 1.549803 124.720074 0.702381 2.638596 0.058581 -0.082280 -0.017664 -55.093911 1.182112 5.823777 0.043451 -0.386470 0.008037 168.688802 -16.712423 1.451543 -0.014790 -0.426874 -0.037428 -23.008274 3.246625 5.232750 0.041054 -0.060286 0.122043 -30.737374 18.290268 6.183481 -0.060310 -0.090513 -0.013543 -51.939327 -6.925093 -2.395423 -0.043257 -0.383687 -0.004843 162.245584 13.955306 1.548124 0.019056 -0.420046 -0.034562 -29.262381 -13.971283 -4.149024 -0.034840 -0.062105 0.130323 -16.429455 14.266185 -16.700938 0.004439 0.124404 -0.038385 53.238927 3.906378 2.019562 0.004488 0.137957 0.026820 15.025690 -0.174808 12.523888 -0.002265 0.056032 0.002855 1.730790 -4.464649 -5.359947 -0.013390 0.211635 -0.033467 -0.986537 8.137439 -14.755405 0.010113 0.088937 0.050410 5.094834 1.881036 7.366061 0.071702 0.114000 -0.018898 10.499291 -28.952745 -0.909508 0.122922 0.045205 -0.019046 -24.629816 -11.950893 -43.476743 0.255332 -0.015649 -0.022946 120.681492 -53.110134 166.899702 0.265709 0.012698 -0.007375 -22.572262 -1.192171 6.981890 0.086690 -0.010636 -0.015594 2.641390 0.519900 -5.608460 -0.082954 0.112472 -0.023707 2.068376 19.310982 -18.382657 -0.113228 0.046853 -0.008472 -17.620305 19.095121 49.495365 -0.260128 -0.014369 -0.031269 -48.689304 142.533945 11.566653 -0.269108 0.006794 -0.006027 -9.173407 5.000174 -2.330814 -0.088754 -0.008652 -0.010107 0.184491 4.160738 12.296647 
-0.054712 0.286646 1.520823 -0.000000 0.000000 -0.000000 -0.056886 1.259370 1.549406 124.945415 0.304455 2.425935 0.058581 -0.082280 -0.017664 -55.545670 1.013463 5.550076 0.043451 -0.386470 0.008037 168.877616 -16.610110 1.480300 -0.014790 -0.426874 -0.037428 -23.127196 3.410249 5.264935 0.041054 -0.060286 0.122042 -30.708455 18.094365 6.555765 -0.060310 -0.090513 -0.013542 -53.300337 -6.984160 -2.028299 -0.043257 -0.383688 -0.004843 162.687743 13.998377 1.499896 0.019056 -0.420046 -0.034562 -29.169423 -14.185070 -4.123899 -0.034840 -0.062105 0.130323 -16.632662 14.252820 -16.768050 0.004439 0.124404 -0.038385 55.682448 4.140925 0.826634 0.004488 0.137956 0.026821 14.462420 0.180272 13.854555 -0.002265 0.056032 0.002855 0.621931 -5.021675 -5.117351 -0.013390 0.211636 -0.033467 -1.927893 9.331659 -15.219359 0.010113 0.088937 0.050410 4.773421 2.369028 7.218305 0.071702 0.114000 -0.018898 11.392633 -30.203144 -1.524669 0.122921 0.045205 -0.019046 -25.606789 -11.178817 -42.526418 0.255332 -0.015649 -0.022946 120.481108 -54.390367 166.811292 0.265709 0.012698 -0.007375 -22.065877 -1.054062 7.180442 0.086690 -0.010636 -0.015594 2.195581 0.545858 -5.898581 -0.082954 0.112472 -0.023707 2.049707 19.980605 -20.328250 -0.113228 0.046854 -0.008472 -18.813184 19.264757 50.314537 -0.260128 -0.014369 -0.031269 -48.678963 142.435016 11.427709 -0.269108 0.006794 -0.006027 -9.188677 5.080815 -2.361650 -0.088754 -0.008651 -0.010107 0.089268 4.153811 12.595578 
-0.052370 0.284340 1.519287 -0.000000 0.000000 -0.000000 -0.054544 1.257064 1.547871 125.551745 -0.181168 1.920285 0.058581 -0.082280 -0.017664 -55.872293 0.856233 5.273662 0.043451 -0.386469 0.008037 169.041349 -16.510632 1.500895 -0.014790 -0.426874 -0.037428 -23.238243 3.571984 5.314024 0.041054 -0.060286 0.122043 -30.656150 17.875775 6.916317 -0.060310 -0.090513 -0.013543 -54.390702 -7.065683 -1.639803 -0.043257 -0.383689 -0.004843 163.091066 14.021550 1.451354 0.019056 -0.420046 -0.034562 -29.042832 -14.395805 -4.086399 -0.034840 -0.062106 0.130323 -16.834558 14.216537 -16.827086 0.004439 0.124404 -0.038385 58.057940 4.244903 -0.427141 0.004488 0.137956 0.026821 13.931464 0.447876 15.085468 -0.002265 0.056033 0.002855 -0.387652 -5.674133 -4.677421 -0.013390 0.211636 -0.033468 -2.927402 10.565562 -15.618194 0.010113 0.088937 0.050410 4.262310 2.950909 6.922873 0.071702 0.113999 -0.018898 12.224566 -31.409602 -1.938409 0.122921 0.045205 -0.019046 -26.280903 -10.814330 -41.634572 0.255332 -0.015649 -0.022947 120.232039 -55.662985 166.128601 0.265709 0.012698 -0.007375 -21.532827 -0.929564 7.324680 0.086691 -0.010636 -0.015594 1.729205 0.558918 -6.178295 -0.082954 0.112472 -0.023707 2.007910 20.599869 -22.129548 -0.113228 0.046853 -0.008472 -19.910242 19.436188 51.042711 -0.260128 -0.014369 -0.031269 -48.671552 142.360130 11.279616 -0.269108 0.006794 -0.006027 -9.161473 5.156555 -2.359235 -0.088754 -0.008652 -0.010107 -0.020964 4.154260 12.885751 
-0.049962 0.282079 1.517838 -0.000000 0.000000 -0.000000 -0.052136 1.254802 1.546422 126.070102 -0.635158 1.487740 0.058581 -0.082280 -0.017664 -56.071946 0.718634 4.994953 0.043451 -0.386469 0.008037 169.169989 -16.415571 1.511445 -0.014790 -0.426875 -0.037428 -23.337271 3.730488 5.376123 0.041054 -0.060286 0.122043 -30.581680 17.634065 7.251339 -0.060310 -0.090513 -0.013542 -55.217175 -7.158710 -1.244372 -0.043257 -0.383688 -0.004843 163.442288 14.026574 1.407231 0.019055 -0.420046 -0.034562 -28.887117 -14.604085 -4.033242 -0.034840 -0.062106 0.130323 -17.027236 14.163394 -16.880514 0.004439 0.124404 -0.038385 60.093268 4.356182 -1.655254 0.004488 0.137957 0.026820 13.310254 0.772583 16.206007 -0.002265 0.056032 0.002855 -1.357695 -6.039974 -3.959065 -0.013390 0.211635 -0.033468 -3.559192 11.641955 -16.127023 0.010113 0.088937 0.050410 3.869106 3.517493 6.478218 0.071702 0.113999 -0.018898 12.623086 -32.308458 -2.266432 0.122922 0.045205 -0.019046 -27.253235 -10.557151 -40.937685 0.255332 -0.015649 -0.022946 119.920432 -56.934005 165.447618 0.265709 0.012698 -0.007375 -20.978125 -0.816627 7.415185 0.086691 -0.010636 -0.015594 1.241754 0.555461 -6.465770 -0.082954 0.112472 -0.023708 2.080620 21.085021 -23.674108 -0.113228 0.046853 -0.008472 -20.614745 19.513396 51.662434 -0.260128 -0.014369 -0.031269 -48.691899 142.225548 11.270984 -0.269108 0.006794 -0.006027 -9.085767 5.241251 -2.322271 -0.088754 -0.008652 -0.010107 -0.150931 4.168286 13.165941 
-0.047999 0.280363 1.516920 -0.000000 0.000000 -0.000000 -0.050172 1.253087 1.545504 126.620123 -1.109180 1.103269 0.058581 -0.082280 -0.017665 -56.138664 0.609221 4.703891 0.043451 -0.386469 0.008037 169.247689 -16.327321 1.508499 -0.014790 -0.426874 -0.037428 -23.425037 3.876169 5.441510 0.041054 -0.060286 0.122042 -30.482332 17.373515 7.556599 -0.060310 -0.090513 -0.013543 -55.782278 -7.241916 -0.854048 -0.043257 -0.383688 -0.004843 163.719033 14.015177 1.373084 0.019055 -0.420045 -0.034562 -28.706329 -14.796522 -3.962786 -0.034840 -0.062106 0.130323 -17.201813 14.092509 -16.924679 0.004439 0.124404 -0.038386 61.806607 4.393328 -2.816939 0.004488 0.137956 0.026821 12.687460 1.035250 17.114152 -0.002265 0.056032 0.002855 -2.211640 -6.337114 -3.260924 -0.013390 0.211636 -0.033467 -4.137992 12.577987 -16.570287 0.010113 0.088937 0.050410 3.525343 4.054720 5.923800 0.071702 0.114000 -0.018898 12.872845 -32.974162 -2.558236 0.122921 0.045205 -0.019046 -28.074859 -10.355779 -40.636497 0.255332 -0.015649 -0.022946 119.412785 -58.371896 164.357656 0.265709 0.012698 -0.007375 -20.394501 -0.721554 7.425129 0.086691 -0.010636 -0.015594 0.741240 0.525262 -6.757303 -0.082954 0.112472 -0.023707 2.201352 21.425310 -24.993764 -0.113228 0.046853 -0.008472 -20.982800 19.562615 52.131538 -0.260127 -0.014369 -0.031269 -48.740315 142.045969 11.392003 -0.269108 0.006794 -0.006027 -8.961490 5.331712 -2.247421 -0.088754 -0.008652 -0.010107 -0.300921 4.194201 13.433637 
-0.046271 0.277492 1.515712 -0.000000 0.000000 -0.000000 -0.048445 1.250216 1.544296 127.410977 -1.562983 0.797367 0.058581 -0.082280 -0.017664 -56.065212 0.537869 4.394282 0.043451 -0.386469 0.008037 169.256773 -16.246734 1.489481 -0.014790 -0.426874 -0.037428 -23.501846 4.003343 5.500594 0.041054 -0.060286 0.122042 -30.352288 17.095019 7.830481 -0.060310 -0.090513 -0.013543 -56.097580 -7.288919 -0.471415 -0.043257 -0.383688 -0.004843 163.893763 13.986809 1.353262 0.019056 -0.420046 -0.034562 -28.505808 -14.967057 -3.873898 -0.034840 -0.062105 0.130323 -17.349550 14.002866 -16.957444 0.004439 0.124404 -0.038385 63.293628 4.354204 -3.856664 0.004488 0.137956 0.026820 12.159321 1.228566 17.778801 -0.002265 0.056032 0.002855 -2.832453 -6.608022 -2.708948 -0.013390 0.211636 -0.033468 -4.907500 13.396976 -16.662627 0.010113 0.088937 0.050410 3.197267 4.585359 5.394112 0.071702 0.114000 -0.018898 13.266039 -33.465236 -2.840999 0.122922 0.045205 -0.019046 -28.296145 -10.106168 -40.819727 0.255332 -0.015649 -0.022946 118.535297 -60.127535 162.447020 0.265709 0.012698 -0.007375 -19.775167 -0.651414 7.332415 0.086690 -0.010636 -0.015594 0.235113 0.459552 -7.049495 -0.082954 0.112473 -0.023708 2.221341 21.700148 -26.093327 -0.113228 0.046854 -0.008472 -21.321498 19.674918 52.452953 -0.260128 -0.014369 -0.031268 -48.792761 141.917971 11.460543 -0.269108 0.006794 -0.006027 -8.792458 5.418936 -2.130224 -0.088754 -0.008652 -0.010107 -0.471906 4.226859 13.695665 
-0.045260 0.275879 1.514330 -0.000000 0.000000 -0.000000 -0.047433 1.248603 1.542914 128.029328 -1.981924 0.613866 0.058581 -0.082280 -0.017664 -55.846547 0.514390 4.065384 0.043451 -0.386469 0.008037 169.180084 -16.173644 1.452435 -0.014790 -0.426874 -0.037428 -23.568273 4.114693 5.551047 0.041054 -0.060286 0.122043 -30.188558 16.794843 8.067177 -0.060310 -0.090514 -0.013543 -56.158502 -7.278713 -0.090867 -0.043257 -0.383688 -0.004843 163.942353 13.940344 1.350989 0.019056 -0.420045 -0.034562 -28.288417 -15.117859 -3.765577 -0.034840 -0.062105 0.130324 -17.465846 13.893077 -16.975441 0.004439 0.124403 -0.038385 64.472471 4.272899 -4.704054 0.004488 0.137957 0.026820 11.611408 1.387053 18.226980 -0.002265 0.056032 0.002855 -3.527141 -6.682357 -2.281286 -0.013390 0.211636 -0.033468 -5.553567 14.088013 -16.624759 0.010113 0.088937 0.050410 3.157678 5.131725 4.825803 0.071702 0.114000 -0.018898 13.357717 -33.727611 -3.138634 0.122921 0.045206 -0.019046 -28.625145 -9.909608 -41.092686 0.255332 -0.015649 -0.022946 117.680048 -61.575351 160.665597 0.265709 0.012698 -0.007375 -19.115353 -0.618778 7.136542 0.086691 -0.010636 -0.015594 -0.269805 0.380056 -7.358153 -0.082954 0.112473 -0.023707 2.247231 21.932419 -26.834551 -0.113228 0.046853 -0.008472 -21.544391 19.847563 52.766042 -0.260128 -0.014369 -0.031269 -48.862897 141.797650 11.569423 -0.269108 0.006794 -0.006027 -8.584456 5.510718 -1.962557 -0.088754 -0.008652 -0.010107 -0.661225 4.264374 13.957016 
-0.044477 0.275219 1.512991 -0.000000 0.000000 -0.000000 -0.046651 1.247942 1.541575 128.546742 -2.321610 0.450242 0.058581 -0.082280 -0.017664 -55.488747 0.545247 3.711684 0.043451 -0.386469 0.008037 169.001652 -16.109768 1.394355 -0.014790 -0.426874 -0.037428 -23.625530 4.203819 5.584270 0.041054 -0.060286 0.122042 -29.986515 16.473892 8.259238 -0.060310 -0.090513 -0.013543 -55.969316 -7.193343 0.303134 -0.043257 -0.383688 -0.004843 163.838316 13.873234 1.368912 0.019056 -0.420046 -0.034562 -28.058912 -15.246454 -3.638369 -0.034840 -0.062106 0.130323 -17.539564 13.765172 -16.977446 0.004439 0.124404 -0.038385 65.320842 4.134737 -5.322790 0.004488 0.137956 0.026820 11.098782 1.479780 18.445419 -0.002265 0.056032 0.002855 -4.175947 -6.622446 -1.987059 -0.013390 0.211635 -0.033467 -6.112729 14.551952 -16.391819 0.010113 0.088938 0.050410 3.456671 5.625866 4.227261 0.071702 0.114000 -0.018898 13.413293 -33.761697 -3.376570 0.122922 0.045205 -0.019046 -28.642330 -9.690232 -41.576721 0.255332 -0.015649 -0.022946 116.732687 -62.872130 158.662357 0.265709 0.012698 -0.007375 -18.410155 -0.625503 6.819184 0.086690 -0.010636 -0.015594 -0.768730 0.274898 -7.676547 -0.082954 0.112472 -0.023707 2.198486 22.156333 -27.233296 -0.113228 0.046853 -0.008472 -21.816249 20.105362 53.040476 -0.260128 -0.014369 -0.031269 -48.945788 141.719363 11.608268 -0.269108 0.006794 -0.006027 -8.332168 5.604976 -1.740896 -0.088754 -0.008652 -0.010107 -0.873456 4.305598 14.221680 
-0.043883 0.275161 1.512132 -0.000000 0.000000 -0.000000 -0.046057 1.247885 1.540716 128.901885 -2.526445 0.286307 0.058581 -0.082280 -0.017664 -54.996458 0.635375 3.326632 0.043451 -0.386470 0.008037 168.706929 -16.056457 1.312204 -0.014790 -0.426874 -0.037428 -23.669491 4.265676 5.595902 0.041054 -0.060286 0.122043 -29.742895 16.134889 8.397852 -0.060310 -0.090513 -0.013542 -55.532757 -7.013638 0.718759 -0.043257 -0.383687 -0.004843 163.550683 13.780823 1.408327 0.019056 -0.420046 -0.034562 -27.817713 -15.351410 -3.493416 -0.034840 -0.062105 0.130323 -17.559861 13.619504 -16.961556 0.004439 0.124403 -0.038385 65.802398 3.966993 -5.665531 0.004488 0.137956 0.026820 10.625938 1.527732 18.450732 -0.002265 0.056032 0.002855 -4.763752 -6.369554 -1.780321 -0.013390 0.211635 -0.033468 -6.454127 14.728557 -16.006342 0.010113 0.088937 0.050410 4.253477 6.036160 3.595437 0.071702 0.114000 -0.018898 13.406724 -33.535751 -3.500396 0.122921 0.045205 -0.019046 -28.377506 -9.494804 -42.259675 0.255332 -0.015649 -0.022946 115.840022 -63.863136 156.620472 0.265709 0.012698 -0.007375 -17.654195 -0.676239 6.373168 0.086691 -0.010636 -0.015594 -1.257691 0.146315 -8.003177 -0.082954 0.112472 -0.023707 2.121530 22.351975 -27.288896 -0.113228 0.046853 -0.008472 -22.013543 20.467493 53.200487 -0.260127 -0.014369 -0.031269 -49.054979 141.639026 11.688105 -0.269109 0.006794 -0.006027 -8.030507 5.706828 -1.460466 -0.088754 -0.008652 -0.010107 -1.110375 4.348112 14.487642 
-0.043828 0.276426 1.511580 -0.000000 0.000000 -0.000000 -0.046001 1.249150 1.540163 129.119836 -2.604072 0.188339 0.058581 -0.082280 -0.017664 -54.369057 0.776671 2.906639 0.043451 -0.386470 0.008037 168.277884 -16.012728 1.204419 -0.014790 -0.426874 -0.037428 -23.699518 4.293438 5.580673 0.041054 -0.060286 0.122042 -29.451188 15.780274 8.483268 -0.060310 -0.090513 -0.013543 -54.857788 -6.733190 1.152373 -0.043257 -0.383688 -0.004843 163.054128 13.661398 1.472307 0.019056 -0.420045 -0.034562 -27.566541 -15.424946 -3.334415 -0.034840 -0.062105 0.130323 -17.515619 13.450130 -16.920954 0.004439 0.124403 -0.038385 66.020274 3.753461 -5.739265 0.004488 0.137956 0.026820 10.206273 1.518395 18.228703 -0.002265 0.056032 0.002855 -5.423576 -5.923254 -1.737330 -0.013390 0.211635 -0.033468 -6.856020 14.662055 -15.334714 0.010113 0.088937 0.050410 5.484205 6.337972 2.947436 0.071702 0.113999 -0.018899 13.289105 -33.076721 -3.577744 0.122921 0.045205 -0.019046 -27.916930 -9.374333 -43.164289 0.255332 -0.015649 -0.022947 115.196878 -64.424619 154.807003 0.265709 0.012698 -0.007375 -16.848362 -0.770088 5.797566 0.086690 -0.010636 -0.015594 -1.735115 0.004300 -8.336552 -0.082954 0.112472 -0.023708 2.050656 22.473723 -26.973343 -0.113228 0.046853 -0.008473 -22.014398 20.901139 53.183333 -0.260127 -0.014369 -0.031269 -49.216065 141.462712 11.884311 -0.269109 0.006794 -0.006027 -7.678153 5.821355 -1.116732 -0.088754 -0.008652 -0.010107 -1.372277 4.387026 14.753214 
-0.044171 0.277819 1.511816 -0.000000 0.000000 -0.000000 -0.046344 1.250542 1.540400 129.366747 -2.527801 0.180314 0.058581 -0.082280 -0.017664 -53.601726 0.946096 2.459314 0.043451 -0.386469 0.008037 167.698165 -15.976340 1.071013 -0.014790 -0.426874 -0.037428 -23.714804 4.281352 5.534334 0.041054 -0.060286 0.122042 -29.105451 15.414970 8.520356 -0.060310 -0.090513 -0.013543 -53.978865 -6.357273 1.601189 -0.043257 -0.383688 -0.004843 162.327314 13.516052 1.565776 0.019056 -0.420045 -0.034562 -27.306287 -15.456481 -3.165919 -0.034840 -0.062105 0.130323 -17.393417 13.251847 -16.850642 0.004439 0.124404 -0.038385 66.111928 3.493230 -5.607945 0.004488 0.137957 0.026820 9.906940 1.460592 17.794752 -0.002264 0.056033 0.002855 -6.136326 -5.319972 -1.812365 -0.013390 0.211635 -0.033468 -7.546340 14.317696 -14.211185 0.010113 0.088937 0.050410 7.069216 6.458052 2.356786 0.071702 0.114000 -0.018898 13.207945 -32.406150 -3.610441 0.122922 0.045205 -0.019046 -27.039870 -9.342270 -44.420265 0.255332 -0.015649 -0.022947 114.744528 -64.671660 153.015225 0.265709 0.012698 -0.007375 -15.998842 -0.895034 5.095590 0.086691 -0.010636 -0.015594 -2.203422 -0.146673 -8.665682 -0.082954 0.112472 -0.023708 1.935494 22.502471 -26.287976 -0.113228 0.046854 -0.008472 -21.862449 21.372888 52.934369 -0.260127 -0.014369 -0.031269 -49.447865 141.122814 12.153125 -0.269109 0.006794 -0.006027 -7.272447 5.948837 -0.709860 -0.088754 -0.008652 -0.010107 -1.661122 4.418239 15.018510 
-0.045364 0.279087 1.514181 -0.000000 0.000000 -0.000000 -0.047538 1.251811 1.542765 129.614970 -2.304239 0.316558 0.058581 -0.082280 -0.017664 -52.695852 1.123650 1.992414 0.043451 -0.386469 0.008037 166.956584 -15.944867 0.912252 -0.014790 -0.426874 -0.037428 -23.709014 4.228449 5.457856 0.041054 -0.060286 0.122042 -28.703460 15.043770 8.512912 -0.060310 -0.090513 -0.013543 -52.937986 -5.892249 2.046211 -0.043257 -0.383688 -0.004843 161.352906 13.345863 1.692200 0.019056 -0.420046 -0.034562 -27.032191 -15.440841 -2.991503 -0.034840 -0.062105 0.130324 -17.186148 13.025185 -16.746005 0.004439 0.124404 -0.038385 66.033039 3.218141 -5.301008 0.004488 0.137956 0.026820 9.705397 1.376533 17.169596 -0.002265 0.056032 0.002855 -6.915691 -4.530771 -1.954593 -0.013390 0.211636 -0.033468 -8.398956 13.728711 -12.891420 0.010113 0.088937 0.050410 9.067873 6.383903 1.695278 0.071702 0.114000 -0.018898 13.132938 -31.487220 -3.572754 0.122921 0.045205 -0.019046 -25.838138 -9.420082 -46.112841 0.255332 -0.015649 -0.022947 114.551882 -64.589793 151.370010 0.265709 0.012698 -0.007375 -15.109893 -1.042417 4.285206 0.086690 -0.010636 -0.015594 -2.665082 -0.302697 -8.982354 -0.082954 0.112473 -0.023708 1.822775 22.334835 -25.212670 -0.113228 0.046853 -0.008472 -21.375304 21.739970 52.395645 -0.260127 -0.014370 -0.031269 -49.805538 140.428389 12.571665 -0.269109 0.006794 -0.006027 -6.810534 6.094627 -0.252290 -0.088754 -0.008652 -0.010108 -1.978137 4.443658 15.275769 
-0.046966 0.280531 1.517869 -0.000000 0.000000 -0.000000 -0.049139 1.253254 1.546453 129.858849 -1.919715 0.585994 0.058581 -0.082280 -0.017664 -51.672642 1.289896 1.517681 0.043451 -0.386469 0.008037 166.045860 -15.915136 0.729537 -0.014790 -0.426874 -0.037428 -23.671662 4.142330 5.356885 0.041054 -0.060286 0.122042 -28.248728 14.672792 8.460386 -0.060310 -0.090513 -0.013543 -51.785442 -5.358834 2.467719 -0.043257 -0.383688 -0.004843 160.122037 13.154599 1.856082 0.019056 -0.420045 -0.034562 -26.736647 -15.381957 -2.814816 -0.034840 -0.062105 0.130323 -16.891012 12.777540 -16.605703 0.004439 0.124403 -0.038385 65.667980 2.976391 -4.859362 0.004488 0.137957 0.026821 9.540055 1.297219 16.386612 -0.002265 0.056032 0.002855 -7.688187 -3.537512 -2.029783 -0.013390 0.211636 -0.033468 -9.344350 12.903546 -11.487994 0.010113 0.088937 0.050410 11.498278 6.082272 0.932182 0.071702 0.114000 -0.018898 13.040223 -30.338379 -3.470766 0.122921 0.045205 -0.019046 -24.401626 -9.668432 -48.388550 0.255332 -0.015649 -0.022946 114.618156 -64.201401 149.872519 0.265709 0.012698 -0.007375 -14.179805 -1.206853 3.392879 0.086690 -0.010636 -0.015595 -3.121519 -0.464319 -9.272834 -0.082954 0.112472 -0.023708 1.807240 21.933896 -23.746876 -0.113228 0.046853 -0.008472 -20.390475 21.942461 51.576025 -0.260128 -0.014369 -0.031269 -50.346701 139.237081 13.302978 -0.269108 0.006794 -0.006027 -6.284630 6.266586 0.238085 -0.088754 -0.008652 -0.010107 -2.322014 4.465490 15.511237 
-0.049579 0.281620 1.522198 -0.000000 0.000000 -0.000000 -0.051752 1.254344 1.550781 130.255109 -1.407992 1.039940 0.058581 -0.082280 -0.017664 -50.560981 1.428255 1.040317 0.043451 -0.386469 0.008037 164.957251 -15.882767 0.525811 -0.014790 -0.426874 -0.037428 -23.596029 4.030595 5.235637 0.041054 -0.060286 0.122043 -27.741729 14.308043 8.367363 -0.060310 -0.090513 -0.013543 -50.555199 -4.781701 2.846562 -0.043257 -0.383688 -0.004843 158.627619 12.944873 2.060155 0.019056 -0.420046 -0.034562 -26.410637 -15.283380 -2.640827 -0.034840 -0.062106 0.130323 -16.509411 12.516147 -16.428365 0.004439 0.124404 -0.038385 64.917956 2.772635 -4.316386 0.004488 0.137956 0.026821 9.404619 1.198007 15.406185 -0.002265 0.056032 0.002855 -8.257762 -2.430322 -2.169655 -0.013390 0.211636 -0.033467 -10.550335 11.744715 -9.953607 0.010113 0.088938 0.050410 14.186733 5.451813 0.062050 0.071702 0.114000 -0.018898 13.234286 -29.079052 -3.458876 0.122921 0.045205 -0.019046 -22.402730 -9.975945 -51.781460 0.255332 -0.015649 -0.022946 114.168142 -64.075999 147.490490 0.265709 0.012698 -0.007375 -13.207182 -1.373932 2.446270 0.086690 -0.010636 -0.015594 -3.576871 -0.655085 -9.521898 -0.082954 0.112472 -0.023707 1.772771 21.424828 -22.005929 -0.113228 0.046853 -0.008472 -19.265877 22.089283 50.601733 -0.260127 -0.014370 -0.031269 -51.100122 137.555270 14.288096 -0.269108 0.006794 -0.006027 -5.689466 6.453379 0.733682 -0.088754 -0.008652 -0.010107 -2.693523 4.486409 15.716694 
-0.054791 0.282296 1.527481 -0.000000 0.000000 -0.000000 -0.056965 1.255020 1.556065 130.626576 -0.713513 1.862013 0.058581 -0.082280 -0.017664 -49.384549 1.516355 0.574448 0.043451 -0.386470 0.008037 163.685156 -15.842444 0.305261 -0.014790 -0.426874 -0.037428 -23.472884 3.908029 5.102847 0.041054 -0.060286 0.122043 -27.187276 13.951912 8.237377 -0.060310 -0.090513 -0.013542 -49.273866 -4.190418 3.156462 -0.043257 -0.383688 -0.004843 156.862466 12.718257 2.306153 0.019056 -0.420046 -0.034562 -26.044997 -15.152297 -2.473485 -0.034840 -0.062106 0.130324 -16.048207 12.247086 -16.214072 0.004439 0.124404 -0.038385 63.620842 2.691617 -3.709384 0.004488 0.137957 0.026820 9.180279 1.152835 14.248383 -0.002265 0.056033 0.002855 -8.654866 -1.073584 -2.336768 -0.013390 0.211636 -0.033468 -11.947429 10.454293 -8.455551 0.010113 0.088938 0.050410 16.983629 4.631519 -0.999453 0.071702 0.114000 -0.018898 13.656296 -27.758988 -3.576201 0.122921 0.045205 -0.019046 -20.076305 -10.474757 -56.313199 0.255332 -0.015649 -0.022947 113.363867 -64.083369 144.462408 0.265709 0.012698 -0.007375 -12.192664 -1.537575 1.483054 0.086691 -0.010636 -0.015594 -4.029490 -0.868008 -9.720084 -0.082954 0.112472 -0.023707 1.772690 20.859942 -19.996871 -0.113229 0.046853 -0.008472 -18.057574 22.203166 49.725355 -0.260127 -0.014369 -0.031269 -52.162944 135.268358 15.694523 -0.269109 0.006794 -0.006027 -5.022309 6.653470 1.206772 -0.088754 -0.008651 -0.010107 -3.086162 4.511606 15.878778 
-0.056369 0.283429 1.529774 -0.000000 0.000000 -0.000000 -0.058543 1.256153 1.558358 130.988890 -0.041456 2.093097 0.058581 -0.082280 -0.017664 -48.157485 1.519023 0.151920 0.043451 -0.386470 0.008037 162.231104 -15.788028 0.073395 -0.014790 -0.426874 -0.037428 -23.297881 3.799255 4.974059 0.041054 -0.060286 0.122042 -26.591279 13.604729 8.079283 -0.060310 -0.090513 -0.013543 -47.962288 -3.612318 3.386545 -0.043257 -0.383688 -0.004843 154.829296 12.481194 2.597204 0.019056 -0.420045 -0.034562 -25.628722 -14.994140 -2.306416 -0.034840 -0.062106 0.130323 -15.511329 11.965956 -15.973135 0.004439 0.124403 -0.038385 62.024654 2.603663 -3.114692 0.004488 0.137956 0.026821 8.713907 1.091181 13.247614 -0.002265 0.056032 0.002855 -9.494951 0.177534 -1.852062 -0.013390 0.211635 -0.033467 -13.223864 9.338787 -6.881534 0.010113 0.088937 0.050410 19.848986 4.024404 -2.300918 0.071702 0.114000 -0.018898 14.082486 -26.268175 -2.993541 0.122922 0.045205 -0.019046 -17.354923 -11.583979 -59.020266 0.255332 -0.015649 -0.022946 113.656103 -63.486178 142.278619 0.265710 0.012698 -0.007375 -11.135603 -1.724274 0.549901 0.086691 -0.010636 -0.015594 -4.459960 -1.044101 -9.850352 -0.082954 0.112473 -0.023707 1.781729 20.333977 -17.952746 -0.113228 0.046853 -0.008473 -16.812203 22.451414 48.878203 -0.260127 -0.014369 -0.031269 -53.628094 132.423366 17.776066 -0.269109 0.006794 -0.006027 -4.295005 6.863207 1.642839 -0.088754 -0.008652 -0.010107 -3.466815 4.535324 15.986976 
-0.059621 0.278619 1.528023 -0.000000 0.000000 -0.000000 -0.061794 1.251343 1.556607 132.787197 0.819263 2.273013 0.058581 -0.082280 -0.017664 -46.912376 1.442044 -0.254772 0.043451 -0.386470 0.008037 160.597528 -15.718017 -0.167415 -0.014790 -0.426874 -0.037428 -23.066963 3.710368 4.851923 0.041054 -0.060286 0.122043 -25.962046 13.265763 7.891034 -0.060310 -0.090513 -0.013543 -46.653962 -3.061031 3.500075 -0.043257 -0.383688 -0.004843 152.545158 12.241702 2.933306 0.019056 -0.420046 -0.034562 -25.164486 -14.814482 -2.146353 -0.034840 -0.062105 0.130324 -14.919391 11.684433 -15.715232 0.004439 0.124404 -0.038386 60.600553 2.532765 -2.530510 0.004488 0.137956 0.026821 8.465231 1.025669 12.154179 -0.002265 0.056032 0.002855 -9.715883 1.242969 -1.599771 -0.013390 0.211636 -0.033468 -14.828843 8.218579 -4.591536 0.010113 0.088937 0.050410 22.228267 3.742575 -3.696475 0.071703 0.114000 -0.018898 15.255567 -24.727419 -2.527680 0.122921 0.045205 -0.019046 -13.348152 -12.292509 -61.070852 0.255332 -0.015649 -0.022946 111.303690 -64.397701 136.998992 0.265709 0.012698 -0.007375 -10.032104 -1.904728 -0.320357 0.086690 -0.010636 -0.015594 -4.891453 -1.265883 -9.935820 -0.082954 0.112472 -0.023708 1.435283 20.005776 -16.193388 -0.113228 0.046853 -0.008473 -16.317940 23.009478 48.180421 -0.260127 -0.014370 -0.031269 -55.615205 129.108429 20.336313 -0.269109 0.006794 -0.006027 -3.512964 7.050228 2.007961 -0.088754 -0.008652 -0.010107 -3.840600 4.577448 16.054619 
-0.061214 0.271338 1.520825 -0.000000 0.000000 -0.000000 -0.063388 1.244062 1.549409 135.209441 1.613667 2.019492 0.058581 -0.082280 -0.017664 -45.688187 1.282699 -0.660003 0.043451 -0.386470 0.008037 158.783812 -15.629701 -0.414292 -0.014790 -0.426874 -0.037428 -22.779057 3.652917 4.747474 0.041054 -0.060286 0.122042 -25.311108 12.931351 7.662408 -0.060310 -0.090513 -0.013543 -45.358661 -2.551608 3.480641 -0.043257 -0.383688 -0.004843 150.027496 12.010574 3.319301 0.019056 -0.420045 -0.034561 -24.657229 -14.606271 -1.995973 -0.034840 -0.062106 0.130323 -14.280065 11.403286 -15.447316 0.004439 0.124404 -0.038385 59.225656 2.328706 -1.921360 0.004488 0.137956 0.026820 8.134774 0.791957 11.023957 -0.002265 0.056032 0.002855 -10.103944 1.921169 -1.651245 -0.013390 0.211635 -0.033468 -16.680094 7.004087 -1.578673 0.010113 0.088938 0.050410 24.024364 3.784794 -5.186501 0.071702 0.114000 -0.018898 16.205672 -22.976620 -2.462915 0.122921 0.045205 -0.019046 -9.527852 -12.236765 -61.622554 0.255332 -0.015649 -0.022946 106.745086 -66.084252 130.178529 0.265709 0.012698 -0.007375 -8.881976 -2.095963 -1.081816 0.086691 -0.010636 -0.015594 -5.319765 -1.498494 -10.020395 -0.082954 0.112472 -0.023707 1.051725 19.663560 -14.654388 -0.113228 0.046853 -0.008472 -15.932878 23.630040 47.887071 -0.260127 -0.014369 -0.031269 -58.647863 125.006955 24.240036 -0.269109 0.006794 -0.006027 -2.685908 7.226824 2.297609 -0.088754 -0.008652 -0.010107 -4.191416 4.644716 16.080019 
-0.063500 0.264114 1.515545 -0.000000 0.000000 -0.000000 -0.065674 1.236837 1.544129 137.271680 2.531998 1.558137 0.058581 -0.082280 -0.017664 -44.547071 1.045540 -1.065200 0.043451 -0.386470 0.008037 156.805803 -15.521395 -0.662172 -0.014790 -0.426875 -0.037428 -22.430845 3.629643 4.662836 0.041054 -0.060286 0.122042 -24.642006 12.597779 7.383864 -0.060310 -0.090513 -0.013543 -44.134777 -2.090682 3.319991 -0.043257 -0.383688 -0.004843 147.306034 11.794785 3.758935 0.019056 -0.420046 -0.034562 -24.128598 -14.360843 -1.861660 -0.034840 -0.062106 0.130323 -13.600848 11.125960 -15.167419 0.004439 0.124403 -0.038385 57.233328 2.220260 -1.203814 0.004488 0.137956 0.026821 7.537349 0.615847 10.023274 -0.002265 0.056033 0.002855 -10.515418 2.582529 -1.468440 -0.013390 0.211635 -0.033468 -17.363280 5.788702 1.266573 0.010113 0.088938 0.050410 25.931766 3.946646 -6.918638 0.071702 0.114000 -0.018898 17.068219 -20.556957 -2.136401 0.122921 0.045205 -0.019046 -5.644964 -11.306316 -60.975243 0.255332 -0.015649 -0.022947 101.982149 -67.494748 123.918633 0.265709 0.012698 -0.007375 -7.700527 -2.295344 -1.723313 0.086690 -0.010636 -0.015594 -5.732046 -1.717210 -10.097261 -0.082954 0.112472 -0.023707 0.628362 19.005300 -13.672217 -0.113228 0.046854 -0.008472 -15.311836 23.961255 47.379472 -0.260127 -0.014369 -0.031269 -63.568407 120.142795 30.277942 -0.269108 0.006794 -0.006027 -1.814012 7.395126 2.505384 -0.088754 -0.008652 -0.010107 -4.519026 4.739049 16.061673 
-0.065777 0.253990 1.510888 -0.000000 0.000000 -0.000000 -0.067951 1.226714 1.539472 139.781898 3.651799 1.150989 0.058581 -0.082280 -0.017664 -43.494156 0.725137 -1.493072 0.043451 -0.386470 0.008037 154.670672 -15.391830 -0.906025 -0.014790 -0.426874 -0.037428 -22.028909 3.642130 4.595537 0.041054 -0.060286 0.122042 -23.957167 12.264934 7.073111 -0.060310 -0.090513 -0.013543 -42.993565 -1.694527 2.997699 -0.043257 -0.383688 -0.004843 144.398245 11.599305 4.250951 0.019055 -0.420045 -0.034562 -23.595049 -14.070899 -1.754611 -0.034840 -0.062105 0.130323 -12.898649 10.848909 -14.879774 0.004439 0.124403 -0.038385 55.101574 2.206780 -0.416043 0.004488 0.137956 0.026820 6.879675 0.518608 9.091071 -0.002265 0.056032 0.002855 -10.748985 3.210377 -1.408446 -0.013390 0.211635 -0.033468 -17.062876 4.419136 4.241381 0.010113 0.088937 0.050410 27.766474 4.104746 -8.608106 0.071702 0.114000 -0.018898 18.048633 -17.594629 -1.616659 0.122922 0.045205 -0.019046 -1.456000 -9.232101 -59.252608 0.255332 -0.015649 -0.022946 93.978157 -69.304031 114.925241 0.265710 0.012698 -0.007375 -6.492102 -2.469698 -2.221933 0.086690 -0.010636 -0.015594 -6.140407 -1.943429 -10.166644 -0.082954 0.112472 -0.023707 0.138435 18.214798 -13.764012 -0.113229 0.046853 -0.008472 -14.246033 24.443936 45.772315 -0.260127 -0.014369 -0.031269 -71.194648 115.261519 39.580492 -0.269108 0.006794 -0.006027 -0.901729 7.534129 2.623445 -0.088754 -0.008651 -0.010107 -4.810974 4.841382 15.990318 
-0.065416 0.243978 1.502204 -0.000000 0.000000 -0.000000 -0.067590 1.216702 1.530787 142.692856 4.030760 0.357931 0.058581 -0.082280 -0.017664 -42.529378 0.268485 -1.925666 0.043451 -0.386469 0.008037 152.376685 -15.237269 -1.139435 -0.014790 -0.426874 -0.037428 -21.584578 3.706566 4.539394 0.041054 -0.060286 0.122042 -23.260081 11.936713 6.777658 -0.060310 -0.090513 -0.013542 -41.963135 -1.429175 2.508652 -0.043257 -0.383688 -0.004843 141.336722 11.430492 4.792605 0.019056 -0.420045 -0.034562 -23.066104 -13.738283 -1.691307 -0.034840 -0.062105 0.130323 -12.181946 10.567518 -14.580062 0.004439 0.124404 -0.038385 53.066533 1.784746 0.235688 0.004488 0.137956 0.026820 6.026353 -0.060029 8.129207 -0.002265 0.056032 0.002855 -11.483947 2.753005 -2.060196 -0.013390 0.211636 -0.033468 -17.030441 3.295201 7.731959 0.010113 0.088938 0.050410 28.785037 4.621899 -9.846030 0.071702 0.114000 -0.018898 18.550490 -15.828615 -1.644297 0.122921 0.045205 -0.019046 1.806085 -8.781442 -57.607141 0.255332 -0.015649 -0.022947 85.699722 -70.618828 104.564336 0.265709 0.012698 -0.007375 -5.262215 -2.604686 -2.588314 0.086691 -0.010636 -0.015594 -6.527893 -2.115255 -10.172331 -0.082954 0.112472 -0.023707 -0.176701 17.828986 -14.458358 -0.113228 0.046853 -0.008472 -12.738910 25.754681 43.640544 -0.260127 -0.014370 -0.031269 -82.184135 111.247580 53.202915 -0.269109 0.006794 -0.006027 0.058917 7.649448 2.647001 -0.088754 -0.008652 -0.010107 -5.036202 4.913241 15.831093 
-0.066342 0.235089 1.488872 -0.000000 0.000000 -0.000000 -0.068516 1.207813 1.517456 145.234752 4.911907 0.068081 0.058581 -0.082280 -0.017664 -41.710579 -0.322913 -2.360774 0.043451 -0.386469 0.008037 149.948689 -15.057963 -1.354138 -0.014790 -0.426874 -0.037428 -21.098639 3.846035 4.494977 0.041054 -0.060286 0.122043 -22.557246 11.596911 6.510400 -0.060310 -0.090513 -0.013543 -41.130716 -1.323281 1.884696 -0.043257 -0.383688 -0.004843 138.186721 11.299472 5.382701 0.019056 -0.420045 -0.034562 -22.566957 -13.391569 -1.682814 -0.034840 -0.062106 0.130323 -11.481913 10.299186 -14.261621 0.004439 0.124403 -0.038385 50.666897 1.615545 0.710179 0.004488 0.137956 0.026820 4.909656 -0.432386 7.355068 -0.002265 0.056033 0.002855 -12.104344 2.293470 -2.375124 -0.013390 0.211636 -0.033467 -16.632639 2.349197 10.867156 0.010113 0.088937 0.050410 29.461642 5.041828 -11.002158 0.071702 0.114000 -0.018898 18.849089 -14.180156 -1.896873 0.122921 0.045205 -0.019046 4.473832 -8.367923 -56.407677 0.255332 -0.015649 -0.022946 74.493567 -71.520338 91.116465 0.265710 0.012698 -0.007375 -4.031562 -2.653056 -2.776891 0.086691 -0.010636 -0.015594 -6.922474 -2.281528 -10.131796 -0.082954 0.112472 -0.023707 -0.482098 17.519459 -15.299695 -0.113228 0.046853 -0.008472 -11.479328 26.898904 41.877758 -0.260127 -0.014369 -0.031269 -98.481356 108.474257 72.248696 -0.269108 0.006794 -0.006027 1.065908 7.749457 2.541288 -0.088754 -0.008652 -0.010107 -5.217521 4.991750 15.616101 
-0.066273 0.226097 1.473255 -0.000000 0.000000 -0.000000 -0.068446 1.198820 1.501839 148.172976 5.987167 -0.233839 0.058581 -0.082280 -0.017664 -41.062838 -1.017681 -2.865671 0.043451 -0.386470 0.008037 147.404498 -14.857994 -1.547257 -0.014790 -0.426874 -0.037428 -20.592341 4.059077 4.449973 0.041054 -0.060286 0.122042 -21.843298 11.223081 6.271405 -0.060310 -0.090513 -0.013542 -40.481148 -1.364642 1.089944 -0.043257 -0.383688 -0.004843 134.982638 11.212978 6.018060 0.019056 -0.420046 -0.034562 -22.147197 -13.038175 -1.740724 -0.034840 -0.062105 0.130323 -10.809913 10.050134 -13.937113 0.004439 0.124403 -0.038385 48.379569 1.499111 1.037230 0.004488 0.137956 0.026820 3.744945 -0.813539 6.699031 -0.002265 0.056033 0.002855 -12.605796 1.506976 -2.664314 -0.013390 0.211636 -0.033467 -15.548419 1.333639 13.502758 0.010113 0.088937 0.050410 29.969204 5.093091 -12.159887 0.071702 0.114000 -0.018898 18.982300 -12.705057 -2.657816 0.122921 0.045205 -0.019046 6.444859 -7.962915 -56.190529 0.255332 -0.015649 -0.022946 58.322323 -71.266754 72.489248 0.265709 0.012698 -0.007375 -2.814950 -2.597150 -2.792606 0.086691 -0.010636 -0.015594 -7.333210 -2.477508 -10.066815 -0.082954 0.112472 -0.023707 -1.017671 17.118793 -16.159138 -0.113228 0.046853 -0.008472 -10.915245 27.353337 40.390850 -0.260127 -0.014369 -0.031269 -118.063494 107.760953 94.087686 -0.269109 0.006794 -0.006027 2.106964 7.822073 2.313025 -0.088753 -0.008652 -0.010107 -5.370137 5.067916 15.390062 
-0.063939 0.218683 1.457487 -0.000000 0.000000 -0.000000 -0.066113 1.191407 1.486071 151.362046 7.917331 -0.896936 0.058581 -0.082280 -0.017664 -40.477658 -1.776047 -3.503974 0.043451 -0.386470 0.008037 144.762526 -14.639616 -1.716793 -0.014790 -0.426874 -0.037428 -20.093669 4.352699 4.390736 0.041054 -0.060286 0.122042 -21.102858 10.777140 6.074500 -0.060310 -0.090513 -0.013542 -39.994159 -1.537436 0.094455 -0.043257 -0.383688 -0.004843 131.768515 11.178033 6.699303 0.019056 -0.420045 -0.034562 -21.870807 -12.691601 -1.877988 -0.034840 -0.062106 0.130323 -10.144645 9.835308 -13.626270 0.004439 0.124404 -0.038385 46.230398 1.846913 1.323611 0.004488 0.137957 0.026821 2.321522 -0.738720 6.567968 -0.002265 0.056032 0.002855 -13.715617 1.107590 -1.558007 -0.013390 0.211635 -0.033468 -13.585967 0.183487 15.045956 0.010113 0.088937 0.050410 30.414522 4.398496 -13.482227 0.071703 0.113999 -0.018898 18.566368 -11.401447 -3.912864 0.122921 0.045205 -0.019046 7.110005 -8.017493 -57.014656 0.255332 -0.015649 -0.022947 45.589549 -69.848335 57.469335 0.265710 0.012698 -0.007374 -1.661126 -2.458326 -2.651604 0.086691 -0.010636 -0.015594 -7.739521 -2.647662 -9.960861 -0.082954 0.112472 -0.023708 -2.191214 16.784420 -15.814521 -0.113228 0.046853 -0.008472 -12.558267 26.821846 40.425509 -0.260128 -0.014369 -0.031269 -133.926486 108.734139 110.486096 -0.269108 0.006794 -0.006027 3.178203 7.886876 1.962326 -0.088754 -0.008651 -0.010107 -5.501911 5.091128 15.215319 
-0.056786 0.211947 1.440870 -0.000000 0.000000 -0.000000 -0.058960 1.184670 1.469454 154.430741 10.591749 -2.225640 0.058581 -0.082280 -0.017664 -40.005098 -2.558382 -4.269028 0.043451 -0.386469 0.008037 142.042363 -14.405873 -1.861096 -0.014790 -0.426875 -0.037428 -19.620565 4.711991 4.302013 0.041054 -0.060286 0.122042 -20.336593 10.267240 5.926823 -0.060310 -0.090513 -0.013543 -39.682709 -1.814800 -1.164601 -0.043257 -0.383688 -0.004843 128.578311 11.198465 7.427874 0.019056 -0.420045 -0.034562 -21.775715 -12.328422 -2.106777 -0.034840 -0.062105 0.130324 -9.499641 9.649674 -13.312178 0.004439 0.124404 -0.038385 44.169460 2.564495 1.624594 0.004488 0.137956 0.026820 0.623633 -0.313354 6.865814 -0.002265 0.056032 0.002855 -15.497383 0.982115 0.702758 -0.013390 0.211636 -0.033468 -11.654919 -1.574537 15.773890 0.010113 0.088937 0.050410 30.156648 2.916764 -14.750367 0.071702 0.114000 -0.018898 17.802926 -10.379123 -5.813924 0.122922 0.045205 -0.019046 6.831724 -8.974683 -59.256809 0.255332 -0.015649 -0.022946 38.618064 -68.527739 48.054547 0.265709 0.012698 -0.007375 -0.580384 -2.261499 -2.373578 0.086690 -0.010636 -0.015594 -8.114194 -2.774228 -9.783727 -0.082954 0.112473 -0.023708 -3.887888 16.567549 -14.259581 -0.113228 0.046853 -0.008472 -16.218983 25.553380 42.081926 -0.260128 -0.014369 -0.031269 -144.658844 110.099105 120.192915 -0.269108 0.006794 -0.006027 4.267004 7.945165 1.510100 -0.088754 -0.008651 -0.010107 -5.610450 5.040960 15.079132 
-0.048855 0.206141 1.424604 -0.000000 0.000000 -0.000000 -0.051029 1.178864 1.453187 157.168800 13.521334 -3.986942 0.058581 -0.082280 -0.017664 -39.716522 -3.316176 -5.227066 0.043451 -0.386470 0.008037 139.271614 -14.160539 -1.982461 -0.014790 -0.426874 -0.037428 -19.168262 5.097344 4.182618 0.041054 -0.060286 0.122042 -19.587463 9.748496 5.794870 -0.060310 -0.090513 -0.013542 -39.560947 -2.140878 -2.801712 -0.043257 -0.383688 -0.004843 125.437339 11.272652 8.203909 0.019056 -0.420045 -0.034562 -21.877092 -11.887877 -2.425295 -0.034840 -0.062106 0.130323 -8.908746 9.486420 -12.969686 0.004440 0.124404 -0.038385 41.987208 3.494352 2.198407 0.004488 0.137956 0.026821 -0.972895 0.303997 7.351530 -0.002265 0.056033 0.002855 -16.722229 1.034865 3.280360 -0.013390 0.211636 -0.033468 -10.305002 -3.550720 15.732062 0.010113 0.088938 0.050410 28.987418 1.193540 -16.430718 0.071703 0.114000 -0.018898 16.878179 -9.125564 -7.513767 0.122922 0.045205 -0.019046 6.025107 -10.119416 -61.822843 0.255332 -0.015649 -0.022946 38.074555 -68.750020 45.648169 0.265709 0.012698 -0.007375 0.439362 -2.064086 -1.962290 0.086690 -0.010636 -0.015594 -8.419584 -2.828135 -9.516194 -0.082954 0.112472 -0.023708 -4.774643 16.013915 -12.880016 -0.113228 0.046854 -0.008472 -18.371447 23.978188 43.825622 -0.260127 -0.014369 -0.031269 -154.216492 111.901591 129.765002 -0.269108 0.006794 -0.006027 5.357103 7.996470 1.003024 -0.088754 -0.008651 -0.010107 -5.673244 4.926875 14.876003 
-0.043554 0.196472 1.399269 -0.000000 0.000000 -0.000000 -0.045728 1.169196 1.427853 162.783885 16.938538 -5.079839 0.058581 -0.082280 -0.017664 -39.612474 -3.988652 -6.442898 0.043451 -0.386469 0.008037 136.468641 -13.911297 -2.087959 -0.014790 -0.426874 -0.037428 -18.745577 5.494288 4.038889 0.041054 -0.060286 0.122042 -18.910810 9.264066 5.634749 -0.060310 -0.090513 -0.013543 -39.555869 -2.482420 -4.880430 -0.043257 -0.383688 -0.004843 122.346187 11.401462 9.014199 0.019056 -0.420046 -0.034562 -22.186456 -11.346893 -2.825598 -0.034840 -0.062105 0.130323 -8.451553 9.321069 -12.602064 0.004440 0.124403 -0.038385 41.353770 4.932740 3.307718 0.004488 0.137956 0.026820 -1.573730 1.456360 7.669259 -0.002265 0.056032 0.002855 -16.267158 2.281916 4.905383 -0.013390 0.211636 -0.033467 -11.224327 -4.955064 15.203663 0.010113 0.088937 0.050410 26.234029 0.545970 -19.157671 0.071702 0.114000 -0.018898 15.080971 -8.655642 -9.586328 0.122921 0.045205 -0.019046 3.559797 -11.581808 -63.674118 0.255332 -0.015649 -0.022946 35.621158 -68.127216 41.817085 0.265709 0.012698 -0.007374 1.474704 -1.851680 -1.401985 0.086691 -0.010636 -0.015594 -8.667591 -2.903359 -9.228204 -0.082954 0.112472 -0.023707 -3.338885 16.381428 -11.532367 -0.113228 0.046853 -0.008472 -17.449069 24.855069 47.656002 -0.260128 -0.014369 -0.031269 -161.266449 113.776588 140.891885 -0.269109 0.006794 -0.006027 6.415539 8.025124 0.522332 -0.088754 -0.008651 -0.010107 -5.665511 4.764305 14.562993 
-0.039844 0.190505 1.374882 -0.000000 0.000000 -0.000000 -0.042018 1.163229 1.403466 166.825513 21.095217 -5.781776 0.058581 -0.082280 -0.017664 -39.701561 -4.536954 -7.877773 0.043451 -0.386470 0.008037 133.655409 -13.659824 -2.182170 -0.014790 -0.426874 -0.037428 -18.367110 5.869962 3.874970 0.041054 -0.060285 0.122042 -18.357397 8.868715 5.426239 -0.060310 -0.090513 -0.013543 -39.692179 -2.819943 -7.433677 -0.043257 -0.383688 -0.004843 119.326055 11.580437 9.850355 0.019056 -0.420046 -0.034562 -22.743562 -10.682277 -3.301654 -0.034840 -0.062106 0.130323 -8.157795 9.145079 -12.191038 0.004439 0.124404 -0.038385 40.449002 6.566766 4.661822 0.004488 0.137956 0.026820 -2.664535 2.888039 7.648318 -0.002265 0.056033 0.002855 -17.002836 4.643734 5.089901 -0.013390 0.211636 -0.033468 -11.730202 -4.878053 15.376226 0.010113 0.088937 0.050409 24.362300 1.672573 -22.205010 0.071702 0.114000 -0.018899 13.198557 -8.982015 -11.654330 0.122922 0.045205 -0.019046 0.807701 -13.356385 -65.097536 0.255332 -0.015649 -0.022946 30.864382 -66.044535 35.430380 0.265709 0.012698 -0.007375 2.501119 -1.616620 -0.730225 0.086691 -0.010636 -0.015594 -8.859243 -3.030267 -8.927875 -0.082954 0.112472 -0.023708 -2.308790 17.654417 -11.195248 -0.113228 0.046853 -0.008472 -17.494242 27.773460 51.282385 -0.260128 -0.014369 -0.031269 -166.158722 115.801104 151.054742 -0.269109 0.006794 -0.006027 7.358156 7.978481 0.074761 -0.088754 -0.008651 -0.010107 -5.619931 4.608084 14.217775 
-0.036965 0.185605 1.356657 -0.000000 0.000000 -0.000000 -0.039138 1.158329 1.385241 168.514673 26.951030 -5.670266 0.058581 -0.082280 -0.017664 -39.993718 -4.930016 -9.482023 0.043451 -0.386469 0.008037 130.863597 -13.411003 -2.268217 -0.014790 -0.426874 -0.037428 -18.044351 6.232350 3.706368 0.041055 -0.060286 0.122042 -17.996095 8.565058 5.126400 -0.060310 -0.090513 -0.013543 -40.022135 -3.142129 -10.423812 -0.043257 -0.383688 -0.004843 116.433169 11.812538 10.688157 0.019056 -0.420046 -0.034562 -23.575091 -9.929481 -3.835314 -0.034840 -0.062106 0.130323 -8.068025 8.987396 -11.762565 0.004439 0.124404 -0.038385 38.851813 8.421826 6.027791 0.004488 0.137956 0.026820 -4.128137 4.627236 7.308962 -0.002265 0.056032 0.002855 -18.153077 7.917950 4.232892 -0.013390 0.211636 -0.033468 -9.984151 -4.316992 17.260190 0.010113 0.088937 0.050410 24.649475 3.706621 -25.040811 0.071703 0.114000 -0.018898 11.427931 -10.028659 -13.817189 0.122922 0.045205 -0.019046 -2.027507 -15.148094 -66.621959 0.255332 -0.015649 -0.022946 24.181714 -61.257597 26.730217 0.265709 0.012698 -0.007375 3.500027 -1.340106 0.033831 0.086691 -0.010636 -0.015594 -9.016583 -3.253208 -8.644090 -0.082953 0.112472 -0.023707 -1.935178 19.991412 -12.068558 -0.113228 0.046853 -0.008472 -19.721965 32.583182 55.116714 -0.260127 -0.014370 -0.031269 -169.039327 117.780738 159.888431 -0.269108 0.006793 -0.006027 8.177756 7.890453 -0.357647 -0.088754 -0.008651 -0.010107 -5.550390 4.521260 13.859174 
-0.041839 0.185323 1.345123 -0.000000 0.000000 -0.000000 -0.044012 1.158047 1.373707 169.017676 31.510309 -4.381372 0.058581 -0.082280 -0.017664 -40.467676 -5.149569 -11.232155 0.043451 -0.386470 0.008037 128.116577 -13.166997 -2.352269 -0.014790 -0.426875 -0.037428 -17.805825 6.593253 3.542024 0.041055 -0.060286 0.122042 -17.869911 8.322977 4.714193 -0.060310 -0.090513 -0.013543 -40.581487 -3.436947 -13.773037 -0.043257 -0.383688 -0.004843 113.711578 12.104377 11.500188 0.019056 -0.420045 -0.034562 -24.705305 -9.127482 -4.391978 -0.034840 -0.062105 0.130323 -8.174691 8.885947 -11.358214 0.004439 0.124404 -0.038385 37.146441 9.663828 7.839053 0.004488 0.137956 0.026820 -5.398809 5.755511 6.958467 -0.002265 0.056032 0.002855 -18.680422 10.101320 2.442591 -0.013390 0.211636 -0.033468 -5.390975 -4.489085 19.156276 0.010113 0.088937 0.050410 26.954184 4.555407 -28.737379 0.071703 0.114000 -0.018898 9.290052 -11.604298 -16.113956 0.122921 0.045205 -0.019046 -5.711336 -16.914021 -68.345646 0.255332 -0.015649 -0.022946 18.723369 -54.294123 19.240566 0.265709 0.012698 -0.007375 4.442038 -1.059890 0.827881 0.086691 -0.010636 -0.015594 -9.146512 -3.548930 -8.413771 -0.082953 0.112472 -0.023707 -1.641113 22.591440 -13.654804 -0.113229 0.046853 -0.008472 -23.156310 37.642364 59.118798 -0.260127 -0.014369 -0.031269 -170.388440 119.659723 167.278272 -0.269108 0.006794 -0.006027 8.892007 7.829928 -0.784388 -0.088754 -0.008652 -0.010107 -5.463503 4.521357 13.513101 
-0.048940 0.188966 1.354441 -0.000000 0.000000 -0.000000 -0.051113 1.161690 1.383025 169.266131 34.830034 -3.035139 0.058581 -0.082280 -0.017664 -41.104273 -5.197411 -13.062039 0.043451 -0.386470 0.008037 125.453021 -12.930229 -2.442598 -0.014790 -0.426874 -0.037428 -17.659217 6.927634 3.373694 0.041054 -0.060286 0.122042 -17.998279 8.125126 4.142940 -0.060310 -0.090513 -0.013543 -41.493109 -3.671100 -17.320386 -0.043257 -0.383688 -0.004842 111.216469 12.453807 12.278437 0.019056 -0.420046 -0.034562 -26.176085 -8.300579 -4.936954 -0.034840 -0.062106 0.130323 -8.365372 8.897062 -11.041969 0.004439 0.124403 -0.038385 35.130153 10.235879 9.585917 0.004489 0.137956 0.026820 -5.996740 6.133857 7.072732 -0.002265 0.056032 0.002855 -17.686471 9.939689 2.046141 -0.013390 0.211635 -0.033467 2.084397 -7.410772 23.335323 0.010113 0.088937 0.050410 30.905213 3.280599 -31.940577 0.071702 0.114000 -0.018898 7.772263 -12.791582 -17.753422 0.122921 0.045205 -0.019046 -8.969889 -17.558068 -70.457254 0.255332 -0.015649 -0.022946 15.842108 -47.532127 15.367859 0.265709 0.012698 -0.007375 5.231639 -0.843039 1.567607 0.086691 -0.010636 -0.015594 -9.237221 -3.842331 -8.242338 -0.082954 0.112472 -0.023707 -0.494963 24.893487 -16.405758 -0.113228 0.046853 -0.008472 -26.549818 41.857213 62.989637 -0.260128 -0.014370 -0.031269 -170.504457 121.292494 172.994540 -0.269108 0.006794 -0.006027 9.546021 7.887002 -1.249866 -0.088754 -0.008651 -0.010107 -5.373579 4.587988 13.203577 
-0.058706 0.191161 1.359198 -0.000000 0.000000 -0.000000 -0.060880 1.163885 1.387782 166.196507 40.157797 -0.742179 0.058581 -0.082280 -0.017664 -41.898207 -5.083212 -14.824348 0.043451 -0.386470 0.008037 122.857290 -12.700131 -2.539636 -0.014791 -0.426874 -0.037428 -17.650194 7.256985 3.160432 0.041054 -0.060286 0.122042 -18.327319 7.984367 3.551182 -0.060310 -0.090513 -0.013543 -42.768503 -3.819242 -20.852171 -0.043257 -0.383688 -0.004843 108.924011 12.854947 13.013675 0.019056 -0.420045 -0.034562 -27.940789 -7.418473 -5.477302 -0.034840 -0.062105 0.130324 -8.698515 8.946341 -10.719830 0.004440 0.124404 -0.038386 32.766125 10.944623 10.885280 0.004488 0.137956 0.026820 -6.938146 6.748760 7.052727 -0.002265 0.056032 0.002855 -17.699441 10.205440 2.186688 -0.013390 0.211636 -0.033467 5.437084 -10.196720 28.826516 0.010113 0.088937 0.050410 32.707727 3.705726 -34.361582 0.071703 0.114000 -0.018898 7.104659 -14.108843 -19.657438 0.122921 0.045205 -0.019046 -10.990984 -17.506955 -73.621318 0.255332 -0.015649 -0.022947 13.965018 -40.461224 12.822117 0.265709 0.012698 -0.007374 5.905963 -0.639135 2.216846 0.086690 -0.010636 -0.015594 -9.281466 -4.120367 -8.091869 -0.082954 0.112472 -0.023707 1.241838 27.111659 -18.904234 -0.113229 0.046853 -0.008472 -30.436809 45.009475 67.376763 -0.260128 -0.014370 -0.031268 -169.897527 122.887548 176.793545 -0.269109 0.006794 -0.006027 10.123382 8.063679 -1.715137 -0.088754 -0.008652 -0.010107 -5.278757 4.696565 12.921552 
-0.062221 0.195831 1.360658 -0.000000 0.000000 -0.000000 -0.064394 1.168555 1.389242 162.358091 43.205038 1.104286 0.058581 -0.082280 -0.017664 -42.797153 -4.806697 -16.549574 0.043451 -0.386470 0.008037 120.348807 -12.475825 -2.654384 -0.014790 -0.426874 -0.037428 -17.823817 7.597369 2.858036 0.041054 -0.060286 0.122042 -18.757253 7.818771 3.029561 -0.060310 -0.090513 -0.013542 -44.359808 -3.844133 -24.246355 -0.043257 -0.383688 -0.004843 106.812807 13.300616 13.686757 0.019056 -0.420045 -0.034562 -29.964023 -6.466938 -6.009972 -0.034840 -0.062106 0.130323 -9.167754 9.012330 -10.351499 0.004440 0.124404 -0.038385 31.037899 10.857955 12.063519 0.004489 0.137956 0.026820 -7.305268 6.519618 6.869721 -0.002265 0.056032 0.002855 -16.942274 8.797705 2.247545 -0.013390 0.211636 -0.033468 6.431422 -11.207752 33.548264 0.010113 0.088937 0.050410 34.205266 5.918264 -36.556767 0.071702 0.114000 -0.018898 6.532350 -15.487218 -20.944304 0.122922 0.045205 -0.019046 -12.112153 -17.424907 -75.989290 0.255332 -0.015649 -0.022946 12.931521 -34.283376 11.215675 0.265709 0.012698 -0.007375 6.440533 -0.474142 2.716982 0.086690 -0.010636 -0.015594 -9.276587 -4.373508 -7.920522 -0.082954 0.112472 -0.023707 3.500059 27.424760 -20.376386 -0.113228 0.046853 -0.008472 -32.546391 44.979750 71.293125 -0.260127 -0.014369 -0.031269 -168.818425 123.889427 176.947211 -0.269108 0.006794 -0.006027 10.615140 8.347776 -2.187273 -0.088754 -0.008652 -0.010107 -5.203652 4.799241 12.721001 
-0.064048 0.196723 1.366676 -0.000000 0.000000 -0.000000 -0.066221 1.169446 1.395260 160.568554 45.416011 2.375016 0.058581 -0.082280 -0.017664 -43.698809 -4.361699 -18.207165 0.043451 -0.386469 0.008037 117.915020 -12.257730 -2.801666 -0.014791 -0.426874 -0.037428 -18.190582 7.918367 2.462887 0.041054 -0.060286 0.122042 -19.282399 7.644063 2.631995 -0.060310 -0.090513 -0.013543 -45.990662 -3.705428 -27.334904 -0.043257 -0.383688 -0.004843 104.802443 13.743115 14.231999 0.019056 -0.420046 -0.034562 -32.178923 -5.460772 -6.507496 -0.034840 -0.062106 0.130323 -9.754388 9.048846 -9.908999 0.004440 0.124404 -0.038385 30.342873 10.797708 13.246539 0.004488 0.137957 0.026820 -7.419075 6.272297 6.521528 -0.002265 0.056032 0.002855 -16.747667 7.821358 2.115285 -0.013390 0.211636 -0.033468 6.834916 -12.694918 36.592820 0.010113 0.088938 0.050410 35.518777 7.282936 -37.749318 0.071702 0.114000 -0.018898 5.901387 -16.746266 -21.980100 0.122921 0.045205 -0.019046 -12.741260 -17.296846 -77.936188 0.255332 -0.015649 -0.022946 12.473294 -29.433020 10.764826 0.265709 0.012698 -0.007375 6.839771 -0.355195 3.043451 0.086690 -0.010636 -0.015594 -9.236817 -4.577067 -7.784598 -0.082954 0.112472 -0.023707 5.280048 27.203402 -20.733529 -0.113229 0.046853 -0.008472 -33.471045 42.683491 72.854213 -0.260128 -0.014369 -0.031269 -167.968627 126.534022 174.577613 -0.269108 0.006794 -0.006027 10.972176 8.642973 -2.584728 -0.088754 -0.008652 -0.010107 -5.173997 4.907901 12.638399 
-0.063971 0.193757 1.383820 -0.000000 0.000000 -0.000000 -0.066144 1.166480 1.412404 160.597473 45.220791 1.842478 0.058581 -0.082280 -0.017664 -44.491996 -3.740279 -19.748696 0.043451 -0.386469 0.008037 115.565708 -12.047603 -3.004717 -0.014790 -0.426874 -0.037428 -18.716878 8.178591 1.970853 0.041054 -0.060286 0.122042 -19.912614 7.496527 2.340417 -0.060310 -0.090513 -0.013543 -47.604967 -3.304033 -30.014112 -0.043257 -0.383687 -0.004843 102.592754 14.066383 14.587488 0.019056 -0.420045 -0.034562 -34.454268 -4.431410 -6.942455 -0.034840 -0.062106 0.130323 -10.397801 9.018877 -9.398063 0.004439 0.124404 -0.038385 30.678836 9.873297 14.027866 0.004488 0.137956 0.026820 -7.150165 5.142975 5.414229 -0.002265 0.056032 0.002855 -16.790745 6.048794 0.129646 -0.013390 0.211635 -0.033468 6.974552 -16.510377 38.695774 0.010113 0.088937 0.050410 36.096734 6.918609 -36.409741 0.071702 0.113999 -0.018898 4.764229 -17.984392 -23.009678 0.122921 0.045205 -0.019046 -13.615054 -17.194091 -79.211043 0.255332 -0.015649 -0.022946 12.304485 -25.742969 11.452960 0.265709 0.012698 -0.007375 7.115052 -0.294588 3.187316 0.086691 -0.010636 -0.015594 -9.159649 -4.695945 -7.713603 -0.082954 0.112472 -0.023707 8.032639 27.664897 -20.699687 -0.113228 0.046853 -0.008472 -34.146315 40.944126 75.922095 -0.260128 -0.014370 -0.031269 -167.211131 128.494327 172.804756 -0.269108 0.006793 -0.006027 11.195083 9.013048 -2.850017 -0.088754 -0.008651 -0.010107 -5.135888 4.946794 12.603648 
-0.069556 0.197686 1.392016 -0.000000 0.000000 -0.000000 -0.071730 1.170410 1.420600 158.809616 44.137898 2.807168 0.058582 -0.082280 -0.017664 -45.244744 -2.904434 -21.119524 0.043452 -0.386469 0.008037 113.302286 -11.844170 -3.262721 -0.014790 -0.426874 -0.037428 -19.379832 8.414071 1.362353 0.041054 -0.060286 0.122042 -20.611650 7.377561 2.162480 -0.060309 -0.090513 -0.013543 -49.310097 -2.825767 -31.756114 -0.043257 -0.383688 -0.004843 100.261344 14.328012 14.913061 0.019056 -0.420045 -0.034561 -36.718230 -3.325653 -7.307907 -0.034840 -0.062106 0.130323 -11.070586 8.947864 -8.810965 0.004440 0.124404 -0.038385 31.720826 8.767395 14.846471 0.004488 0.137956 0.026821 -6.204437 3.823586 3.789625 -0.002264 0.056032 0.002855 -15.640964 4.586841 -2.870962 -0.013390 0.211636 -0.033467 4.642184 -23.310944 39.146150 0.010113 0.088938 0.050410 34.849947 5.384359 -32.026289 0.071703 0.114000 -0.018898 4.624993 -19.350822 -24.204237 0.122921 0.045205 -0.019046 -12.952025 -17.217867 -82.508364 0.255332 -0.015649 -0.022947 12.388695 -23.318044 11.972524 0.265709 0.012698 -0.007375 7.279672 -0.303202 3.151104 0.086690 -0.010636 -0.015595 -9.046592 -4.756078 -7.627026 -0.082953 0.112472 -0.023707 11.280177 28.740364 -20.193726 -0.113229 0.046853 -0.008472 -33.963368 38.794033 78.253532 -0.260128 -0.014369 -0.031269 -167.016416 131.852103 170.958911 -0.269108 0.006794 -0.006027 11.317359 9.431278 -3.023583 -0.088754 -0.008652 -0.010107 -5.111594 4.976691 12.608492 
-0.068032 0.198604 1.396087 -0.000000 0.000000 -0.000000 -0.070206 1.171328 1.424671 157.425752 41.081470 2.141593 0.058581 -0.082280 -0.017664 -46.062936 -1.901215 -22.127537 0.043451 -0.386470 0.008037 111.101824 -11.634352 -3.546532 -0.014791 -0.426874 -0.037428 -20.195693 8.661236 0.631603 0.041054 -0.060286 0.122042 -21.339014 7.287461 2.150008 -0.060310 -0.090513 -0.013543 -50.832593 -2.391031 -32.073209 -0.043257 -0.383688 -0.004843 97.904082 14.515699 15.155584 0.019056 -0.420045 -0.034562 -38.898201 -2.203583 -7.597728 -0.034840 -0.062106 0.130323 -11.757911 8.822297 -8.143102 0.004439 0.124404 -0.038385 33.251280 7.133761 15.704224 0.004488 0.137957 0.026821 -5.243372 1.883200 2.589704 -0.002265 0.056033 0.002855 -15.001520 1.851643 -5.120449 -0.013390 0.211636 -0.033468 -0.650112 -29.918308 34.996131 0.010113 0.088937 0.050410 32.564768 3.062561 -26.270393 0.071703 0.114000 -0.018898 3.558810 -19.750322 -23.850107 0.122921 0.045205 -0.019046 -13.626591 -17.377953 -84.205851 0.255332 -0.015649 -0.022947 13.191141 -23.933840 15.137362 0.265709 0.012698 -0.007375 7.331370 -0.389713 2.972131 0.086690 -0.010636 -0.015595 -8.896325 -4.701823 -7.542691 -0.082953 0.112472 -0.023707 14.178556 29.179104 -18.435661 -0.113228 0.046853 -0.008472 -33.100429 36.143404 80.936082 -0.260127 -0.014369 -0.031269 -166.748482 133.637910 167.876802 -0.269108 0.006794 -0.006027 11.272629 9.917980 -3.072854 -0.088754 -0.008651 -0.010107 -5.085350 4.892634 12.659507 
-0.066107 0.200269 1.401995 -0.000000 0.000000 -0.000000 -0.068280 1.172993 1.430579 157.232908 38.348189 1.254276 0.058582 -0.082280 -0.017664 -46.969852 -0.798037 -22.588001 0.043451 -0.386469 0.008037 108.940179 -11.413481 -3.848141 -0.014790 -0.426874 -0.037428 -21.161965 8.959599 -0.206340 0.041054 -0.060286 0.122043 -22.076247 7.192255 2.286139 -0.060310 -0.090513 -0.013542 -51.989802 -1.857927 -30.909639 -0.043257 -0.383688 -0.004843 95.436287 14.502588 15.076796 0.019056 -0.420045 -0.034562 -40.833374 -1.305297 -7.837911 -0.034840 -0.062106 0.130323 -12.446979 8.567903 -7.440213 0.004440 0.124404 -0.038385 35.306901 6.115987 16.509739 0.004489 0.137956 0.026820 -4.198404 0.462881 1.994980 -0.002265 0.056033 0.002855 -14.789041 -0.026860 -5.753571 -0.013390 0.211635 -0.033468 -6.551948 -32.734105 26.867582 0.010113 0.088937 0.050410 31.955935 0.811682 -21.347881 0.071703 0.113999 -0.018898 1.576710 -19.229513 -21.678725 0.122922 0.045205 -0.019046 -16.047442 -17.595173 -84.920930 0.255332 -0.015649 -0.022946 14.906167 -26.947323 20.881804 0.265710 0.012698 -0.007375 7.231660 -0.502394 2.622040 0.086690 -0.010636 -0.015594 -8.748968 -4.592941 -7.518004 -0.082954 0.112472 -0.023708 16.165335 28.525675 -15.863080 -0.113228 0.046853 -0.008472 -30.369125 32.674375 81.131589 -0.260127 -0.014369 -0.031269 -167.063080 135.962196 164.063630 -0.269108 0.006794 -0.006027 11.020448 10.319696 -2.962118 -0.088754 -0.008651 -0.010107 -5.119209 4.804415 12.789024 
-0.067429 0.194669 1.422220 -0.000000 0.000000 -0.000000 -0.069602 1.167392 1.450804 156.895046 34.734647 1.516284 0.058581 -0.082280 -0.017664 -47.853388 0.317080 -22.456409 0.043451 -0.386469 0.008037 106.786838 -11.173182 -4.162592 -0.014790 -0.426874 -0.037428 -22.258680 9.289278 -1.134679 0.041054 -0.060286 0.122043 -22.826473 7.113776 2.553466 -0.060310 -0.090513 -0.013543 -53.738255 -0.661214 -28.903363 -0.043257 -0.383688 -0.004843 93.032101 14.396377 14.719761 0.019056 -0.420045 -0.034562 -42.502577 -0.603849 -8.012815 -0.034840 -0.062105 0.130323 -13.121229 8.162386 -6.718839 0.004439 0.124404 -0.038385 38.197768 5.033291 17.121177 0.004488 0.137957 0.026821 -3.033386 -1.128197 0.899282 -0.002264 0.056032 0.002855 -15.218003 -1.495437 -8.047835 -0.013390 0.211636 -0.033468 -11.255383 -31.506723 17.894607 0.010113 0.088937 0.050410 33.451801 -0.316703 -17.834121 0.071702 0.114000 -0.018898 -0.057409 -19.084525 -18.738136 0.122921 0.045205 -0.019046 -17.349679 -18.145448 -83.622054 0.255332 -0.015649 -0.022946 15.970709 -28.595198 24.462056 0.265709 0.012698 -0.007375 7.001008 -0.618682 2.099827 0.086691 -0.010636 -0.015594 -8.594478 -4.532876 -7.525698 -0.082954 0.112472 -0.023707 17.480727 27.187114 -13.488427 -0.113228 0.046853 -0.008472 -26.630361 29.048928 79.697475 -0.260128 -0.014369 -0.031269 -167.597829 137.876657 160.174916 -0.269108 0.006794 -0.006027 10.539600 10.569888 -2.629920 -0.088754 -0.008652 -0.010107 -5.188900 4.740426 12.962060 
-0.068724 0.193853 1.423488 -0.000000 0.000000 -0.000000 -0.070898 1.166577 1.452072 155.285034 31.210413 2.652851 0.058581 -0.082280 -0.017664 -48.693754 1.389071 -21.456810 0.043451 -0.386469 0.008037 104.666051 -10.907127 -4.460228 -0.014790 -0.426874 -0.037428 -23.418002 9.722635 -2.121541 0.041055 -0.060286 0.122042 -23.632864 7.093443 2.870002 -0.060310 -0.090513 -0.013543 -55.358250 0.512653 -26.173698 -0.043257 -0.383688 -0.004843 91.171715 14.349958 14.158003 0.019055 -0.420046 -0.034562 -44.054867 -0.116255 -8.121143 -0.034840 -0.062106 0.130323 -13.841287 7.666856 -5.987092 0.004440 0.124404 -0.038385 41.205124 4.232046 17.755084 0.004488 0.137956 0.026820 -1.859537 -2.468596 0.098384 -0.002265 0.056033 0.002855 -15.193433 -2.523436 -9.663651 -0.013390 0.211636 -0.033468 -15.000735 -27.839559 10.424418 0.010113 0.088938 0.050410 35.677022 0.243701 -14.941725 0.071703 0.113999 -0.018898 -0.729661 -19.734408 -15.029953 0.122921 0.045205 -0.019046 -16.744146 -19.092259 -80.756086 0.255332 -0.015649 -0.022946 15.696878 -28.314102 24.372118 0.265709 0.012698 -0.007375 6.699221 -0.739133 1.491679 0.086691 -0.010636 -0.015594 -8.419769 -4.570571 -7.469189 -0.082954 0.112472 -0.023708 18.010271 26.257236 -11.578621 -0.113228 0.046853 -0.008472 -23.756052 26.001519 78.224920 -0.260128 -0.014369 -0.031269 -168.334247 139.688543 157.297822 -0.269108 0.006794 -0.006027 9.948180 10.727446 -2.164801 -0.088754 -0.008651 -0.010107 -5.260942 4.802894 13.084137 
-0.069543 0.192255 1.423445 -0.000000 0.000000 -0.000000 -0.071717 1.164979 1.452029 153.997106 28.341001 3.586669 0.058581 -0.082280 -0.017664 -49.776243 2.468349 -19.610098 0.043452 -0.386470 0.008037 102.566444 -10.612272 -4.726747 -0.014790 -0.426874 -0.037428 -24.614298 10.241249 -3.123715 0.041054 -0.060286 0.122043 -24.492872 7.138782 3.231703 -0.060310 -0.090513 -0.013543 -54.892465 0.776556 -23.354307 -0.043257 -0.383688 -0.004843 89.912426 14.221769 13.296967 0.019056 -0.420046 -0.034562 -45.152670 0.031800 -8.206850 -0.034840 -0.062105 0.130323 -14.456947 7.104414 -5.341802 0.004439 0.124403 -0.038385 43.166171 3.515921 17.701373 0.004488 0.137957 0.026820 -1.333720 -3.446641 -0.547935 -0.002265 0.056032 0.002855 -15.735931 -3.132968 -10.260191 -0.013390 0.211636 -0.033468 -17.189701 -23.693463 5.670628 0.010113 0.088938 0.050410 38.123941 1.671873 -12.274963 0.071703 0.114000 -0.018898 -1.132635 -20.888626 -11.681046 0.122921 0.045205 -0.019046 -16.234928 -20.493738 -78.762784 0.255332 -0.015649 -0.022946 15.281063 -28.115285 22.966856 0.265709 0.012698 -0.007375 6.281384 -0.861693 0.855214 0.086690 -0.010636 -0.015594 -8.212865 -4.630209 -7.352820 -0.082954 0.112472 -0.023707 18.149739 25.882517 -9.910562 -0.113229 0.046853 -0.008472 -21.783929 23.294606 77.735291 -0.260127 -0.014369 -0.031269 -169.765786 142.472091 155.875490 -0.269108 0.006794 -0.006027 9.250135 10.745669 -1.607411 -0.088754 -0.008652 -0.010107 -5.348631 4.967609 13.138075 
-0.071426 0.184381 1.435493 -0.000000 0.000000 -0.000000 -0.073599 1.157104 1.464076 153.217044 26.149734 4.368717 0.058581 -0.082280 -0.017664 -50.903645 3.446919 -17.881626 0.043451 -0.386469 0.008037 100.438581 -10.285933 -4.943518 -0.014790 -0.426874 -0.037428 -25.768630 10.824658 -4.110547 0.041054 -0.060286 0.122042 -25.369445 7.263980 3.657807 -0.060310 -0.090513 -0.013543 -53.766354 0.258157 -20.019954 -0.043257 -0.383688 -0.004843 88.440390 13.865971 12.738423 0.019056 -0.420045 -0.034562 -45.683471 0.001602 -8.244515 -0.034840 -0.062106 0.130323 -14.928758 6.529152 -4.798787 0.004439 0.124404 -0.038385 44.408626 2.569425 16.913807 0.004488 0.137956 0.026821 -1.381823 -4.467701 -1.128007 -0.002265 0.056032 0.002855 -17.078557 -4.054770 -10.371573 -0.013390 0.211636 -0.033468 -17.307387 -19.894254 3.430642 0.010113 0.088937 0.050410 41.213843 3.373852 -9.822113 0.071703 0.114000 -0.018899 -1.189123 -22.185860 -8.615432 0.122921 0.045205 -0.019046 -15.568264 -21.860994 -76.553033 0.255332 -0.015649 -0.022947 14.491898 -27.409793 20.838788 0.265709 0.012698 -0.007375 5.745641 -0.946413 0.251838 0.086691 -0.010636 -0.015594 -7.981177 -4.699197 -7.186357 -0.082954 0.112472 -0.023708 17.724877 25.816329 -8.580761 -0.113228 0.046853 -0.008472 -20.630491 21.078741 77.900548 -0.260127 -0.014369 -0.031269 -171.322564 145.373610 155.231950 -0.269108 0.006794 -0.006027 8.419809 10.610109 -0.980586 -0.088754 -0.008652 -0.010107 -5.447445 5.172875 13.120170 
-0.069856 0.180644 1.437191 -0.000000 0.000000 -0.000000 -0.072030 1.153367 1.465775 152.907732 23.737829 3.901178 0.058581 -0.082280 -0.017664 -50.697359 3.886036 -16.261902 0.043451 -0.386469 0.008037 98.243515 -9.903644 -5.040668 -0.014790 -0.426874 -0.037428 -26.828602 11.542172 -5.060503 0.041054 -0.060286 0.122043 -26.281439 7.488327 4.122300 -0.060310 -0.090513 -0.013543 -52.304110 -0.179905 -17.189488 -0.043257 -0.383688 -0.004843 87.601377 13.613720 11.995377 0.019056 -0.420046 -0.034562 -45.989897 -0.134589 -8.264817 -0.034840 -0.062106 0.130323 -15.353328 5.984323 -4.274443 0.004439 0.124404 -0.038385 44.699189 1.679112 15.925348 0.004488 0.137956 0.026820 -1.755174 -5.197700 -1.376936 -0.002265 0.056032 0.002855 -17.937110 -4.724412 -9.552172 -0.013390 0.211636 -0.033468 -17.327674 -16.191081 2.040830 0.010113 0.088937 0.050410 43.922238 5.229190 -7.867421 0.071703 0.114000 -0.018898 -0.971646 -23.395114 -6.031713 0.122921 0.045205 -0.019045 -15.007850 -22.896538 -74.601703 0.255332 -0.015649 -0.022947 13.343861 -25.908576 18.585819 0.265709 0.012698 -0.007375 5.148098 -0.978703 -0.251356 0.086691 -0.010636 -0.015594 -7.720461 -4.782877 -6.942793 -0.082954 0.112472 -0.023707 16.645849 26.183568 -7.171323 -0.113228 0.046853 -0.008472 -20.234685 19.677391 78.365923 -0.260127 -0.014369 -0.031269 -172.546165 147.609472 155.148840 -0.269108 0.006794 -0.006027 7.485062 10.368913 -0.373682 -0.088754 -0.008651 -0.010107 -5.536512 5.362949 12.973704 
-0.070157 0.180521 1.434606 -0.000000 0.000000 -0.000000 -0.072330 1.153245 1.463190 152.247061 21.050687 3.595939 0.058581 -0.082280 -0.017664 -50.320507 3.939563 -15.229780 0.043451 -0.386470 0.008037 96.045997 -9.477171 -4.954807 -0.014790 -0.426874 -0.037428 -27.829247 12.417967 -5.915077 0.041054 -0.060286 0.122042 -27.171310 7.814294 4.636519 -0.060310 -0.090513 -0.013543 -51.339516 -0.232713 -14.964393 -0.043257 -0.383688 -0.004843 87.500549 13.556166 11.152306 0.019056 -0.420046 -0.034562 -46.219190 -0.253747 -8.270728 -0.034840 -0.062105 0.130323 -15.747028 5.471228 -3.713634 0.004439 0.124404 -0.038385 44.853975 1.015228 14.970791 0.004489 0.137956 0.026820 -2.127909 -5.635120 -1.769378 -0.002265 0.056033 0.002855 -18.536391 -4.507830 -9.152526 -0.013390 0.211635 -0.033468 -17.952220 -12.852667 0.849426 0.010113 0.088937 0.050410 45.761888 6.804879 -6.236231 0.071702 0.114000 -0.018898 -1.025554 -24.294496 -4.399021 0.122921 0.045205 -0.019046 -15.082721 -23.599118 -72.594399 0.255332 -0.015649 -0.022947 12.227752 -24.424729 17.420771 0.265709 0.012698 -0.007375 4.514436 -0.996524 -0.630009 0.086691 -0.010636 -0.015594 -7.416717 -4.836451 -6.626679 -0.082954 0.112472 -0.023707 15.107786 27.028015 -5.641393 -0.113228 0.046853 -0.008472 -19.974130 19.527309 78.348082 -0.260127 -0.014369 -0.031269 -173.206672 148.616870 156.142714 -0.269108 0.006793 -0.006027 6.453642 10.042811 0.218852 -0.088754 -0.008651 -0.010107 -5.595486 5.452034 12.681079 
-0.071627 0.179726 1.434792 -0.000000 0.000000 -0.000000 -0.073801 1.152450 1.463376 152.240955 18.508831 3.595007 0.058581 -0.082280 -0.017664 -49.492425 4.111436 -14.218463 0.043451 -0.386470 0.008037 94.111189 -9.105155 -4.919715 -0.014790 -0.426874 -0.037428 -28.898650 13.170802 -6.683837 0.041055 -0.060286 0.122042 -28.056634 8.132494 5.213927 -0.060310 -0.090514 -0.013543 -50.827655 -0.036959 -13.187265 -0.043257 -0.383688 -0.004843 87.507018 13.546251 10.251492 0.019056 -0.420046 -0.034562 -46.174360 -0.312533 -8.261104 -0.034840 -0.062106 0.130323 -16.096476 4.988327 -3.131576 0.004440 0.124403 -0.038385 45.060045 0.295269 14.218995 0.004489 0.137956 0.026820 -2.490836 -6.102803 -2.298270 -0.002265 0.056032 0.002855 -19.122334 -3.968116 -9.475713 -0.013390 0.211636 -0.033468 -18.982861 -10.334068 0.179949 0.010113 0.088937 0.050410 46.863731 7.969956 -4.512068 0.071702 0.114000 -0.018898 -0.896819 -24.607184 -3.475958 0.122922 0.045205 -0.019046 -14.759583 -23.453534 -69.686064 0.255332 -0.015649 -0.022946 10.713307 -21.853300 17.089130 0.265710 0.012698 -0.007375 3.859222 -0.967818 -0.858221 0.086691 -0.010636 -0.015594 -7.080857 -4.903319 -6.270796 -0.082954 0.112473 -0.023708 12.909616 27.933472 -4.048558 -0.113228 0.046853 -0.008472 -20.234538 19.897176 78.004954 -0.260127 -0.014369 -0.031269 -173.471779 148.894859 157.101837 -0.269108 0.006793 -0.006027 5.312553 9.608415 0.811385 -0.088754 -0.008651 -0.010107 -5.641317 5.473419 12.310608 
-0.075181 0.179889 1.434221 -0.000000 0.000000 -0.000000 -0.077355 1.152613 1.462805 152.199851 16.090408 3.331718 0.058581 -0.082280 -0.017664 -48.703053 4.310046 -13.905514 0.043451 -0.386469 0.008037 92.149982 -8.751715 -4.841536 -0.014790 -0.426874 -0.037428 -29.799641 13.889582 -7.392832 0.041054 -0.060286 0.122043 -28.843568 8.444526 5.871488 -0.060310 -0.090513 -0.013543 -50.723201 0.169349 -11.441277 -0.043257 -0.383688 -0.004843 87.494553 13.542687 9.477770 0.019056 -0.420046 -0.034562 -45.935850 -0.322281 -8.238175 -0.034840 -0.062105 0.130323 -16.448704 4.524064 -2.508998 0.004440 0.124404 -0.038385 45.332809 -0.324476 13.624549 0.004488 0.137956 0.026820 -2.635406 -6.459203 -2.825398 -0.002265 0.056032 0.002855 -19.001130 -3.040966 -10.024824 -0.013390 0.211636 -0.033467 -20.393861 -8.428461 -0.136711 0.010113 0.088937 0.050410 47.356304 8.784137 -2.858630 0.071702 0.114000 -0.018898 -0.836918 -24.555514 -3.112799 0.122922 0.045205 -0.019046 -14.540429 -22.927135 -66.109497 0.255332 -0.015649 -0.022946 9.095341 -19.235056 17.397641 0.265709 0.012698 -0.007375 3.185588 -0.914005 -0.927241 0.086691 -0.010636 -0.015594 -6.702935 -4.970064 -5.851204 -0.082954 0.112473 -0.023707 10.417123 29.003432 -2.175305 -0.113228 0.046853 -0.008472 -20.908672 20.497072 78.025253 -0.260128 -0.014369 -0.031269 -173.761611 149.293510 158.444898 -0.269109 0.006794 -0.006027 4.095043 9.052108 1.374265 -0.088754 -0.008652 -0.010107 -5.677602 5.462323 11.862768 
-0.077704 0.181114 1.431548 -0.000000 0.000000 -0.000000 -0.079878 1.153838 1.460131 152.867338 14.222750 3.493429 0.058581 -0.082280 -0.017664 -47.060512 4.590562 -13.463795 0.043451 -0.386469 0.008037 90.171372 -8.435775 -4.804662 -0.014790 -0.426875 -0.037428 -30.494151 14.468386 -8.075676 0.041054 -0.060286 0.122042 -29.513152 8.674661 6.621529 -0.060310 -0.090513 -0.013542 -50.762912 0.602537 -9.991507 -0.043257 -0.383688 -0.004843 87.283466 13.552085 8.561382 0.019055 -0.420046 -0.034562 -45.545918 -0.253128 -8.195669 -0.034840 -0.062106 0.130323 -16.827971 4.083128 -1.856146 0.004439 0.124403 -0.038385 45.518344 -0.788595 13.436757 0.004488 0.137957 0.026820 -2.556187 -6.614067 -3.231030 -0.002265 0.056032 0.002855 -18.063841 -1.595396 -10.591128 -0.013390 0.211636 -0.033468 -22.100336 -6.727169 -0.296924 0.010113 0.088937 0.050410 47.439748 9.399616 -1.651877 0.071703 0.114000 -0.018898 -1.017106 -24.403952 -3.102335 0.122922 0.045205 -0.019046 -14.710260 -22.647808 -61.851085 0.255332 -0.015649 -0.022946 7.726196 -17.919787 17.931719 0.265709 0.012698 -0.007375 2.475739 -0.877882 -0.862821 0.086690 -0.010636 -0.015594 -6.266487 -5.006290 -5.366355 -0.082954 0.112472 -0.023708 7.991424 30.228006 -0.048292 -0.113228 0.046853 -0.008472 -21.661602 21.066914 78.688970 -0.260127 -0.014370 -0.031269 -174.332560 150.486922 160.453110 -0.269108 0.006794 -0.006027 2.812939 8.361086 1.894914 -0.088754 -0.008652 -0.010107 -5.701897 5.443052 11.348342 
-0.082783 0.182883 1.427468 -0.000000 0.000000 -0.000000 -0.084957 1.155607 1.456051 153.478599 12.972265 4.053746 0.058581 -0.082280 -0.017664 -44.272053 4.461795 -12.083998 0.043451 -0.386470 0.008037 88.690211 -8.134436 -4.647595 -0.014790 -0.426875 -0.037428 -31.511324 15.064426 -8.523704 0.041055 -0.060286 0.122042 -30.208769 8.832617 7.404998 -0.060310 -0.090513 -0.013543 -50.125905 0.868113 -8.939538 -0.043257 -0.383688 -0.004843 86.668113 13.549791 7.623047 0.019056 -0.420046 -0.034562 -45.025474 -0.057145 -8.111033 -0.034840 -0.062106 0.130323 -17.238805 3.705539 -1.214915 0.004439 0.124403 -0.038385 44.451056 -1.539287 12.994611 0.004488 0.137956 0.026821 -3.110405 -6.791443 -3.691573 -0.002265 0.056033 0.002855 -17.474124 -0.311708 -11.283872 -0.013390 0.211636 -0.033468 -23.276482 -5.286652 -0.141332 0.010113 0.088937 0.050410 47.916359 9.800011 -0.828118 0.071702 0.114000 -0.018899 -1.432747 -24.096530 -2.856995 0.122921 0.045205 -0.019046 -15.090883 -22.731165 -56.241721 0.255332 -0.015649 -0.022946 6.824235 -18.688262 18.738793 0.265710 0.012698 -0.007375 1.715245 -0.891698 -0.668386 0.086691 -0.010636 -0.015594 -5.776249 -4.969269 -4.809941 -0.082954 0.112472 -0.023708 5.461593 31.177420 1.621776 -0.113228 0.046853 -0.008472 -22.301652 21.532042 78.606393 -0.260128 -0.014369 -0.031269 -174.825590 151.801159 162.300184 -0.269108 0.006794 -0.006027 1.481227 7.602064 2.346682 -0.088754 -0.008651 -0.010107 -5.689922 5.413970 10.762870 
-0.088885 0.183842 1.430470 -0.000000 0.000000 -0.000000 -0.091058 1.156565 1.459054 152.940066 11.998692 4.757896 0.058581 -0.082280 -0.017664 -42.001593 4.152659 -10.487531 0.043451 -0.386469 0.008037 87.785744 -7.866699 -4.364694 -0.014790 -0.426875 -0.037428 -32.906619 15.732786 -8.696607 0.041054 -0.060286 0.122042 -30.970028 8.961981 8.152188 -0.060310 -0.090513 -0.013543 -49.774457 0.969610 -8.123424 -0.043257 -0.383688 -0.004843 86.572750 13.716943 6.902114 0.019056 -0.420045 -0.034562 -44.635095 0.262445 -7.999804 -0.034840 -0.062105 0.130323 -17.720465 3.393779 -0.536925 0.004439 0.124403 -0.038385 42.357886 -2.381670 12.239750 0.004489 0.137956 0.026820 -4.006824 -6.908315 -3.754711 -0.002265 0.056033 0.002855 -16.636710 0.517889 -10.931220 -0.013390 0.211636 -0.033468 -23.750361 -2.879305 -0.377404 0.010113 0.088937 0.050409 49.150574 10.400271 -0.966445 0.071702 0.114000 -0.018898 -2.701951 -24.673744 -2.474266 0.122922 0.045205 -0.019046 -17.416830 -25.006094 -51.484501 0.255332 -0.015649 -0.022947 6.960541 -22.988426 19.226421 0.265709 0.012698 -0.007375 0.905676 -0.981933 -0.394771 0.086691 -0.010636 -0.015594 -5.235885 -4.814882 -4.146348 -0.082954 0.112472 -0.023707 3.496346 32.279430 3.402164 -0.113228 0.046853 -0.008472 -22.126557 22.087032 78.532812 -0.260127 -0.014369 -0.031269 -175.485878 153.854519 165.323431 -0.269108 0.006794 -0.006027 0.166203 6.816825 2.701071 -0.088754 -0.008651 -0.010107 -5.633818 5.409676 10.067141 
-0.095992 0.183823 1.430895 -0.000000 0.000000 -0.000000 -0.098166 1.156547 1.459478 151.999112 11.803550 5.614048 0.058581 -0.082280 -0.017664 -40.383821 4.102148 -7.936420 0.043451 -0.386470 0.008037 86.988190 -7.655819 -4.129278 -0.014790 -0.426874 -0.037428 -34.161358 16.297530 -8.776072 0.041054 -0.060286 0.122042 -31.704761 9.075936 8.838753 -0.060310 -0.090513 -0.013543 -49.668521 1.112998 -7.834577 -0.043257 -0.383688 -0.004843 87.141562 13.894395 6.157789 0.019056 -0.420046 -0.034561 -44.547095 0.371678 -7.924665 -0.034840 -0.062106 0.130323 -18.243558 3.092611 0.127220 0.004439 0.124404 -0.038385 40.149396 -3.424958 11.109066 0.004488 0.137957 0.026820 -4.862013 -7.277970 -3.750835 -0.002265 0.056032 0.002855 -15.203187 0.701202 -10.557764 -0.013390 0.211636 -0.033468 -23.888634 -1.321071 -0.102817 0.010113 0.088937 0.050410 50.597311 10.478406 -1.065385 0.071702 0.114000 -0.018898 -3.111800 -24.664937 -2.397488 0.122921 0.045205 -0.019046 -18.170456 -26.603848 -46.476453 0.255332 -0.015649 -0.022946 7.638846 -29.234890 19.725035 0.265709 0.012698 -0.007375 0.081024 -1.158796 -0.024426 0.086691 -0.010636 -0.015594 -4.662832 -4.533094 -3.441999 -0.082954 0.112472 -0.023707 0.592401 33.030552 4.933451 -0.113229 0.046853 -0.008472 -22.714112 23.103702 77.396828 -0.260127 -0.014369 -0.031269 -175.483966 153.980509 167.814606 -0.269108 0.006794 -0.006027 -1.155779 6.112216 2.984545 -0.088754 -0.008652 -0.010107 -5.501115 5.354434 9.292698 
-0.098403 0.184226 1.427614 -0.000000 0.000000 -0.000000 -0.100577 1.156950 1.456198 151.844763 11.237597 5.775504 0.058581 -0.082280 -0.017664 -38.875074 4.822460 -7.032142 0.043451 -0.386470 0.008037 86.211276 -7.584097 -4.221442 -0.014790 -0.426874 -0.037428 -35.119859 16.517306 -8.903391 0.041055 -0.060286 0.122042 -32.391393 9.119506 9.460967 -0.060310 -0.090513 -0.013543 -50.038301 1.099254 -7.501201 -0.043257 -0.383688 -0.004843 87.926992 14.072614 5.548903 0.019055 -0.420046 -0.034562 -44.808329 0.356658 -7.876654 -0.034840 -0.062106 0.130323 -18.820390 2.821432 0.779792 0.004439 0.124404 -0.038385 38.285970 -4.309285 9.848336 0.004488 0.137957 0.026820 -5.445528 -7.619591 -3.714172 -0.002265 0.056032 0.002855 -13.131547 0.936145 -10.203735 -0.013390 0.211636 -0.033468 -24.144249 -0.903784 0.768717 0.010113 0.088937 0.050410 51.855401 9.922410 -1.038836 0.071702 0.114000 -0.018898 -2.854630 -23.580543 -2.783625 0.122922 0.045205 -0.019046 -17.331769 -26.694237 -40.373771 0.255332 -0.015649 -0.022947 9.511506 -37.872552 22.240033 0.265709 0.012698 -0.007375 -0.752174 -1.439535 0.440347 0.086690 -0.010636 -0.015594 -4.073880 -4.114045 -2.780122 -0.082954 0.112472 -0.023707 -2.954128 33.296773 6.249424 -0.113229 0.046853 -0.008472 -23.727010 24.035303 75.303293 -0.260128 -0.014369 -0.031269 -175.221509 153.259541 169.377845 -0.269108 0.006794 -0.006027 -2.489161 5.470172 3.174650 -0.088754 -0.008652 -0.010107 -5.312672 5.265786 8.472442 
-0.100091 0.187104 1.424594 -0.000000 0.000000 -0.000000 -0.102264 1.159828 1.453178 152.426272 10.625681 6.067079 0.058581 -0.082280 -0.017664 -38.290389 5.565828 -6.891913 0.043451 -0.386469 0.008037 85.811792 -7.572474 -4.337556 -0.014790 -0.426874 -0.037428 -36.283768 16.755745 -8.863099 0.041054 -0.060286 0.122042 -33.119259 9.141582 9.997483 -0.060310 -0.090513 -0.013543 -51.186578 1.184081 -7.600307 -0.043257 -0.383688 -0.004843 89.202366 14.346385 4.922705 0.019056 -0.420045 -0.034562 -45.515759 0.255593 -7.858649 -0.034840 -0.062105 0.130323 -19.488485 2.572157 1.457687 0.004439 0.124404 -0.038385 37.006662 -4.885680 8.365970 0.004488 0.137956 0.026820 -5.825514 -7.802761 -3.572601 -0.002265 0.056033 0.002855 -10.918399 1.321379 -9.332066 -0.013390 0.211636 -0.033467 -24.853607 -0.694645 1.447793 0.010113 0.088937 0.050410 52.708778 8.936590 -1.380240 0.071702 0.114000 -0.018898 -3.964512 -22.151779 -3.228214 0.122921 0.045205 -0.019047 -18.158603 -26.917045 -32.243271 0.255332 -0.015649 -0.022946 14.886706 -49.217428 30.780316 0.265710 0.012698 -0.007375 -1.591665 -1.803280 1.033080 0.086691 -0.010636 -0.015594 -3.490878 -3.542730 -2.187235 -0.082954 0.112473 -0.023707 -5.242467 33.430463 7.629430 -0.113228 0.046853 -0.008472 -22.781959 24.596669 73.241785 -0.260128 -0.014370 -0.031269 -175.029185 152.751922 171.410263 -0.269108 0.006794 -0.006027 -3.796436 4.899217 3.264429 -0.088754 -0.008651 -0.010107 -5.082808 5.160005 7.602982 
-0.102647 0.191680 1.425477 -0.000000 0.000000 -0.000000 -0.104821 1.164404 1.454061 152.823884 10.372653 6.536804 0.058581 -0.082280 -0.017664 -38.567667 6.243934 -7.137935 0.043451 -0.386469 0.008037 85.494591 -7.571152 -4.423213 -0.014790 -0.426875 -0.037428 -37.475076 17.006201 -8.767250 0.041055 -0.060286 0.122042 -33.844004 9.191253 10.483031 -0.060310 -0.090513 -0.013543 -52.418529 1.308360 -7.736729 -0.043257 -0.383688 -0.004843 90.629609 14.621545 4.253723 0.019056 -0.420045 -0.034562 -46.322743 0.130799 -7.842965 -0.034840 -0.062105 0.130323 -20.161993 2.342348 2.127042 0.004439 0.124404 -0.038385 35.657388 -5.269104 6.680851 0.004488 0.137956 0.026820 -6.009217 -7.842034 -3.355201 -0.002265 0.056033 0.002855 -8.045275 1.929790 -8.119300 -0.013390 0.211635 -0.033468 -25.548666 -0.274117 1.683294 0.010113 0.088937 0.050409 53.732613 7.693405 -2.155749 0.071702 0.114000 -0.018898 -4.466391 -20.493257 -2.894257 0.122921 0.045205 -0.019046 -17.776423 -26.952321 -23.628220 0.255332 -0.015649 -0.022947 24.034742 -59.162211 41.670137 0.265709 0.012698 -0.007375 -2.432024 -2.164329 1.586616 0.086691 -0.010636 -0.015594 -2.906182 -2.982102 -1.537366 -0.082954 0.112472 -0.023707 -7.132623 33.366102 8.539379 -0.113228 0.046853 -0.008472 -21.027079 25.015786 70.541955 -0.260127 -0.014370 -0.031269 -174.893988 152.473359 173.759835 -0.269108 0.006794 -0.006027 -5.047363 4.340588 3.300777 -0.088754 -0.008652 -0.010107 -4.842476 5.083459 6.679843 
-0.105714 0.195683 1.428617 -0.000000 0.000000 -0.000000 -0.107887 1.168407 1.457200 153.141625 9.820985 6.938291 0.058581 -0.082280 -0.017664 -38.943078 6.923360 -7.869912 0.043451 -0.386470 0.008037 85.126587 -7.570010 -4.508193 -0.014790 -0.426874 -0.037428 -38.601460 17.245744 -8.671139 0.041054 -0.060286 0.122042 -34.543545 9.243681 10.959536 -0.060310 -0.090513 -0.013542 -53.393129 1.423921 -7.669637 -0.043257 -0.383688 -0.004843 91.507350 14.778984 3.513613 0.019056 -0.420046 -0.034562 -46.905057 -0.054942 -7.836052 -0.034840 -0.062106 0.130323 -20.761448 2.114773 2.744124 0.004439 0.124404 -0.038385 34.245366 -5.656390 5.021761 0.004488 0.137956 0.026820 -6.255267 -7.936127 -3.006295 -0.002265 0.056032 0.002854 -5.402195 2.396414 -6.628051 -0.013390 0.211636 -0.033468 -26.542411 0.511773 1.518911 0.010113 0.088938 0.050410 54.531370 6.349567 -3.353231 0.071702 0.113999 -0.018898 -4.571163 -19.044126 -2.246879 0.122921 0.045205 -0.019046 -16.446800 -27.552145 -14.718614 0.255332 -0.015649 -0.022947 43.197624 -67.879151 61.673002 0.265709 0.012698 -0.007375 -3.283228 -2.556307 2.115418 0.086690 -0.010636 -0.015594 -2.316610 -2.376706 -0.872368 -0.082954 0.112472 -0.023708 -9.208036 33.239546 9.690212 -0.113228 0.046853 -0.008472 -19.565533 25.336156 68.097068 -0.260127 -0.014370 -0.031269 -174.755676 152.165645 175.842906 -0.269109 0.006794 -0.006027 -6.298959 3.766340 3.328183 -0.088754 -0.008651 -0.010107 -4.602262 4.993629 5.757889 
