HIERARCHY
ROOT m_avg_root
{
	OFFSET 0.000000 0.000000 0.000000
	CHANNELS 6 Xposition Yposition Zposition Xrotation Yrotation Zrotation
	JOINT m_avg_Pelvis
	{
		OFFSET -0.002174 0.972724 0.028584
		CHANNELS 6 Xposition Yposition Zposition Xrotation Yrotation Zrotation
		JOINT m_avg_L_Hip
		{
			OFFSET 0.058581 -0.082280 -0.017664
			CHANNELS 6 Xposition Yposition Zposition Xrotation Yrotation Zrotation
			JOINT m_avg_L_Knee
			{
				OFFSET 0.043451 -0.386469 0.008037
				CHANNELS 6 Xposition Yposition Zposition Xrotation Yrotation Zrotation
				JOINT m_avg_L_Ankle
				{
					OFFSET -0.014790 -0.426874 -0.037428
					CHANNELS 6 Xposition Yposition Zposition Xrotation Yrotation Zrotation
					JOINT m_avg_L_Foot
					{
						OFFSET 0.041054 -0.060286 0.122042
						CHANNELS 6 Xposition Yposition Zposition Xrotation Yrotation Zrotation
						End Site
						{
							OFFSET 0.000000 0.142177 0.000000
						}
					}
				}
			}
		}
		JOINT m_avg_R_Hip
		{
			OFFSET -0.060310 -0.090513 -0.013543
			CHANNELS 6 Xposition Yposition Zposition Xrotation Yrotation Zrotation
			JOINT m_avg_R_Knee
			{
				OFFSET -0.043257 -0.383688 -0.004843
				CHANNELS 6 Xposition Yposition Zposition Xrotation Yrotation Zrotation
				JOINT m_avg_R_Ankle
				{
					OFFSET 0.019056 -0.420046 -0.034562
					CHANNELS 6 Xposition Yposition Zposition Xrotation Yrotation Zrotation
					JOINT m_avg_R_Foot
					{
						OFFSET -0.034840 -0.062106 0.130323
						CHANNELS 6 Xposition Yposition Zposition Xrotation Yrotation Zrotation
						End Site
						{
							OFFSET 0.000000 0.148510 0.000000
						}
					}
				}
			}
		}
		JOINT m_avg_Spine1
		{
			OFFSET 0.004439 0.124404 -0.038385
			CHANNELS 6 Xposition Yposition Zposition Xrotation Yrotation Zrotation
			JOINT m_avg_Spine2
			{
				OFFSET 0.004488 0.137956 0.026820
				CHANNELS 6 Xposition Yposition Zposition Xrotation Yrotation Zrotation
				JOINT m_avg_Spine3
				{
					OFFSET -0.002265 0.056032 0.002855
					CHANNELS 6 Xposition Yposition Zposition Xrotation Yrotation Zrotation
					JOINT m_avg_Neck
					{
						OFFSET -0.013390 0.211635 -0.033468
						CHANNELS 6 Xposition Yposition Zposition Xrotation Yrotation Zrotation
						JOINT m_avg_Head
						{
							OFFSET 0.010113 0.088937 0.050410
							CHANNELS 6 Xposition Yposition Zposition Xrotation Yrotation Zrotation
							End Site
							{
								OFFSET 0.000000 0.102729 0.000000
							}
						}
					}
					JOINT m_avg_L_Collar
					{
						OFFSET 0.071702 0.114000 -0.018898
						CHANNELS 6 Xposition Yposition Zposition Xrotation Yrotation Zrotation
						JOINT m_avg_L_Shoulder
						{
							OFFSET 0.122921 0.045205 -0.019046
							CHANNELS 6 Xposition Yposition Zposition Xrotation Yrotation Zrotation
							JOINT m_avg_L_Elbow
							{
								OFFSET 0.255332 -0.015649 -0.022946
								CHANNELS 6 Xposition Yposition Zposition Xrotation Yrotation Zrotation
								JOINT m_avg_L_Wrist
								{
									OFFSET 0.265709 0.012698 -0.007375
									CHANNELS 6 Xposition Yposition Zposition Xrotation Yrotation Zrotation
									JOINT m_avg_L_Hand
									{
										OFFSET 0.086691 -0.010636 -0.015594
										CHANNELS 6 Xposition Yposition Zposition Xrotation Yrotation Zrotation
										End Site
										{
											OFFSET 0.000000 0.088722 0.000000
										}
									}
								}
							}
						}
					}
					JOINT m_avg_R_Collar
					{
						OFFSET -0.082954 0.112472 -0.023707
						CHANNELS 6 Xposition Yposition Zposition Xrotation Yrotation Zrotation
						JOINT m_avg_R_Shoulder
						{
							OFFSET -0.113228 0.046853 -0.008472
							CHANNELS 6 Xposition Yposition Zposition Xrotation Yrotation Zrotation
							JOINT m_avg_R_Elbow
							{
								OFFSET -0.260127 -0.014369 -0.031269
								CHANNELS 6 Xposition Yposition Zposition Xrotation Yrotation Zrotation
								JOINT m_avg_R_Wrist
								{
									OFFSET -0.269108 0.006794 -0.006027
									CHANNELS 6 Xposition Yposition Zposition Xrotation Yrotation Zrotation
									JOINT m_avg_R_Hand
									{
										OFFSET -0.088754 -0.008652 -0.010107
										CHANNELS 6 Xposition Yposition Zposition Xrotation Yrotation Zrotation
										End Site
										{
											OFFSET 0.000000 0.089745 0.000000
										}
									}
								}
							}
						}
					}
				}
			}
		}
	}
}
MOTION
Frames: 180
Frame Time: 0.041667
-0.195672 -0.090931 2.579474 -0.000000 0.000000 -0.000000 -0.197846 0.881792 2.608058 -175.463544 -4.074341 0.348427 0.058581 -0.082280 -0.017664 -21.890010 -6.714540 -3.672871 0.043451 -0.386469 0.008037 31.013154 -9.184934 -2.509364 -0.014790 -0.426874 -0.037428 -5.619802 5.444901 -6.832592 0.041054 -0.060286 0.122043 -16.567845 3.920519 11.917180 -0.060310 -0.090513 -0.013542 -13.588905 4.913427 3.483544 -0.043257 -0.383688 -0.004843 40.212343 3.637862 -0.083524 0.019056 -0.420045 -0.034562 -8.274652 -10.465806 8.722310 -0.034840 -0.062105 0.130323 -11.294658 7.719593 -12.609771 0.004439 0.124403 -0.038385 7.091572 2.995533 -0.049888 0.004488 0.137956 0.026821 -6.207055 0.880210 3.229037 -0.002265 0.056032 0.002855 5.966353 2.285633 0.569061 -0.013390 0.211636 -0.033468 -14.201298 4.018644 2.564305 0.010113 0.088937 0.050410 10.099746 -4.052898 -1.738082 0.071702 0.114000 -0.018898 -8.021922 -5.189295 -7.229902 0.122921 0.045205 -0.019046 -8.123296 -13.751207 -42.619725 0.255332 -0.015649 -0.022946 67.045294 -70.982010 92.231255 0.265709 0.012698 -0.007375 -3.267327 -6.197141 14.025506 0.086691 -0.010636 -0.015594 -5.984822 -4.335910 -11.849169 -0.082954 0.112472 -0.023708 -4.580245 8.421098 19.694878 -0.113228 0.046853 -0.008472 -3.023587 17.736898 54.584864 -0.260127 -0.014369 -0.031270 20.160253 61.953709 -42.009031 -0.269108 0.006794 -0.006027 -3.887002 5.878429 -11.447198 -0.088754 -0.008652 -0.010107 -5.102969 6.065072 11.815270 
-0.195672 -0.090931 2.579474 -0.000000 0.000000 -0.000000 -0.197846 0.881792 2.608058 -175.463544 -4.074341 0.348427 0.058581 -0.082280 -0.017664 -21.697682 -6.715554 -3.015083 0.043452 -0.386470 0.008037 30.713943 -9.407051 -2.473093 -0.014790 -0.426874 -0.037428 -5.382746 5.347811 -6.792087 0.041055 -0.060286 0.122042 -16.560402 3.973294 11.804286 -0.060310 -0.090513 -0.013542 -14.424588 4.678975 4.654019 -0.043257 -0.383688 -0.004843 39.785842 3.077794 0.110380 0.019056 -0.420045 -0.034561 -8.242969 -10.687947 8.701570 -0.034840 -0.062106 0.130323 -11.143724 7.690977 -12.452563 0.004439 0.124403 -0.038385 7.062031 3.105488 -0.466943 0.004488 0.137957 0.026821 -6.276913 1.053877 3.267609 -0.002265 0.056032 0.002855 5.940649 2.382291 1.055761 -0.013390 0.211635 -0.033467 -14.193168 3.585192 3.241955 0.010113 0.088937 0.050410 10.311185 -4.587319 -0.880212 0.071702 0.114000 -0.018897 -8.289334 -5.083758 -7.028191 0.122921 0.045205 -0.019046 -8.792748 -14.966160 -43.172659 0.255332 -0.015649 -0.022947 70.277695 -70.888976 95.709733 0.265708 0.012698 -0.007375 -3.376524 -6.129887 13.932241 0.086691 -0.010636 -0.015594 -5.897045 -4.292961 -11.783574 -0.082954 0.112472 -0.023707 -4.339751 8.385370 20.097301 -0.113228 0.046853 -0.008472 -3.042619 17.615683 55.709618 -0.260127 -0.014370 -0.031269 16.727014 59.843652 -38.413131 -0.269109 0.006794 -0.006027 -3.838398 5.646175 -11.084471 -0.088754 -0.008652 -0.010107 -5.071258 6.123092 11.737968 
-0.195672 -0.090931 2.579474 -0.000000 0.000000 -0.000000 -0.197846 0.881792 2.608058 -175.463544 -4.074341 0.348427 0.058581 -0.082280 -0.017664 -20.996826 -6.620837 -2.195949 0.043452 -0.386469 0.008038 30.461909 -9.689707 -2.483520 -0.014791 -0.426874 -0.037428 -4.910480 5.273353 -6.782611 0.041055 -0.060286 0.122042 -16.521046 3.970567 11.691132 -0.060310 -0.090513 -0.013542 -14.938925 4.379736 5.470524 -0.043257 -0.383688 -0.004843 39.155514 2.647482 0.367921 0.019055 -0.420046 -0.034561 -8.319818 -10.781296 8.611754 -0.034840 -0.062105 0.130323 -11.041908 7.659312 -12.250484 0.004439 0.124404 -0.038385 6.823917 3.226305 -0.973401 0.004488 0.137956 0.026820 -6.326630 1.231900 3.138221 -0.002265 0.056032 0.002854 5.736750 2.473761 1.270546 -0.013390 0.211636 -0.033468 -13.983870 3.092812 4.023070 0.010113 0.088937 0.050410 10.580312 -4.969598 -0.001587 0.071702 0.114000 -0.018898 -8.599416 -5.043195 -7.001769 0.122921 0.045205 -0.019046 -9.839434 -16.419223 -44.120488 0.255332 -0.015649 -0.022946 70.672623 -70.856335 96.098890 0.265709 0.012698 -0.007375 -3.421186 -6.011755 13.668147 0.086691 -0.010636 -0.015594 -5.804083 -4.255435 -11.689834 -0.082954 0.112473 -0.023707 -3.917723 8.380875 20.346138 -0.113228 0.046853 -0.008472 -2.999610 17.707306 56.982878 -0.260128 -0.014369 -0.031269 14.011150 57.583030 -35.106896 -0.269109 0.006794 -0.006027 -3.726152 5.382680 -10.569099 -0.088754 -0.008651 -0.010107 -5.033718 6.167903 11.626650 
-0.195672 -0.090931 2.579474 -0.000000 0.000000 -0.000000 -0.197846 0.881792 2.608058 -175.463544 -4.074341 0.348427 0.058581 -0.082280 -0.017664 -19.837465 -6.488272 -1.276107 0.043451 -0.386469 0.008036 30.261027 -9.971071 -2.533156 -0.014790 -0.426875 -0.037429 -4.324676 5.207913 -6.789759 0.041054 -0.060286 0.122043 -16.415525 3.930390 11.581879 -0.060310 -0.090513 -0.013542 -15.309138 4.046066 6.005880 -0.043257 -0.383688 -0.004844 38.563453 2.359677 0.765258 0.019056 -0.420045 -0.034562 -8.391400 -10.747862 8.523627 -0.034840 -0.062105 0.130324 -10.954733 7.662458 -12.044146 0.004439 0.124404 -0.038385 6.460583 3.329069 -1.527439 0.004488 0.137956 0.026820 -6.346362 1.348721 2.942055 -0.002265 0.056032 0.002855 5.420389 2.520669 1.305671 -0.013390 0.211636 -0.033467 -13.679096 2.691320 4.777792 0.010113 0.088938 0.050409 10.861787 -5.222386 0.769784 0.071703 0.114000 -0.018898 -8.937594 -5.098448 -7.009324 0.122921 0.045205 -0.019046 -11.217688 -17.834411 -45.147988 0.255332 -0.015649 -0.022946 67.831667 -70.919562 93.145783 0.265709 0.012698 -0.007375 -3.324942 -5.861884 13.311783 0.086691 -0.010636 -0.015594 -5.727681 -4.224118 -11.569056 -0.082954 0.112473 -0.023707 -3.403333 8.444670 20.525543 -0.113229 0.046853 -0.008472 -2.883167 18.035362 58.289873 -0.260127 -0.014369 -0.031269 12.294778 55.517328 -32.388791 -0.269109 0.006794 -0.006027 -3.589926 5.136324 -9.959446 -0.088754 -0.008652 -0.010107 -4.991072 6.198578 11.488814 
-0.195672 -0.090931 2.579474 -0.000000 0.000000 -0.000000 -0.197846 0.881792 2.608058 -175.463544 -4.074341 0.348427 0.058581 -0.082280 -0.017664 -18.333365 -6.325117 -0.285771 0.043451 -0.386469 0.008037 30.083899 -10.219449 -2.630520 -0.014790 -0.426874 -0.037428 -3.712763 5.107726 -6.781288 0.041054 -0.060286 0.122042 -16.266464 3.884466 11.468520 -0.060310 -0.090513 -0.013542 -15.675824 3.705159 6.416781 -0.043257 -0.383688 -0.004843 38.106715 2.188933 1.313339 0.019056 -0.420045 -0.034562 -8.332828 -10.586089 8.471511 -0.034840 -0.062106 0.130323 -10.846223 7.710875 -11.857325 0.004439 0.124404 -0.038385 6.050872 3.397333 -2.119802 0.004488 0.137956 0.026820 -6.322275 1.381139 2.736906 -0.002265 0.056032 0.002855 5.048361 2.486609 1.267669 -0.013390 0.211635 -0.033467 -13.370034 2.382669 5.458723 0.010113 0.088937 0.050410 11.107676 -5.415296 1.430126 0.071702 0.114000 -0.018898 -9.313123 -5.256951 -7.018079 0.122921 0.045205 -0.019046 -12.807945 -19.108351 -46.107592 0.255331 -0.015649 -0.022947 62.145808 -70.884905 87.322705 0.265709 0.012698 -0.007375 -3.111894 -5.693088 12.904390 0.086691 -0.010636 -0.015595 -5.666298 -4.198017 -11.428987 -0.082954 0.112472 -0.023707 -2.804073 8.611106 20.698151 -0.113228 0.046853 -0.008472 -2.634413 18.521776 59.625933 -0.260127 -0.014369 -0.031269 11.347487 53.665493 -30.109171 -0.269108 0.006794 -0.006027 -3.450096 4.910546 -9.276984 -0.088754 -0.008652 -0.010107 -4.943793 6.224155 11.335559 
-0.195672 -0.090931 2.579474 -0.000000 0.000000 -0.000000 -0.197846 0.881792 2.608058 -175.463544 -4.074341 0.348427 0.058581 -0.082280 -0.017664 -16.506769 -6.109499 0.760181 0.043452 -0.386469 0.008037 29.922915 -10.448198 -2.801500 -0.014790 -0.426874 -0.037428 -3.085917 4.949357 -6.751008 0.041054 -0.060286 0.122042 -16.085136 3.838428 11.367754 -0.060310 -0.090513 -0.013542 -16.100487 3.363523 6.712695 -0.043257 -0.383688 -0.004843 37.931380 2.136231 2.017823 0.019056 -0.420045 -0.034562 -8.144461 -10.291337 8.458214 -0.034840 -0.062105 0.130324 -10.725150 7.800302 -11.705670 0.004439 0.124403 -0.038385 5.608117 3.415777 -2.733993 0.004488 0.137956 0.026820 -6.259628 1.329170 2.541833 -0.002265 0.056033 0.002855 4.683667 2.328029 1.219016 -0.013390 0.211636 -0.033468 -13.064997 2.233084 6.026494 0.010113 0.088937 0.050410 11.301183 -5.522916 1.970086 0.071703 0.114000 -0.018898 -9.760047 -5.534219 -7.006820 0.122921 0.045205 -0.019046 -14.453959 -20.190613 -46.850586 0.255332 -0.015649 -0.022946 53.930658 -70.431736 78.864766 0.265709 0.012698 -0.007375 -2.800311 -5.505343 12.421662 0.086691 -0.010636 -0.015595 -5.631596 -4.183739 -11.277961 -0.082954 0.112472 -0.023707 -2.070070 8.888680 20.850100 -0.113228 0.046853 -0.008472 -2.135617 19.080309 60.940027 -0.260127 -0.014370 -0.031268 10.977130 52.032842 -28.135421 -0.269109 0.006794 -0.006027 -3.306476 4.695663 -8.524719 -0.088754 -0.008652 -0.010107 -4.897722 6.247995 11.176136 
-0.195672 -0.090931 2.579474 -0.000000 0.000000 -0.000000 -0.197846 0.881792 2.608058 -175.463544 -4.074341 0.348427 0.058581 -0.082280 -0.017664 -14.370609 -5.815385 1.835420 0.043451 -0.386469 0.008037 29.858694 -10.667118 -3.027303 -0.014790 -0.426874 -0.037428 -2.435072 4.774914 -6.717813 0.041055 -0.060286 0.122043 -15.853424 3.774497 11.314523 -0.060310 -0.090513 -0.013542 -16.658693 3.033567 6.824007 -0.043257 -0.383688 -0.004843 38.175474 2.231350 2.891298 0.019056 -0.420046 -0.034562 -7.875048 -9.884229 8.501511 -0.034840 -0.062105 0.130323 -10.612000 7.939017 -11.618771 0.004439 0.124403 -0.038385 5.149730 3.349779 -3.319144 0.004488 0.137957 0.026820 -6.185496 1.188692 2.360080 -0.002265 0.056033 0.002856 4.427014 1.984290 1.196953 -0.013390 0.211636 -0.033468 -12.714332 2.387860 6.426095 0.010113 0.088937 0.050410 11.458712 -5.453115 2.352231 0.071702 0.114000 -0.018898 -10.349245 -5.951413 -6.857474 0.122921 0.045205 -0.019047 -15.993303 -21.058078 -47.035538 0.255332 -0.015649 -0.022946 44.268502 -69.273800 68.778332 0.265709 0.012698 -0.007375 -2.391487 -5.307388 11.850257 0.086691 -0.010636 -0.015594 -5.643107 -4.182985 -11.123429 -0.082954 0.112472 -0.023708 -1.191861 9.246618 20.887460 -0.113228 0.046853 -0.008472 -1.287897 19.689072 62.073565 -0.260127 -0.014369 -0.031269 11.173308 50.864180 -26.512727 -0.269108 0.006794 -0.006027 -3.155395 4.508762 -7.745603 -0.088754 -0.008652 -0.010107 -4.854898 6.264466 11.018906 
-0.195672 -0.090931 2.579474 -0.000000 0.000000 -0.000000 -0.197846 0.881792 2.608058 -175.463544 -4.074341 0.348427 0.058581 -0.082280 -0.017664 -12.123599 -5.413847 2.884276 0.043451 -0.386469 0.008036 29.941832 -10.829156 -3.214257 -0.014790 -0.426875 -0.037428 -1.872062 4.724277 -6.685613 0.041054 -0.060286 0.122043 -15.601259 3.697210 11.316257 -0.060310 -0.090513 -0.013542 -17.314828 2.730441 6.794660 -0.043257 -0.383688 -0.004843 38.733272 2.460849 3.860435 0.019056 -0.420046 -0.034561 -7.525627 -9.438768 8.592257 -0.034840 -0.062105 0.130323 -10.498382 8.107286 -11.605541 0.004439 0.124403 -0.038385 4.730387 3.168839 -3.822208 0.004488 0.137956 0.026821 -6.144549 0.946884 2.177850 -0.002265 0.056033 0.002855 4.337445 1.423311 1.180705 -0.013390 0.211635 -0.033467 -12.340144 2.898023 6.633324 0.010113 0.088937 0.050410 11.564980 -5.133817 2.549922 0.071702 0.114000 -0.018897 -11.094361 -6.463390 -6.499273 0.122921 0.045205 -0.019047 -17.202832 -21.677957 -46.332288 0.255332 -0.015649 -0.022946 35.124446 -67.454709 59.054888 0.265709 0.012698 -0.007375 -1.919145 -5.124295 11.259407 0.086690 -0.010636 -0.015594 -5.709492 -4.185063 -10.976374 -0.082954 0.112472 -0.023707 -0.236857 9.596733 20.707494 -0.113229 0.046853 -0.008471 -0.059857 20.372846 62.870143 -0.260127 -0.014369 -0.031269 12.070863 50.595927 -25.451319 -0.269109 0.006794 -0.006027 -3.022893 4.384777 -7.037681 -0.088754 -0.008652 -0.010107 -4.810319 6.264496 10.877273 
-0.195672 -0.090931 2.579474 -0.000000 0.000000 -0.000000 -0.197846 0.881792 2.608058 -175.463544 -4.074341 0.348427 0.058581 -0.082280 -0.017664 -9.960349 -4.856550 3.906077 0.043451 -0.386469 0.008037 30.051371 -10.886384 -3.326653 -0.014790 -0.426874 -0.037428 -1.497699 4.924328 -6.632414 0.041054 -0.060286 0.122043 -15.392687 3.649450 11.356731 -0.060310 -0.090513 -0.013542 -18.003480 2.462605 6.790350 -0.043257 -0.383688 -0.004843 39.469102 2.807859 4.810775 0.019056 -0.420046 -0.034562 -7.045069 -8.993126 8.685269 -0.034840 -0.062105 0.130323 -10.366235 8.281504 -11.643188 0.004439 0.124403 -0.038385 4.363132 2.854623 -4.270675 0.004488 0.137956 0.026821 -6.166957 0.577438 1.973023 -0.002265 0.056033 0.002855 4.361069 0.616519 1.097239 -0.013390 0.211636 -0.033467 -12.025410 3.672822 6.742243 0.010113 0.088938 0.050410 11.562300 -4.563311 2.590544 0.071702 0.114000 -0.018898 -11.958790 -7.033886 -5.977368 0.122921 0.045205 -0.019045 -18.026140 -22.074645 -44.600442 0.255332 -0.015649 -0.022946 27.404420 -65.229106 50.679228 0.265710 0.012698 -0.007375 -1.392477 -4.969257 10.721224 0.086690 -0.010636 -0.015594 -5.823718 -4.170624 -10.836756 -0.082954 0.112472 -0.023707 0.770772 9.875440 20.272179 -0.113228 0.046853 -0.008472 1.590716 21.161654 63.395644 -0.260127 -0.014369 -0.031269 13.903001 51.496956 -25.132227 -0.269109 0.006794 -0.006026 -2.936086 4.330744 -6.417996 -0.088753 -0.008652 -0.010107 -4.750396 6.246873 10.746258 
-0.195672 -0.090931 2.579474 -0.000000 0.000000 -0.000000 -0.197846 0.881792 2.608058 -175.463544 -4.074341 0.348427 0.058581 -0.082280 -0.017664 -8.291843 -4.172596 4.727208 0.043451 -0.386469 0.008038 30.188838 -10.832210 -3.442137 -0.014790 -0.426874 -0.037428 -1.346844 5.344109 -6.547220 0.041054 -0.060286 0.122042 -15.306558 3.667770 11.406582 -0.060310 -0.090513 -0.013542 -18.620487 2.284268 6.797825 -0.043257 -0.383688 -0.004843 40.334159 3.247657 5.578175 0.019056 -0.420046 -0.034562 -6.453120 -8.629310 8.769259 -0.034840 -0.062105 0.130324 -10.205185 8.490700 -11.749700 0.004439 0.124403 -0.038385 4.101567 2.425255 -4.610271 0.004488 0.137956 0.026820 -6.227060 0.109221 1.788658 -0.002265 0.056033 0.002855 4.481884 -0.360019 0.963748 -0.013390 0.211635 -0.033467 -11.876133 4.547767 6.818233 0.010113 0.088937 0.050410 11.405325 -3.819220 2.499138 0.071703 0.114000 -0.018898 -12.766900 -7.609880 -5.392892 0.122921 0.045205 -0.019046 -18.337279 -22.239968 -41.977950 0.255332 -0.015649 -0.022947 21.678423 -63.017087 44.238275 0.265709 0.012698 -0.007375 -0.856785 -4.852689 10.276318 0.086691 -0.010636 -0.015594 -5.978618 -4.132251 -10.717122 -0.082954 0.112472 -0.023707 1.706516 10.016414 19.656205 -0.113228 0.046853 -0.008472 3.533375 21.816797 63.523095 -0.260127 -0.014369 -0.031269 16.500347 53.354019 -25.652107 -0.269108 0.006794 -0.006027 -2.842071 4.339386 -5.886572 -0.088754 -0.008652 -0.010107 -4.691400 6.220346 10.627364 
-0.195672 -0.090931 2.579474 -0.000000 0.000000 -0.000000 -0.197846 0.881792 2.608058 -175.463544 -4.074341 0.348427 0.058581 -0.082280 -0.017664 -7.305536 -3.438536 5.267701 0.043451 -0.386470 0.008037 30.433626 -10.708145 -3.595610 -0.014791 -0.426874 -0.037427 -1.337093 5.899792 -6.478143 0.041054 -0.060286 0.122043 -15.341286 3.713338 11.492731 -0.060310 -0.090513 -0.013542 -19.216491 2.220497 6.728626 -0.043257 -0.383688 -0.004842 41.309981 3.769950 6.111368 0.019056 -0.420045 -0.034562 -5.732463 -8.393748 8.913107 -0.034840 -0.062106 0.130323 -10.029608 8.771302 -11.976774 0.004439 0.124403 -0.038385 3.979862 1.908310 -4.796197 0.004489 0.137957 0.026820 -6.280602 -0.411796 1.649730 -0.002265 0.056032 0.002855 4.715528 -1.380444 0.850132 -0.013390 0.211636 -0.033467 -11.876264 5.459418 6.833962 0.010113 0.088938 0.050410 11.117662 -2.956406 2.275610 0.071702 0.114000 -0.018898 -13.411468 -8.129750 -4.733153 0.122921 0.045205 -0.019046 -18.077842 -22.158233 -38.506831 0.255332 -0.015649 -0.022947 17.755490 -61.122700 39.460042 0.265709 0.012698 -0.007375 -0.314699 -4.799043 9.921756 0.086691 -0.010636 -0.015594 -6.160236 -4.069241 -10.607596 -0.082954 0.112473 -0.023707 2.518272 9.990234 18.969715 -0.113228 0.046853 -0.008472 5.589256 22.164546 63.219159 -0.260127 -0.014369 -0.031269 19.649256 55.735826 -26.920945 -0.269108 0.006794 -0.006027 -2.690349 4.419106 -5.413774 -0.088754 -0.008652 -0.010107 -4.647613 6.185970 10.507654 
-0.195672 -0.090931 2.579474 -0.000000 0.000000 -0.000000 -0.197846 0.881792 2.608058 -175.463544 -4.074341 0.348427 0.058581 -0.082280 -0.017664 -6.949928 -2.697261 5.551994 0.043451 -0.386469 0.008038 30.774350 -10.511581 -3.756289 -0.014790 -0.426875 -0.037428 -1.391271 6.590545 -6.456679 0.041054 -0.060286 0.122043 -15.443430 3.733760 11.665953 -0.060310 -0.090513 -0.013542 -19.885742 2.290069 6.590939 -0.043257 -0.383688 -0.004843 42.397016 4.447843 6.417001 0.019056 -0.420045 -0.034561 -4.833663 -8.218950 9.187373 -0.034840 -0.062105 0.130323 -9.875247 9.137268 -12.362906 0.004439 0.124403 -0.038385 4.006613 1.327272 -4.838602 0.004488 0.137956 0.026820 -6.286470 -0.966966 1.551622 -0.002265 0.056032 0.002855 5.092478 -2.325358 0.800975 -0.013390 0.211636 -0.033466 -11.975361 6.409917 6.750811 0.010113 0.088937 0.050409 10.739345 -1.974192 1.886967 0.071702 0.114000 -0.018897 -13.863071 -8.561131 -3.977226 0.122921 0.045205 -0.019047 -17.300123 -21.831130 -34.128922 0.255332 -0.015649 -0.022946 15.314836 -59.739054 35.966120 0.265710 0.012698 -0.007375 0.234437 -4.854217 9.657595 0.086691 -0.010636 -0.015594 -6.318699 -3.972476 -10.471282 -0.082954 0.112473 -0.023706 3.218844 9.788453 18.295599 -0.113228 0.046853 -0.008472 7.542803 22.291429 62.682470 -0.260128 -0.014369 -0.031269 23.581744 58.511130 -29.098624 -0.269108 0.006794 -0.006027 -2.499145 4.592212 -4.970287 -0.088753 -0.008652 -0.010108 -4.603133 6.129206 10.355760 
-0.195672 -0.090931 2.579474 -0.000000 0.000000 -0.000000 -0.197846 0.881792 2.608058 -175.463544 -4.074341 0.348427 0.058581 -0.082280 -0.017664 -7.149094 -1.998323 5.616757 0.043451 -0.386469 0.008037 31.189721 -10.221158 -3.947181 -0.014791 -0.426875 -0.037428 -1.412001 7.362742 -6.507110 0.041054 -0.060286 0.122042 -15.550421 3.694576 11.950173 -0.060310 -0.090513 -0.013542 -20.570078 2.556602 6.427941 -0.043257 -0.383688 -0.004843 43.566734 5.333250 6.435346 0.019056 -0.420045 -0.034561 -3.783628 -8.045077 9.609458 -0.034840 -0.062106 0.130323 -9.768175 9.569846 -12.926109 0.004439 0.124403 -0.038385 4.184736 0.716634 -4.759033 0.004488 0.137956 0.026820 -6.222334 -1.544208 1.502427 -0.002265 0.056032 0.002856 5.650263 -3.122372 0.891532 -0.013390 0.211635 -0.033468 -12.220390 7.327534 6.610632 0.010113 0.088937 0.050410 10.290026 -0.899413 1.364082 0.071703 0.114000 -0.018898 -14.061363 -8.880036 -3.208827 0.122921 0.045205 -0.019047 -16.121398 -21.259691 -29.251200 0.255332 -0.015649 -0.022947 14.320115 -59.058501 33.741923 0.265709 0.012698 -0.007375 0.746229 -5.040756 9.492675 0.086691 -0.010636 -0.015594 -6.408413 -3.846118 -10.292167 -0.082954 0.112472 -0.023708 3.784943 9.415178 17.720250 -0.113228 0.046853 -0.008471 9.133271 22.282628 62.169686 -0.260127 -0.014369 -0.031268 28.320782 61.391817 -32.242359 -0.269108 0.006794 -0.006027 -2.290743 4.854878 -4.567193 -0.088753 -0.008651 -0.010107 -4.554448 6.045745 10.161233 
-0.195672 -0.090931 2.579474 -0.000000 0.000000 -0.000000 -0.197846 0.881792 2.608058 -175.463544 -4.074341 0.348427 0.058581 -0.082280 -0.017664 -7.727755 -1.389880 5.583333 0.043451 -0.386469 0.008037 31.636569 -9.848425 -4.191835 -0.014790 -0.426875 -0.037429 -1.286808 8.121215 -6.640906 0.041054 -0.060286 0.122042 -15.607290 3.599272 12.324485 -0.060310 -0.090513 -0.013542 -21.090975 3.056543 6.345253 -0.043257 -0.383688 -0.004843 44.786370 6.383673 6.133750 0.019056 -0.420046 -0.034562 -2.695150 -7.851758 10.102120 -0.034840 -0.062106 0.130324 -9.702505 10.014814 -13.593855 0.004439 0.124404 -0.038385 4.445875 0.120447 -4.613735 0.004488 0.137956 0.026820 -6.118756 -2.120354 1.474271 -0.002265 0.056032 0.002855 6.315007 -3.794777 1.109643 -0.013390 0.211636 -0.033467 -12.623694 8.141092 6.519375 0.010113 0.088937 0.050410 9.814215 0.218619 0.811408 0.071703 0.114000 -0.018897 -13.988021 -9.043671 -2.563950 0.122921 0.045205 -0.019046 -14.728608 -20.464544 -24.674221 0.255332 -0.015649 -0.022946 14.716853 -59.183780 32.820060 0.265710 0.012698 -0.007375 1.164357 -5.317415 9.419664 0.086690 -0.010636 -0.015594 -6.434563 -3.705404 -10.088568 -0.082954 0.112472 -0.023707 4.199532 8.943549 17.259893 -0.113229 0.046853 -0.008471 10.246422 22.224840 61.897893 -0.260128 -0.014369 -0.031269 33.359412 63.881489 -35.840830 -0.269109 0.006794 -0.006027 -2.095697 5.158230 -4.229719 -0.088753 -0.008652 -0.010107 -4.510584 5.952765 9.945648 
-0.195672 -0.090931 2.579474 -0.000000 0.000000 -0.000000 -0.197846 0.881792 2.608058 -175.463544 -4.074341 0.348427 0.058581 -0.082280 -0.017664 -8.427767 -0.867527 5.567142 0.043451 -0.386469 0.008037 32.087839 -9.423553 -4.468897 -0.014790 -0.426874 -0.037428 -1.004137 8.821239 -6.827554 0.041054 -0.060285 0.122042 -15.617323 3.495258 12.736085 -0.060310 -0.090513 -0.013542 -21.309161 3.774524 6.404562 -0.043257 -0.383688 -0.004843 46.028044 7.552790 5.535416 0.019056 -0.420045 -0.034562 -1.612553 -7.592393 10.578727 -0.034840 -0.062105 0.130323 -9.651352 10.436121 -14.261058 0.004439 0.124403 -0.038385 4.706740 -0.452835 -4.472567 0.004488 0.137956 0.026820 -5.995093 -2.698732 1.405191 -0.002265 0.056032 0.002855 7.003769 -4.426264 1.346921 -0.013390 0.211635 -0.033467 -13.093937 8.888192 6.527360 0.010113 0.088937 0.050411 9.384878 1.371906 0.302968 0.071702 0.114000 -0.018898 -13.688141 -9.066562 -2.140601 0.122921 0.045205 -0.019047 -13.300303 -19.528523 -21.020657 0.255332 -0.015649 -0.022947 16.425932 -60.053830 33.174591 0.265709 0.012698 -0.007375 1.448408 -5.632139 9.407793 0.086691 -0.010636 -0.015594 -6.417358 -3.560545 -9.882298 -0.082954 0.112472 -0.023707 4.510499 8.458898 16.849395 -0.113228 0.046853 -0.008472 10.964030 22.217437 61.990312 -0.260127 -0.014369 -0.031269 38.350252 65.778430 -39.445845 -0.269108 0.006794 -0.006027 -1.954981 5.454714 -3.947994 -0.088754 -0.008651 -0.010107 -4.477157 5.868709 9.735256 
-0.195672 -0.090931 2.579474 -0.000000 0.000000 -0.000000 -0.197846 0.881792 2.608058 -175.463544 -4.074341 0.348427 0.058581 -0.082280 -0.017664 -9.110628 -0.462871 5.666029 0.043451 -0.386470 0.008037 32.613559 -9.005005 -4.766912 -0.014790 -0.426875 -0.037429 -0.597152 9.368183 -7.025886 0.041054 -0.060286 0.122042 -15.616679 3.428872 13.120629 -0.060310 -0.090513 -0.013542 -21.043987 4.573928 6.512024 -0.043257 -0.383688 -0.004843 47.241475 8.676108 4.763529 0.019055 -0.420045 -0.034561 -0.608287 -7.326776 10.943567 -0.034840 -0.062105 0.130323 -9.607536 10.773128 -14.812720 0.004439 0.124403 -0.038385 4.911486 -0.959371 -4.356850 0.004489 0.137956 0.026820 -5.901632 -3.231877 1.264480 -0.002265 0.056033 0.002855 7.615932 -5.041468 1.495210 -0.013390 0.211636 -0.033468 -13.540164 9.585919 6.622225 0.010113 0.088937 0.050410 9.079469 2.515613 -0.155456 0.071702 0.114000 -0.018898 -13.233331 -8.941558 -2.059245 0.122921 0.045205 -0.019046 -12.012847 -18.434923 -18.871459 0.255332 -0.015649 -0.022947 19.166158 -61.373682 34.760318 0.265709 0.012698 -0.007375 1.527983 -5.913132 9.432051 0.086691 -0.010637 -0.015594 -6.372705 -3.433430 -9.717339 -0.082954 0.112473 -0.023708 4.665211 8.074417 16.487877 -0.113228 0.046854 -0.008472 11.317869 22.311496 62.476020 -0.260127 -0.014369 -0.031269 42.556627 66.924611 -42.384770 -0.269108 0.006794 -0.006027 -1.897185 5.695982 -3.750944 -0.088754 -0.008652 -0.010107 -4.455254 5.811229 9.572978 
-0.195672 -0.090931 2.579474 -0.000000 0.000000 -0.000000 -0.197846 0.881792 2.608058 -175.463544 -4.074341 0.348427 0.058581 -0.082280 -0.017664 -9.615362 -0.143409 5.843167 0.043451 -0.386469 0.008036 33.224356 -8.646738 -5.054253 -0.014790 -0.426875 -0.037428 -0.125498 9.733388 -7.188501 0.041054 -0.060286 0.122042 -15.637452 3.397001 13.410092 -0.060310 -0.090513 -0.013542 -20.156641 5.295608 6.596075 -0.043257 -0.383688 -0.004843 48.373015 9.537962 3.940093 0.019055 -0.420046 -0.034562 0.185705 -7.198347 11.105200 -0.034840 -0.062105 0.130323 -9.595334 10.980511 -15.133070 0.004439 0.124403 -0.038385 4.983760 -1.392305 -4.259911 0.004488 0.137957 0.026820 -5.874095 -3.689906 1.062747 -0.002265 0.056033 0.002854 8.097101 -5.646670 1.510093 -0.013390 0.211635 -0.033467 -13.880297 10.218979 6.730172 0.010113 0.088938 0.050410 8.969539 3.569623 -0.608470 0.071702 0.114000 -0.018898 -12.738083 -8.696479 -2.355623 0.122921 0.045205 -0.019046 -11.059114 -17.241206 -18.353801 0.255332 -0.015649 -0.022946 22.297236 -62.745205 37.238372 0.265709 0.012698 -0.007375 1.372707 -6.103750 9.437729 0.086691 -0.010636 -0.015594 -6.297370 -3.343882 -9.617659 -0.082954 0.112472 -0.023706 4.589905 7.871277 16.277287 -0.113228 0.046853 -0.008471 11.223535 22.532885 63.378370 -0.260127 -0.014369 -0.031268 44.772293 67.214416 -43.602220 -0.269109 0.006794 -0.006027 -1.930077 5.844959 -3.621686 -0.088753 -0.008652 -0.010107 -4.418387 5.791240 9.474615 
-0.195672 -0.090931 2.579474 -0.000000 0.000000 -0.000000 -0.197846 0.881792 2.608058 -175.463544 -4.074341 0.348427 0.058581 -0.082280 -0.017664 -9.775320 0.189407 5.986101 0.043452 -0.386469 0.008037 33.823291 -8.353004 -5.334722 -0.014790 -0.426874 -0.037428 0.356183 9.933835 -7.263285 0.041054 -0.060286 0.122042 -15.696459 3.385522 13.533666 -0.060310 -0.090513 -0.013542 -18.626851 5.828617 6.767827 -0.043257 -0.383688 -0.004843 49.360961 10.005627 3.169706 0.019055 -0.420046 -0.034562 0.697532 -7.258087 11.015573 -0.034840 -0.062106 0.130323 -9.611211 11.036668 -15.171151 0.004439 0.124403 -0.038385 4.818176 -1.741105 -4.184310 0.004488 0.137957 0.026820 -5.931983 -4.048337 0.847258 -0.002265 0.056032 0.002855 8.381633 -6.146809 1.445543 -0.013390 0.211635 -0.033466 -13.979025 10.631924 6.856470 0.010113 0.088937 0.050411 9.133667 4.377444 -0.992101 0.071703 0.114000 -0.018897 -12.285852 -8.391862 -2.963647 0.122921 0.045205 -0.019047 -10.487634 -16.077832 -19.323568 0.255332 -0.015649 -0.022946 25.474215 -63.930912 40.318296 0.265709 0.012698 -0.007375 0.992726 -6.194896 9.364299 0.086691 -0.010636 -0.015594 -6.183873 -3.305305 -9.585862 -0.082953 0.112472 -0.023706 4.257974 7.892693 16.243800 -0.113228 0.046853 -0.008472 10.634430 22.839048 64.559788 -0.260127 -0.014370 -0.031269 44.223726 66.613134 -42.444636 -0.269108 0.006794 -0.006027 -2.019095 5.893354 -3.528799 -0.088754 -0.008652 -0.010107 -4.357031 5.815469 9.442061 
-0.195672 -0.090931 2.579474 -0.000000 0.000000 -0.000000 -0.197846 0.881792 2.608058 -175.463544 -4.074341 0.348427 0.058581 -0.082280 -0.017664 -9.643430 0.614754 6.076040 0.043451 -0.386469 0.008037 34.378999 -8.079327 -5.645900 -0.014790 -0.426874 -0.037428 0.823208 9.984976 -7.270149 0.041054 -0.060286 0.122043 -15.799501 3.395474 13.508836 -0.060310 -0.090513 -0.013542 -16.508779 6.225191 7.015807 -0.043257 -0.383688 -0.004842 50.174512 10.171540 2.441514 0.019056 -0.420046 -0.034562 0.994781 -7.434027 10.739208 -0.034840 -0.062106 0.130323 -9.639172 10.964759 -15.005022 0.004439 0.124403 -0.038385 4.416368 -1.995380 -4.084304 0.004488 0.137956 0.026820 -6.041826 -4.299802 0.652497 -0.002265 0.056033 0.002855 8.469746 -6.431672 1.297514 -0.013390 0.211635 -0.033467 -13.769541 10.762396 7.022668 0.010113 0.088938 0.050410 9.526476 4.902774 -1.223410 0.071702 0.113999 -0.018898 -11.890027 -8.104335 -3.781000 0.122922 0.045205 -0.019046 -10.225892 -14.957568 -21.549310 0.255332 -0.015649 -0.022947 28.683752 -64.906933 43.903766 0.265710 0.012698 -0.007375 0.413663 -6.221300 9.248592 0.086691 -0.010636 -0.015594 -6.028350 -3.315148 -9.615961 -0.082954 0.112472 -0.023707 3.654914 8.111550 16.261214 -0.113228 0.046853 -0.008473 9.557805 23.089878 65.805574 -0.260128 -0.014369 -0.031269 41.644712 65.257007 -39.739297 -0.269109 0.006794 -0.006027 -2.144034 5.878399 -3.500641 -0.088754 -0.008652 -0.010107 -4.285407 5.879311 9.471831 
-0.195672 -0.090931 2.579474 -0.000000 0.000000 -0.000000 -0.197846 0.881792 2.608058 -175.463544 -4.074341 0.348427 0.058581 -0.082280 -0.017664 -9.428501 1.180453 6.174312 0.043451 -0.386469 0.008037 35.068131 -7.788389 -6.027171 -0.014790 -0.426875 -0.037429 1.327530 9.912775 -7.267726 0.041054 -0.060286 0.122043 -15.915618 3.424130 13.383326 -0.060310 -0.090513 -0.013542 -13.963844 6.492981 7.225113 -0.043257 -0.383688 -0.004842 50.788757 10.083360 1.783187 0.019056 -0.420045 -0.034562 1.108325 -7.721192 10.378438 -0.034840 -0.062106 0.130323 -9.674883 10.805694 -14.755780 0.004439 0.124404 -0.038385 3.866930 -2.151059 -3.933102 0.004488 0.137956 0.026820 -6.186974 -4.455157 0.502651 -0.002265 0.056032 0.002855 8.326357 -6.439188 1.070311 -0.013390 0.211635 -0.033468 -13.276996 10.654462 7.221081 0.010113 0.088937 0.050409 10.042622 5.192790 -1.279590 0.071702 0.114000 -0.018898 -11.563976 -7.904291 -4.682075 0.122921 0.045205 -0.019046 -10.151585 -13.870174 -24.593172 0.255332 -0.015649 -0.022947 31.971740 -65.686824 47.898191 0.265709 0.012698 -0.007375 -0.251013 -6.225220 9.140922 0.086691 -0.010636 -0.015594 -5.869149 -3.365969 -9.705993 -0.082954 0.112472 -0.023707 2.748140 8.472385 16.263309 -0.113228 0.046853 -0.008472 8.115883 23.091695 66.715812 -0.260127 -0.014369 -0.031269 38.073342 63.357627 -36.568191 -0.269109 0.006794 -0.006027 -2.244428 5.860722 -3.578027 -0.088755 -0.008651 -0.010107 -4.240847 5.971896 9.567464 
-0.195672 -0.090931 2.579474 -0.000000 0.000000 -0.000000 -0.197846 0.881792 2.608058 -175.463544 -4.074341 0.348427 0.058581 -0.082280 -0.017664 -9.278869 1.847047 6.313758 0.043451 -0.386469 0.008037 36.048871 -7.533844 -6.461723 -0.014790 -0.426874 -0.037428 1.945176 9.712363 -7.305567 0.041054 -0.060286 0.122043 -15.989627 3.443616 13.211146 -0.060310 -0.090513 -0.013542 -11.320867 6.562572 7.284821 -0.043257 -0.383688 -0.004843 51.120015 9.736954 1.277225 0.019056 -0.420046 -0.034562 1.016577 -8.158015 10.028774 -0.034840 -0.062106 0.130323 -9.742011 10.598156 -14.527449 0.004439 0.124403 -0.038385 3.272733 -2.211509 -3.740864 0.004488 0.137956 0.026820 -6.352375 -4.528654 0.404437 -0.002265 0.056032 0.002855 7.911012 -6.144277 0.788576 -0.013390 0.211636 -0.033467 -12.521878 10.412832 7.399763 0.010113 0.088937 0.050409 10.615915 5.311718 -1.235842 0.071703 0.114000 -0.018898 -11.315165 -7.856102 -5.521687 0.122921 0.045205 -0.019046 -10.131514 -12.886034 -27.968223 0.255332 -0.015649 -0.022947 35.169716 -66.237406 51.921797 0.265709 0.012698 -0.007375 -0.851832 -6.231680 9.063230 0.086691 -0.010636 -0.015594 -5.750054 -3.454569 -9.845721 -0.082954 0.112472 -0.023707 1.533530 8.944138 16.237870 -0.113228 0.046853 -0.008472 6.409578 22.790417 66.914824 -0.260127 -0.014369 -0.031269 34.200956 61.165997 -33.585929 -0.269108 0.006794 -0.006027 -2.273649 5.881134 -3.780954 -0.088753 -0.008652 -0.010107 -4.252935 6.079084 9.729554 
-0.195672 -0.090931 2.579474 -0.000000 0.000000 -0.000000 -0.197846 0.881792 2.608058 -175.463544 -4.074341 0.348427 0.058581 -0.082280 -0.017664 -9.243257 2.410208 6.427827 0.043451 -0.386470 0.008037 37.076108 -7.365731 -6.805975 -0.014790 -0.426875 -0.037428 2.622361 9.384930 -7.374942 0.041054 -0.060286 0.122043 -15.995791 3.461303 13.054856 -0.060310 -0.090513 -0.013542 -9.051039 6.434595 7.102086 -0.043257 -0.383688 -0.004843 51.049046 9.267965 0.928444 0.019056 -0.420045 -0.034562 0.753623 -8.682075 9.783639 -0.034840 -0.062106 0.130323 -9.867948 10.384287 -14.404352 0.004439 0.124403 -0.038385 2.724321 -2.177834 -3.499614 0.004488 0.137956 0.026821 -6.449033 -4.518207 0.343839 -0.002265 0.056032 0.002855 7.335470 -5.560457 0.460725 -0.013390 0.211636 -0.033467 -11.472804 10.096791 7.463746 0.010113 0.088937 0.050410 11.217397 5.308078 -1.182709 0.071702 0.114000 -0.018898 -11.097377 -8.026384 -6.163620 0.122922 0.045205 -0.019046 -10.161382 -12.232731 -31.335132 0.255332 -0.015649 -0.022947 38.049515 -66.587849 55.530879 0.265709 0.012698 -0.007375 -1.365769 -6.274812 9.061095 0.086691 -0.010636 -0.015594 -5.624659 -3.560707 -9.983754 -0.082954 0.112473 -0.023707 0.077009 9.481480 16.000804 -0.113228 0.046853 -0.008472 4.413113 22.271056 66.337106 -0.260128 -0.014370 -0.031269 30.736275 59.115881 -31.492343 -0.269108 0.006794 -0.006027 -2.274303 5.957758 -4.118618 -0.088754 -0.008652 -0.010107 -4.294172 6.176178 9.911559 
-0.195672 -0.090931 2.579474 -0.000000 0.000000 -0.000000 -0.197846 0.881792 2.608058 -175.463544 -4.074341 0.348427 0.058581 -0.082280 -0.017664 -9.424302 2.716996 6.509996 0.043451 -0.386469 0.008037 37.887418 -7.238217 -6.974638 -0.014790 -0.426875 -0.037427 3.247173 9.008071 -7.459139 0.041054 -0.060286 0.122043 -15.915770 3.511618 12.929049 -0.060310 -0.090513 -0.013542 -7.390257 6.104378 6.659253 -0.043257 -0.383688 -0.004843 50.523343 8.797947 0.770581 0.019056 -0.420046 -0.034562 0.381994 -9.216924 9.683209 -0.034840 -0.062106 0.130323 -10.028827 10.155930 -14.409070 0.004439 0.124403 -0.038385 2.299489 -2.054910 -3.218824 0.004488 0.137956 0.026821 -6.426779 -4.413158 0.292734 -0.002265 0.056032 0.002855 6.676419 -4.782017 0.130404 -0.013390 0.211636 -0.033467 -10.106488 9.640255 7.398983 0.010113 0.088937 0.050410 11.823669 5.217876 -1.119106 0.071703 0.114000 -0.018897 -10.844822 -8.436063 -6.564060 0.122921 0.045205 -0.019045 -10.285871 -12.002511 -34.435423 0.255332 -0.015649 -0.022946 40.376489 -66.767114 58.383549 0.265709 0.012698 -0.007375 -1.857090 -6.378111 9.151321 0.086690 -0.010636 -0.015594 -5.448991 -3.661514 -10.083021 -0.082954 0.112472 -0.023707 -1.556506 10.110037 15.334516 -0.113228 0.046853 -0.008472 2.062622 21.640319 64.939424 -0.260127 -0.014369 -0.031269 27.895147 57.573140 -30.551262 -0.269108 0.006793 -0.006027 -2.268439 6.095631 -4.606512 -0.088754 -0.008652 -0.010107 -4.332549 6.242347 10.072459 
-0.195672 -0.090931 2.579474 -0.000000 0.000000 -0.000000 -0.197846 0.881792 2.608058 -175.463544 -4.074341 0.348427 0.058581 -0.082280 -0.017664 -9.845558 2.783683 6.602645 0.043451 -0.386469 0.008037 38.389215 -7.107977 -7.019562 -0.014790 -0.426874 -0.037428 3.691797 8.649413 -7.561358 0.041054 -0.060286 0.122042 -15.744937 3.597415 12.805522 -0.060310 -0.090513 -0.013542 -6.391765 5.561690 5.998653 -0.043257 -0.383688 -0.004843 49.501174 8.378221 0.860418 0.019056 -0.420046 -0.034562 -0.046375 -9.708386 9.720692 -0.034840 -0.062106 0.130323 -10.157848 9.890090 -14.550699 0.004439 0.124404 -0.038385 2.050587 -1.855869 -2.936443 0.004488 0.137956 0.026820 -6.313986 -4.204836 0.229216 -0.002265 0.056032 0.002855 5.919652 -3.919863 -0.137209 -0.013390 0.211636 -0.033467 -8.502985 8.978993 7.238143 0.010113 0.088937 0.050410 12.371471 5.059403 -0.987010 0.071703 0.114000 -0.018898 -10.555993 -9.064764 -6.698535 0.122922 0.045205 -0.019046 -10.539030 -12.144641 -37.039436 0.255332 -0.015649 -0.022946 41.980959 -66.800179 60.306124 0.265709 0.012698 -0.007375 -2.381257 -6.536996 9.286594 0.086691 -0.010636 -0.015594 -5.227074 -3.742907 -10.138344 -0.082954 0.112473 -0.023707 -3.257103 10.902030 14.202849 -0.113228 0.046853 -0.008473 -0.584399 21.043716 62.711334 -0.260127 -0.014369 -0.031269 25.512683 56.649828 -30.493301 -0.269108 0.006794 -0.006027 -2.236722 6.277672 -5.222087 -0.088753 -0.008651 -0.010107 -4.363344 6.265090 10.199665 
-0.195672 -0.090931 2.579474 -0.000000 0.000000 -0.000000 -0.197846 0.881792 2.608058 -175.463544 -4.074341 0.348427 0.058581 -0.082280 -0.017664 -10.374748 2.714744 6.708035 0.043451 -0.386469 0.008036 38.564693 -6.962323 -7.022019 -0.014790 -0.426874 -0.037428 3.872226 8.354663 -7.690907 0.041054 -0.060286 0.122043 -15.511911 3.694082 12.669460 -0.060310 -0.090513 -0.013542 -6.035272 4.872859 5.161834 -0.043257 -0.383688 -0.004843 47.949297 8.047627 1.165215 0.019056 -0.420045 -0.034562 -0.474190 -10.099884 9.876895 -0.034840 -0.062106 0.130323 -10.205454 9.587125 -14.834303 0.004439 0.124403 -0.038385 1.975751 -1.602998 -2.664466 0.004488 0.137956 0.026821 -6.160926 -3.897732 0.139871 -0.002265 0.056032 0.002855 5.094471 -3.041844 -0.327397 -0.013390 0.211636 -0.033468 -6.840279 8.115751 6.996953 0.010113 0.088937 0.050411 12.786624 4.845860 -0.763778 0.071703 0.114000 -0.018899 -10.261194 -9.821517 -6.580176 0.122921 0.045205 -0.019046 -10.892992 -12.525430 -39.019662 0.255332 -0.015649 -0.022946 42.863129 -66.734131 61.350958 0.265710 0.012699 -0.007375 -2.951298 -6.728060 9.415004 0.086691 -0.010636 -0.015594 -4.985637 -3.799673 -10.159094 -0.082954 0.112472 -0.023709 -4.862323 11.852407 12.736682 -0.113228 0.046853 -0.008472 -3.296699 20.604324 59.817151 -0.260127 -0.014370 -0.031269 23.435443 56.255992 -30.878329 -0.269108 0.006794 -0.006027 -2.164791 6.473364 -5.901746 -0.088754 -0.008652 -0.010107 -4.397875 6.242120 10.293342 
-0.195672 -0.090931 2.579474 -0.000000 0.000000 -0.000000 -0.197846 0.881792 2.608058 -175.463544 -4.074341 0.348427 0.058581 -0.082280 -0.017664 -10.799543 2.602894 6.752392 0.043451 -0.386469 0.008037 38.444311 -6.799844 -7.015791 -0.014790 -0.426874 -0.037429 3.766513 8.148953 -7.835200 0.041054 -0.060286 0.122042 -15.265550 3.781352 12.516651 -0.060310 -0.090513 -0.013542 -6.264985 4.170473 4.236818 -0.043257 -0.383688 -0.004843 45.957887 7.804932 1.578662 0.019056 -0.420045 -0.034562 -0.818443 -10.358132 10.130973 -0.034840 -0.062106 0.130323 -10.170754 9.268988 -15.232891 0.004439 0.124403 -0.038385 2.033587 -1.344452 -2.396516 0.004488 0.137956 0.026821 -5.990755 -3.537504 0.022349 -0.002265 0.056032 0.002855 4.333061 -2.228955 -0.468630 -0.013390 0.211636 -0.033467 -5.301188 7.111204 6.694019 0.010113 0.088937 0.050410 13.028123 4.589157 -0.471453 0.071703 0.114000 -0.018898 -9.979481 -10.614323 -6.271199 0.122921 0.045205 -0.019046 -11.260073 -13.049210 -40.373019 0.255332 -0.015649 -0.022947 43.188533 -66.605519 61.692427 0.265709 0.012698 -0.007375 -3.522259 -6.926054 9.527466 0.086690 -0.010636 -0.015594 -4.759952 -3.834264 -10.156002 -0.082954 0.112472 -0.023707 -6.217759 12.875658 11.123165 -0.113228 0.046853 -0.008472 -5.750810 20.390186 56.645173 -0.260127 -0.014369 -0.031269 21.712888 56.229345 -31.376134 -0.269108 0.006794 -0.006027 -2.054187 6.659994 -6.582041 -0.088754 -0.008652 -0.010107 -4.450095 6.186038 10.356723 
-0.195672 -0.090931 2.579474 -0.000000 0.000000 -0.000000 -0.197846 0.881792 2.608058 -175.463544 -4.074341 0.348427 0.058581 -0.082280 -0.017664 -10.981347 2.462000 6.657272 0.043451 -0.386469 0.008037 38.117264 -6.605980 -6.988885 -0.014790 -0.426875 -0.037428 3.385068 8.024539 -7.964643 0.041054 -0.060286 0.122043 -15.038135 3.861630 12.334659 -0.060310 -0.090513 -0.013542 -7.011782 3.556590 3.327154 -0.043257 -0.383688 -0.004843 43.657872 7.598576 2.018027 0.019056 -0.420046 -0.034562 -1.015821 -10.493685 10.463073 -0.034840 -0.062105 0.130323 -10.076605 8.944899 -15.704362 0.004439 0.124403 -0.038385 2.182496 -1.124219 -2.131009 0.004488 0.137957 0.026821 -5.794533 -3.180915 -0.111427 -0.002265 0.056032 0.002854 3.746107 -1.535683 -0.567433 -0.013390 0.211636 -0.033467 -3.957776 6.015271 6.353106 0.010113 0.088937 0.050410 13.120092 4.291888 -0.134009 0.071702 0.114000 -0.018898 -9.711195 -11.423735 -5.838733 0.122922 0.045205 -0.019046 -11.587637 -13.716482 -41.254964 0.255332 -0.015649 -0.022946 43.273698 -66.438923 61.640634 0.265709 0.012698 -0.007375 -4.052220 -7.121721 9.640942 0.086691 -0.010636 -0.015594 -4.566483 -3.852407 -10.134659 -0.082954 0.112472 -0.023707 -7.274343 13.918196 9.480694 -0.113228 0.046853 -0.008472 -7.792068 20.431891 53.560417 -0.260128 -0.014369 -0.031269 20.462507 56.439547 -31.878648 -0.269108 0.006794 -0.006027 -1.913567 6.837093 -7.242996 -0.088753 -0.008652 -0.010107 -4.526395 6.113559 10.395845 
-0.195672 -0.090931 2.579474 -0.000000 0.000000 -0.000000 -0.197846 0.881792 2.608058 -175.463544 -4.074341 0.348427 0.058581 -0.082280 -0.017664 -10.882602 2.254745 6.414427 0.043451 -0.386470 0.008037 37.631620 -6.356142 -6.894846 -0.014790 -0.426874 -0.037428 2.740509 7.986002 -8.047759 0.041054 -0.060286 0.122043 -14.855402 3.946431 12.117495 -0.060310 -0.090513 -0.013542 -8.167962 3.107945 2.547626 -0.043257 -0.383688 -0.004843 41.254541 7.388779 2.413882 0.019056 -0.420045 -0.034561 -1.031349 -10.534368 10.841400 -0.034840 -0.062106 0.130323 -9.944458 8.622783 -16.195637 0.004439 0.124403 -0.038385 2.392328 -0.963854 -1.886500 0.004488 0.137957 0.026822 -5.563444 -2.874541 -0.236350 -0.002265 0.056032 0.002856 3.416722 -0.996475 -0.599025 -0.013390 0.211636 -0.033468 -2.901658 4.897834 6.013727 0.010113 0.088938 0.050409 13.100007 3.975054 0.217137 0.071702 0.114000 -0.018899 -9.473046 -12.217074 -5.355456 0.122921 0.045205 -0.019047 -11.851711 -14.539613 -41.849788 0.255332 -0.015649 -0.022947 43.306442 -66.250410 61.402240 0.265709 0.012698 -0.007375 -4.516979 -7.304336 9.758947 0.086691 -0.010636 -0.015594 -4.406608 -3.859410 -10.097629 -0.082954 0.112472 -0.023708 -7.990330 14.911201 7.930593 -0.113228 0.046853 -0.008471 -9.328788 20.756924 50.921348 -0.260128 -0.014369 -0.031269 19.802267 56.819387 -32.380134 -0.269109 0.006794 -0.006027 -1.763368 7.001167 -7.856894 -0.088754 -0.008651 -0.010107 -4.621047 6.036501 10.415320 
-0.195672 -0.090931 2.579474 -0.000000 0.000000 -0.000000 -0.197846 0.881792 2.608058 -175.463544 -4.074341 0.348427 0.058581 -0.082280 -0.017664 -10.565751 1.934772 6.048783 0.043452 -0.386470 0.008037 36.939480 -6.035086 -6.655467 -0.014790 -0.426874 -0.037428 1.845297 8.053715 -8.060416 0.041054 -0.060286 0.122042 -14.737001 4.041477 11.871420 -0.060310 -0.090513 -0.013542 -9.569764 2.847961 1.951801 -0.043257 -0.383688 -0.004843 38.914210 7.151290 2.698730 0.019055 -0.420045 -0.034562 -0.893380 -10.521289 11.230018 -0.034840 -0.062105 0.130323 -9.795150 8.315339 -16.651038 0.004439 0.124403 -0.038385 2.626384 -0.842926 -1.664442 0.004488 0.137957 0.026820 -5.309561 -2.617899 -0.335566 -0.002265 0.056032 0.002855 3.380465 -0.591109 -0.577954 -0.013390 0.211635 -0.033467 -2.229043 3.852130 5.680683 0.010113 0.088937 0.050409 12.990303 3.680823 0.536200 0.071703 0.114000 -0.018898 -9.296331 -12.950558 -4.902921 0.122921 0.045205 -0.019047 -12.070684 -15.507482 -42.368838 0.255332 -0.015649 -0.022947 43.126470 -66.031831 60.885194 0.265709 0.012698 -0.007375 -4.926268 -7.461861 9.874644 0.086690 -0.010636 -0.015594 -4.265763 -3.862176 -10.050954 -0.082954 0.112472 -0.023707 -8.369307 15.797152 6.567789 -0.113228 0.046853 -0.008472 -10.380733 21.384539 48.961313 -0.260128 -0.014369 -0.031269 19.726952 57.339862 -32.901855 -0.269108 0.006794 -0.006027 -1.635200 7.146125 -8.400159 -0.088754 -0.008652 -0.010107 -4.716294 5.959154 10.421270 
-0.195672 -0.090931 2.579474 -0.000000 0.000000 -0.000000 -0.197846 0.881792 2.608058 -175.463544 -4.074341 0.348427 0.058581 -0.082280 -0.017664 -10.149537 1.488288 5.577422 0.043451 -0.386469 0.008036 35.957886 -5.654749 -6.229152 -0.014790 -0.426874 -0.037428 0.749841 8.216315 -8.010609 0.041054 -0.060286 0.122042 -14.672781 4.138503 11.634863 -0.060310 -0.090513 -0.013542 -11.059367 2.746187 1.508108 -0.043257 -0.383688 -0.004842 36.651673 6.866326 2.815326 0.019056 -0.420045 -0.034562 -0.671075 -10.480367 11.603911 -0.034840 -0.062105 0.130323 -9.642720 8.021676 -17.022057 0.004439 0.124404 -0.038385 2.857357 -0.723716 -1.440054 0.004488 0.137956 0.026821 -5.055426 -2.377580 -0.417638 -0.002265 0.056033 0.002855 3.607267 -0.264029 -0.577414 -0.013390 0.211636 -0.033468 -2.003632 2.982866 5.306930 0.010113 0.088937 0.050410 12.788544 3.451301 0.779860 0.071703 0.114000 -0.018898 -9.203485 -13.612168 -4.553672 0.122922 0.045205 -0.019046 -12.315330 -16.620835 -43.026968 0.255332 -0.015649 -0.022947 42.457457 -65.763998 59.897672 0.265709 0.012698 -0.007375 -5.302479 -7.589037 9.986829 0.086691 -0.010636 -0.015594 -4.131190 -3.865986 -10.004574 -0.082954 0.112472 -0.023707 -8.448380 16.556293 5.456537 -0.113228 0.046853 -0.008473 -11.056869 22.335552 47.796288 -0.260127 -0.014369 -0.031269 20.254369 58.071020 -33.593462 -0.269108 0.006794 -0.006027 -1.554349 7.273468 -8.873030 -0.088754 -0.008652 -0.010107 -4.796550 5.878398 10.421135 
-0.195672 -0.090931 2.579474 -0.000000 0.000000 -0.000000 -0.197846 0.881792 2.608058 -175.463544 -4.074341 0.348427 0.058581 -0.082280 -0.017664 -9.761735 1.008125 5.060561 0.043451 -0.386469 0.008037 34.686446 -5.248461 -5.674451 -0.014790 -0.426875 -0.037428 -0.394248 8.424512 -7.925147 0.041054 -0.060286 0.122043 -14.638420 4.222834 11.476239 -0.060310 -0.090513 -0.013542 -12.419757 2.742726 1.196368 -0.043257 -0.383688 -0.004843 34.583030 6.543268 2.764143 0.019056 -0.420045 -0.034561 -0.420639 -10.410820 11.912250 -0.034840 -0.062105 0.130323 -9.495539 7.737968 -17.245913 0.004439 0.124404 -0.038385 3.063936 -0.595155 -1.224776 0.004488 0.137957 0.026821 -4.827281 -2.158557 -0.492184 -0.002265 0.056032 0.002855 4.018217 -0.014956 -0.685889 -0.013390 0.211635 -0.033467 -2.231444 2.452692 4.909341 0.010113 0.088938 0.050411 12.501218 3.333168 0.921273 0.071702 0.113999 -0.018898 -9.209377 -14.186060 -4.348204 0.122922 0.045205 -0.019046 -12.646856 -17.859883 -43.952926 0.255332 -0.015649 -0.022946 41.312290 -65.458703 58.485906 0.265709 0.012698 -0.007375 -5.621538 -7.675488 10.094595 0.086691 -0.010636 -0.015594 -4.010089 -3.873100 -9.966644 -0.082954 0.112472 -0.023707 -8.259889 17.133210 4.723277 -0.113228 0.046853 -0.008472 -11.422642 23.543370 47.561951 -0.260128 -0.014369 -0.031270 21.502160 59.082243 -34.693236 -0.269109 0.006794 -0.006027 -1.541547 7.372955 -9.252348 -0.088754 -0.008651 -0.010107 -4.850994 5.794829 10.417180 
-0.195672 -0.090931 2.579474 -0.000000 0.000000 -0.000000 -0.197846 0.881792 2.608058 -175.463544 -4.074341 0.348427 0.058581 -0.082280 -0.017664 -9.498737 0.616969 4.573253 0.043451 -0.386469 0.008037 33.281340 -4.858158 -5.105594 -0.014790 -0.426875 -0.037428 -1.434039 8.643489 -7.821308 0.041054 -0.060286 0.122043 -14.618480 4.288717 11.437726 -0.060310 -0.090513 -0.013542 -13.468146 2.757336 0.982412 -0.043257 -0.383688 -0.004843 32.889827 6.210767 2.613135 0.019055 -0.420046 -0.034561 -0.182965 -10.322433 12.106078 -0.034840 -0.062106 0.130323 -9.356056 7.470778 -17.296365 0.004439 0.124403 -0.038385 3.228931 -0.474651 -1.061386 0.004489 0.137957 0.026820 -4.631507 -2.000762 -0.554502 -0.002265 0.056032 0.002856 4.560011 0.103647 -0.932589 -0.013390 0.211636 -0.033467 -2.802632 2.407367 4.539802 0.010113 0.088937 0.050410 12.170574 3.381171 0.943452 0.071702 0.114000 -0.018897 -9.294219 -14.643821 -4.253523 0.122921 0.045205 -0.019046 -13.041211 -19.099868 -45.053130 0.255332 -0.015649 -0.022947 39.837355 -65.128572 56.773007 0.265710 0.012698 -0.007375 -5.840767 -7.712701 10.188173 0.086691 -0.010636 -0.015595 -3.916972 -3.885650 -9.937689 -0.082954 0.112472 -0.023707 -7.861752 17.466102 4.449015 -0.113228 0.046853 -0.008472 -11.492453 24.804739 48.174953 -0.260128 -0.014369 -0.031269 23.499560 60.341709 -36.347203 -0.269109 0.006794 -0.006027 -1.606683 7.426791 -9.501879 -0.088753 -0.008652 -0.010107 -4.876943 5.712759 10.405387 
-0.195672 -0.090931 2.579474 -0.000000 0.000000 -0.000000 -0.197846 0.881792 2.608058 -175.463544 -4.074341 0.348427 0.058581 -0.082280 -0.017664 -9.386746 0.370159 4.149279 0.043452 -0.386469 0.008037 31.917908 -4.501050 -4.601705 -0.014790 -0.426874 -0.037428 -2.316070 8.879098 -7.707495 0.041054 -0.060286 0.122043 -14.604271 4.333772 11.512741 -0.060310 -0.090513 -0.013542 -14.188684 2.740732 0.831378 -0.043257 -0.383688 -0.004843 31.626781 5.895006 2.424849 0.019056 -0.420045 -0.034561 0.006912 -10.228437 12.185176 -0.034840 -0.062106 0.130323 -9.221992 7.239016 -17.207890 0.004439 0.124404 -0.038385 3.354174 -0.390168 -0.970669 0.004488 0.137956 0.026820 -4.455935 -1.939242 -0.585706 -0.002265 0.056032 0.002855 5.236589 0.045624 -1.270327 -0.013390 0.211636 -0.033468 -3.577978 2.885013 4.200615 0.010113 0.088937 0.050410 11.839733 3.624561 0.836942 0.071702 0.114000 -0.018898 -9.407185 -14.968433 -4.185572 0.122921 0.045205 -0.019045 -13.420739 -20.178969 -46.087381 0.255332 -0.015649 -0.022947 37.961293 -64.733227 54.663455 0.265710 0.012698 -0.007375 -5.936211 -7.704932 10.259701 0.086690 -0.010636 -0.015594 -3.861742 -3.908062 -9.913725 -0.082954 0.112472 -0.023707 -7.303925 17.525506 4.607553 -0.113229 0.046853 -0.008471 -11.252191 25.940434 49.351583 -0.260128 -0.014369 -0.031269 26.209478 61.798404 -38.609225 -0.269108 0.006794 -0.006027 -1.753121 7.434791 -9.612730 -0.088754 -0.008651 -0.010107 -4.880160 5.634413 10.384565 
-0.195672 -0.090931 2.579474 -0.000000 0.000000 -0.000000 -0.197846 0.881792 2.608058 -175.463544 -4.074341 0.348427 0.058581 -0.082280 -0.017664 -9.402884 0.279219 3.805573 0.043451 -0.386469 0.008036 30.706721 -4.165765 -4.214582 -0.014790 -0.426874 -0.037428 -3.041644 9.137162 -7.598132 0.041054 -0.060286 0.122042 -14.581161 4.349830 11.668414 -0.060310 -0.090513 -0.013542 -14.640138 2.689258 0.726522 -0.043257 -0.383688 -0.004843 30.739581 5.632247 2.236187 0.019055 -0.420045 -0.034562 0.116217 -10.119837 12.184142 -0.034840 -0.062106 0.130324 -9.095710 7.063653 -17.040316 0.004439 0.124404 -0.038385 3.461100 -0.360810 -0.941167 0.004488 0.137956 0.026820 -4.301881 -1.981806 -0.568862 -0.002264 0.056033 0.002855 6.007878 -0.202298 -1.625955 -0.013390 0.211636 -0.033467 -4.408105 3.816545 3.865161 0.010113 0.088937 0.050410 11.542530 4.041248 0.616959 0.071702 0.114000 -0.018898 -9.511188 -15.139519 -4.068682 0.122921 0.045205 -0.019046 -13.755583 -21.009749 -46.785211 0.255332 -0.015649 -0.022947 35.656415 -64.252081 52.168551 0.265710 0.012698 -0.007375 -5.902810 -7.667738 10.314789 0.086691 -0.010636 -0.015594 -3.845204 -3.940558 -9.893703 -0.082954 0.112473 -0.023707 -6.621691 17.292970 5.117765 -0.113228 0.046853 -0.008472 -10.699795 26.856094 50.788761 -0.260128 -0.014369 -0.031269 29.663652 63.424208 -41.578083 -0.269108 0.006794 -0.006027 -1.990514 7.414264 -9.597760 -0.088754 -0.008652 -0.010107 -4.866263 5.559264 10.360023 
-0.195672 -0.090931 2.579474 -0.000000 0.000000 -0.000000 -0.197846 0.881792 2.608058 -175.463544 -4.074341 0.348427 0.058581 -0.082280 -0.017664 -9.525173 0.318747 3.555526 0.043451 -0.386469 0.008037 29.687335 -3.832770 -3.978224 -0.014790 -0.426875 -0.037429 -3.622979 9.411311 -7.517096 0.041054 -0.060286 0.122042 -14.527307 4.328496 11.870467 -0.060310 -0.090513 -0.013542 -14.851661 2.613823 0.644842 -0.043257 -0.383688 -0.004842 30.127640 5.450965 2.079349 0.019056 -0.420045 -0.034561 0.122792 -9.984839 12.148838 -0.034840 -0.062106 0.130323 -8.974221 6.957329 -16.848405 0.004439 0.124403 -0.038385 3.591705 -0.378869 -0.942524 0.004488 0.137956 0.026821 -4.178552 -2.096653 -0.501486 -0.002265 0.056032 0.002855 6.779934 -0.610205 -1.945537 -0.013390 0.211636 -0.033467 -5.163637 5.099976 3.508288 0.010113 0.088938 0.050410 11.289529 4.593861 0.324647 0.071702 0.114000 -0.018898 -9.594512 -15.128811 -3.874457 0.122921 0.045205 -0.019045 -14.055757 -21.603759 -46.918690 0.255332 -0.015649 -0.022946 33.143285 -63.762241 49.579599 0.265710 0.012698 -0.007375 -5.753013 -7.622532 10.366757 0.086691 -0.010636 -0.015594 -3.862587 -3.971487 -9.879131 -0.082954 0.112472 -0.023708 -5.843221 16.755610 5.890351 -0.113228 0.046853 -0.008472 -9.846834 27.507880 52.223906 -0.260127 -0.014369 -0.031269 33.978873 65.170926 -45.410909 -0.269109 0.006794 -0.006027 -2.322659 7.387144 -9.473947 -0.088754 -0.008651 -0.010107 -4.837264 5.482208 10.335570 
-0.195672 -0.090931 2.579474 -0.000000 0.000000 -0.000000 -0.197846 0.881792 2.608058 -175.463544 -4.074341 0.348427 0.058581 -0.082280 -0.017664 -9.766660 0.421217 3.420643 0.043451 -0.386469 0.008037 28.856815 -3.504103 -3.886234 -0.014790 -0.426874 -0.037428 -4.019788 9.687725 -7.497762 0.041054 -0.060285 0.122043 -14.424210 4.267732 12.100432 -0.060310 -0.090513 -0.013542 -14.776185 2.510800 0.579952 -0.043257 -0.383688 -0.004842 29.755883 5.361951 2.008074 0.019055 -0.420045 -0.034561 0.027546 -9.820228 12.117239 -0.034840 -0.062106 0.130322 -8.850175 6.931623 -16.663411 0.004439 0.124404 -0.038385 3.789076 -0.423872 -0.953684 0.004489 0.137956 0.026820 -4.078874 -2.237623 -0.387842 -0.002265 0.056033 0.002856 7.451105 -1.125102 -2.165232 -0.013390 0.211636 -0.033467 -5.779822 6.663552 3.152997 0.010113 0.088938 0.050409 11.067827 5.265876 0.018939 0.071703 0.114000 -0.018898 -9.642456 -14.900356 -3.612858 0.122921 0.045205 -0.019047 -14.286965 -21.975328 -46.293964 0.255332 -0.015649 -0.022947 30.799242 -63.417596 47.314623 0.265709 0.012698 -0.007375 -5.501236 -7.591790 10.425550 0.086691 -0.010636 -0.015594 -3.915828 -3.979315 -9.870960 -0.082954 0.112472 -0.023707 -4.987246 15.911650 6.847948 -0.113228 0.046853 -0.008472 -8.684629 27.821341 53.396384 -0.260128 -0.014369 -0.031270 39.188941 66.909291 -50.166431 -0.269109 0.006794 -0.006027 -2.733463 7.377109 -9.258849 -0.088754 -0.008651 -0.010107 -4.793002 5.397911 10.311147 
-0.195672 -0.090931 2.579474 -0.000000 0.000000 -0.000000 -0.197846 0.881792 2.608058 -175.463544 -4.074341 0.348427 0.058581 -0.082280 -0.017664 -10.160054 0.526327 3.438135 0.043451 -0.386470 0.008037 28.221563 -3.188776 -3.892751 -0.014790 -0.426874 -0.037428 -4.141688 9.975113 -7.576296 0.041054 -0.060286 0.122042 -14.264498 4.173427 12.362140 -0.060310 -0.090513 -0.013542 -14.353463 2.340854 0.548468 -0.043257 -0.383688 -0.004843 29.675686 5.360164 2.113444 0.019056 -0.420046 -0.034562 -0.151260 -9.636832 12.125292 -0.034840 -0.062105 0.130323 -8.736025 7.005069 -16.501238 0.004439 0.124403 -0.038385 4.078256 -0.480557 -0.981995 0.004488 0.137956 0.026821 -3.964970 -2.377901 -0.225088 -0.002265 0.056032 0.002855 7.968805 -1.701208 -2.149918 -0.013390 0.211636 -0.033467 -6.296780 8.493465 2.843603 0.010113 0.088937 0.050410 10.841149 6.083160 -0.267363 0.071703 0.114000 -0.018898 -9.624383 -14.409044 -3.294089 0.122921 0.045205 -0.019046 -14.340558 -22.061672 -44.725079 0.255332 -0.015649 -0.022946 28.871206 -63.328025 45.596680 0.265709 0.012698 -0.007375 -5.141411 -7.589523 10.497004 0.086691 -0.010636 -0.015594 -4.023291 -3.948330 -9.869609 -0.082954 0.112473 -0.023706 -4.052269 14.776189 7.930038 -0.113228 0.046853 -0.008471 -7.156341 27.653870 54.081223 -0.260127 -0.014369 -0.031269 45.154135 68.483629 -55.732189 -0.269107 0.006794 -0.006027 -3.183601 7.411242 -8.981675 -0.088754 -0.008652 -0.010107 -4.742213 5.307144 10.292559 
-0.195672 -0.090931 2.579474 -0.000000 0.000000 -0.000000 -0.197846 0.881792 2.608058 -175.463544 -4.074341 0.348427 0.058581 -0.082280 -0.017664 -10.731801 0.629077 3.689460 0.043451 -0.386469 0.008037 27.866108 -2.893582 -3.934884 -0.014790 -0.426874 -0.037429 -3.916912 10.302896 -7.782551 0.041054 -0.060286 0.122042 -14.080799 4.063910 12.685949 -0.060310 -0.090513 -0.013542 -13.549539 2.053437 0.560197 -0.043257 -0.383688 -0.004843 29.942081 5.447982 2.456961 0.019056 -0.420045 -0.034563 -0.431838 -9.465890 12.203224 -0.034840 -0.062105 0.130323 -8.679141 7.178093 -16.367910 0.004439 0.124403 -0.038385 4.426562 -0.506640 -1.054659 0.004488 0.137956 0.026821 -3.803353 -2.479873 -0.019264 -0.002265 0.056032 0.002855 8.332308 -2.212705 -1.780560 -0.013390 0.211636 -0.033467 -6.786018 10.502702 2.587304 0.010113 0.088937 0.050409 10.570605 7.054151 -0.555732 0.071703 0.114000 -0.018898 -9.528511 -13.672318 -2.896275 0.122922 0.045205 -0.019046 -14.087888 -21.741882 -42.079347 0.255332 -0.015649 -0.022947 27.461245 -63.507249 44.469449 0.265710 0.012698 -0.007375 -4.685680 -7.620630 10.585964 0.086691 -0.010636 -0.015594 -4.192889 -3.877861 -9.868226 -0.082954 0.112473 -0.023707 -3.083096 13.475438 8.971908 -0.113228 0.046853 -0.008472 -5.263718 26.906320 54.021844 -0.260127 -0.014369 -0.031269 51.605815 69.773196 -61.876787 -0.269108 0.006794 -0.006027 -3.597952 7.513394 -8.690217 -0.088754 -0.008652 -0.010107 -4.699799 5.214698 10.281830 
-0.195672 -0.090931 2.579474 -0.000000 0.000000 -0.000000 -0.197846 0.881792 2.608058 -175.463544 -4.074341 0.348427 0.058581 -0.082280 -0.017664 -11.450477 0.713865 4.181523 0.043452 -0.386469 0.008037 27.861960 -2.635011 -3.967290 -0.014790 -0.426874 -0.037427 -3.382448 10.661839 -8.114212 0.041054 -0.060286 0.122042 -13.923252 3.949008 13.089009 -0.060310 -0.090513 -0.013542 -12.389508 1.655895 0.683224 -0.043257 -0.383688 -0.004843 30.395599 5.610633 2.971683 0.019055 -0.420046 -0.034561 -0.882990 -9.348307 12.333141 -0.034840 -0.062106 0.130323 -8.717183 7.407569 -16.261516 0.004439 0.124403 -0.038385 4.759620 -0.432622 -1.175722 0.004488 0.137956 0.026820 -3.623044 -2.478611 0.195666 -0.002265 0.056032 0.002855 8.573624 -2.474763 -1.116901 -0.013390 0.211636 -0.033468 -7.290368 12.437728 2.415265 0.010113 0.088938 0.050410 10.233301 8.094466 -0.836293 0.071702 0.114000 -0.018899 -9.366548 -12.770686 -2.418263 0.122921 0.045205 -0.019046 -13.459612 -20.924997 -38.540702 0.255332 -0.015649 -0.022947 26.733045 -63.963376 44.052046 0.265710 0.012698 -0.007375 -4.191720 -7.690090 10.716009 0.086691 -0.010636 -0.015594 -4.399549 -3.773905 -9.852370 -0.082954 0.112472 -0.023708 -2.178856 12.206044 9.725174 -0.113228 0.046853 -0.008472 -3.144860 25.681911 53.128251 -0.260128 -0.014369 -0.031268 58.322132 70.718399 -68.323079 -0.269109 0.006794 -0.006027 -3.908123 7.689862 -8.442690 -0.088754 -0.008652 -0.010107 -4.671212 5.120140 10.264272 
-0.195672 -0.090931 2.579474 -0.000000 0.000000 -0.000000 -0.197846 0.881792 2.608058 -175.463544 -4.074341 0.348427 0.058581 -0.082280 -0.017664 -12.277454 0.738662 4.808495 0.043452 -0.386469 0.008038 28.203441 -2.427918 -4.001549 -0.014790 -0.426874 -0.037428 -2.664099 11.016571 -8.537479 0.041054 -0.060286 0.122042 -13.796320 3.818735 13.536463 -0.060310 -0.090513 -0.013542 -10.992293 1.192671 0.967572 -0.043257 -0.383688 -0.004842 30.787491 5.794199 3.566915 0.019056 -0.420045 -0.034562 -1.515560 -9.314295 12.478230 -0.034840 -0.062105 0.130323 -8.827318 7.663229 -16.197543 0.004439 0.124403 -0.038385 5.056648 -0.228292 -1.306591 0.004488 0.137956 0.026820 -3.490583 -2.336188 0.393422 -0.002265 0.056032 0.002855 8.708804 -2.427897 -0.289455 -0.013390 0.211636 -0.033468 -7.871977 14.086830 2.385882 0.010113 0.088937 0.050410 9.806642 9.072819 -1.040259 0.071703 0.114000 -0.018898 -9.148175 -11.761218 -1.899441 0.122921 0.045205 -0.019046 -12.525892 -19.636616 -34.512584 0.255332 -0.015649 -0.022946 26.873062 -64.773641 44.543741 0.265709 0.012698 -0.007375 -3.685792 -7.799931 10.929323 0.086690 -0.010636 -0.015594 -4.612833 -3.637101 -9.810818 -0.082954 0.112472 -0.023708 -1.423069 11.056056 10.094317 -0.113228 0.046854 -0.008472 -0.938927 24.129282 51.510527 -0.260128 -0.014369 -0.031270 64.965057 71.314886 -74.627391 -0.269109 0.006794 -0.006027 -4.091595 7.929935 -8.270772 -0.088754 -0.008652 -0.010107 -4.652237 5.018756 10.221579 
-0.195672 -0.090931 2.579474 -0.000000 0.000000 -0.000000 -0.197846 0.881792 2.608058 -175.463544 -4.074341 0.348427 0.058581 -0.082280 -0.017664 -13.170819 0.687038 5.495711 0.043451 -0.386469 0.008037 28.836861 -2.296025 -4.077544 -0.014790 -0.426874 -0.037428 -1.897246 11.321318 -8.991533 0.041054 -0.060286 0.122043 -13.689245 3.675847 13.950030 -0.060310 -0.090513 -0.013542 -9.554526 0.705297 1.384929 -0.043257 -0.383688 -0.004843 31.038483 5.918498 4.194721 0.019056 -0.420046 -0.034562 -2.243670 -9.367645 12.610360 -0.034840 -0.062106 0.130324 -8.954270 7.938976 -16.190069 0.004439 0.124403 -0.038385 5.352143 0.061162 -1.414593 0.004488 0.137956 0.026821 -3.442991 -2.080709 0.572958 -0.002265 0.056032 0.002855 8.721564 -2.180767 0.621090 -0.013390 0.211636 -0.033468 -8.612676 15.323092 2.524071 0.010113 0.088937 0.050410 9.294091 9.824410 -1.094989 0.071702 0.114000 -0.018898 -8.872703 -10.695888 -1.427039 0.122922 0.045205 -0.019046 -11.482791 -18.098208 -30.587206 0.255332 -0.015649 -0.022946 28.303549 -66.058277 46.385177 0.265708 0.012698 -0.007375 -3.175702 -7.941121 11.245480 0.086691 -0.010636 -0.015594 -4.808845 -3.472928 -9.747144 -0.082954 0.112473 -0.023707 -0.854527 10.034304 10.192855 -0.113228 0.046853 -0.008472 1.263804 22.328812 49.439453 -0.260127 -0.014369 -0.031269 70.478120 71.588019 -79.672791 -0.269109 0.006794 -0.006027 -4.132334 8.201791 -8.177535 -0.088754 -0.008651 -0.010107 -4.642514 4.919264 10.151981 
-0.195672 -0.090931 2.579474 -0.000000 0.000000 -0.000000 -0.197846 0.881792 2.608058 -175.463544 -4.074341 0.348427 0.058581 -0.082280 -0.017664 -14.056943 0.573661 6.219769 0.043452 -0.386469 0.008037 29.666551 -2.262749 -4.200840 -0.014790 -0.426874 -0.037428 -1.215983 11.533438 -9.386089 0.041054 -0.060286 0.122042 -13.618086 3.548644 14.251997 -0.060310 -0.090513 -0.013542 -8.283350 0.244886 1.863820 -0.043257 -0.383688 -0.004843 31.197698 5.919398 4.786832 0.019055 -0.420045 -0.034562 -2.954892 -9.480624 12.708860 -0.034840 -0.062106 0.130324 -9.050554 8.213143 -16.225234 0.004439 0.124404 -0.038385 5.692283 0.352735 -1.501548 0.004488 0.137956 0.026821 -3.468527 -1.785560 0.738470 -0.002265 0.056032 0.002855 8.597709 -1.898210 1.518489 -0.013390 0.211636 -0.033468 -9.545714 16.086330 2.811313 0.010113 0.088937 0.050410 8.746103 10.234733 -0.993646 0.071702 0.114000 -0.018898 -8.543636 -9.651788 -1.113113 0.122921 0.045205 -0.019046 -10.497498 -16.633058 -27.391859 0.255332 -0.015649 -0.022946 31.521787 -67.755531 50.030518 0.265709 0.012698 -0.007375 -2.692712 -8.091149 11.624891 0.086691 -0.010636 -0.015594 -4.973964 -3.304463 -9.683995 -0.082954 0.112472 -0.023708 -0.471802 9.142755 10.222088 -0.113228 0.046853 -0.008471 3.326696 20.406865 47.360412 -0.260128 -0.014370 -0.031269 73.562312 71.653281 -82.213259 -0.269109 0.006794 -0.006027 -4.035464 8.451845 -8.146514 -0.088754 -0.008651 -0.010107 -4.648030 4.843421 10.077802 
-0.195672 -0.090931 2.579474 -0.000000 0.000000 -0.000000 -0.197846 0.881792 2.608058 -175.463544 -4.074341 0.348427 0.058581 -0.082280 -0.017664 -14.891102 0.437039 6.927741 0.043451 -0.386469 0.008037 30.614008 -2.321290 -4.349812 -0.014790 -0.426875 -0.037428 -0.728106 11.627434 -9.645879 0.041055 -0.060286 0.122043 -13.604122 3.468103 14.403943 -0.060310 -0.090513 -0.013542 -7.325109 -0.132446 2.320566 -0.043257 -0.383688 -0.004843 31.329873 5.801498 5.259410 0.019056 -0.420045 -0.034561 -3.557408 -9.617698 12.772689 -0.034840 -0.062105 0.130323 -9.097695 8.456828 -16.290249 0.004439 0.124403 -0.038385 6.113502 0.586529 -1.570612 0.004488 0.137957 0.026821 -3.543449 -1.522727 0.893548 -0.002265 0.056032 0.002855 8.349869 -1.679115 2.291195 -0.013390 0.211636 -0.033467 -10.639643 16.370357 3.192527 0.010113 0.088937 0.050410 8.204847 10.271909 -0.799131 0.071703 0.114000 -0.018898 -8.178898 -8.679611 -1.004776 0.122921 0.045205 -0.019045 -9.627638 -15.423549 -25.235065 0.255332 -0.015649 -0.022947 36.656450 -69.548326 55.555242 0.265709 0.012698 -0.007375 -2.260548 -8.224896 12.017897 0.086690 -0.010636 -0.015594 -5.108876 -3.158241 -9.647072 -0.082954 0.112472 -0.023707 -0.266470 8.376611 10.304007 -0.113228 0.046853 -0.008473 5.116501 18.553958 45.637022 -0.260127 -0.014370 -0.031269 73.668597 71.624710 -81.815441 -0.269109 0.006794 -0.006027 -3.847710 8.637409 -8.165274 -0.088754 -0.008652 -0.010107 -4.674506 4.807922 10.028202 
-0.195672 -0.090931 2.579474 -0.000000 0.000000 -0.000000 -0.197846 0.881792 2.608058 -175.463544 -4.074341 0.348427 0.058581 -0.082280 -0.017664 -15.689585 0.332101 7.521633 0.043451 -0.386469 0.008037 31.632915 -2.438784 -4.508867 -0.014790 -0.426875 -0.037429 -0.488362 11.598278 -9.744297 0.041054 -0.060286 0.122043 -13.647408 3.445662 14.408605 -0.060310 -0.090513 -0.013542 -6.749848 -0.394602 2.676226 -0.043257 -0.383688 -0.004844 31.454650 5.627068 5.563599 0.019055 -0.420046 -0.034562 -3.997732 -9.743980 12.814074 -0.034840 -0.062105 0.130323 -9.095024 8.651440 -16.394401 0.004439 0.124403 -0.038385 6.629458 0.739775 -1.614248 0.004488 0.137957 0.026820 -3.640714 -1.334159 1.025274 -0.002265 0.056033 0.002855 8.014858 -1.541948 2.863040 -0.013390 0.211636 -0.033467 -11.817688 16.195570 3.588253 0.010113 0.088938 0.050410 7.681483 9.952707 -0.577199 0.071702 0.114000 -0.018898 -7.818880 -7.785194 -1.058857 0.122922 0.045205 -0.019046 -8.882362 -14.497736 -24.065576 0.255332 -0.015649 -0.022946 43.407765 -71.082291 62.646304 0.265709 0.012698 -0.007375 -1.891283 -8.328346 12.393288 0.086691 -0.010636 -0.015595 -5.219180 -3.049810 -9.649666 -0.082954 0.112472 -0.023707 -0.212446 7.744513 10.437357 -0.113228 0.046853 -0.008471 6.585703 16.943505 44.364678 -0.260128 -0.014369 -0.031269 71.172279 71.505114 -78.925588 -0.269109 0.006794 -0.006027 -3.618583 8.746435 -8.234333 -0.088754 -0.008652 -0.010107 -4.725839 4.815560 10.019154 
-0.195672 -0.090931 2.579474 -0.000000 0.000000 -0.000000 -0.197846 0.881792 2.608058 -175.463544 -4.074341 0.348427 0.058581 -0.082280 -0.017664 -16.520165 0.302037 7.889301 0.043451 -0.386469 0.008036 32.673651 -2.577042 -4.672241 -0.014790 -0.426874 -0.037428 -0.517235 11.471963 -9.695219 0.041054 -0.060286 0.122042 -13.728182 3.469744 14.304411 -0.060310 -0.090513 -0.013542 -6.567656 -0.548018 2.844311 -0.043257 -0.383688 -0.004843 31.550993 5.468256 5.692267 0.019055 -0.420046 -0.034562 -4.250003 -9.831275 12.849204 -0.034840 -0.062105 0.130323 -9.053657 8.785348 -16.558253 0.004439 0.124404 -0.038385 7.219947 0.819566 -1.629106 0.004489 0.137957 0.026821 -3.733684 -1.228062 1.105193 -0.002265 0.056032 0.002855 7.641596 -1.452570 3.209300 -0.013390 0.211635 -0.033468 -13.001281 15.603939 3.931600 0.010113 0.088937 0.050409 7.165380 9.332610 -0.362025 0.071703 0.114000 -0.018899 -7.500320 -6.961101 -1.189348 0.122922 0.045205 -0.019046 -8.221247 -13.792962 -23.613721 0.255331 -0.015649 -0.022947 51.006961 -72.134632 70.513138 0.265710 0.012698 -0.007375 -1.590166 -8.400640 12.720557 0.086691 -0.010636 -0.015594 -5.310133 -2.984576 -9.691183 -0.082954 0.112472 -0.023709 -0.274502 7.274752 10.553369 -0.113228 0.046853 -0.008472 7.712574 15.672224 43.463431 -0.260128 -0.014369 -0.031269 67.120535 71.244528 -74.631394 -0.269108 0.006794 -0.006027 -3.378525 8.789047 -8.350987 -0.088754 -0.008651 -0.010107 -4.804474 4.857135 10.051045 
-0.195672 -0.090931 2.579474 -0.000000 0.000000 -0.000000 -0.197846 0.881792 2.608058 -175.463544 -4.074341 0.348427 0.058581 -0.082280 -0.017664 -17.465717 0.357750 7.964284 0.043451 -0.386470 0.008036 33.675476 -2.705192 -4.844789 -0.014790 -0.426874 -0.037427 -0.793682 11.292439 -9.533274 0.041054 -0.060285 0.122043 -13.815030 3.522472 14.140039 -0.060310 -0.090513 -0.013542 -6.745188 -0.635674 2.772494 -0.043257 -0.383688 -0.004843 31.583973 5.356505 5.682701 0.019056 -0.420045 -0.034562 -4.319789 -9.874676 12.885096 -0.034840 -0.062106 0.130323 -8.994941 8.850317 -16.784990 0.004439 0.124404 -0.038385 7.849081 0.849589 -1.627126 0.004488 0.137956 0.026821 -3.804744 -1.183768 1.115979 -0.002265 0.056033 0.002855 7.261779 -1.365772 3.368640 -0.013390 0.211636 -0.033467 -14.137050 14.666660 4.187887 0.010113 0.088937 0.050410 6.634359 8.492730 -0.160097 0.071703 0.114000 -0.018898 -7.211746 -6.198881 -1.326834 0.122922 0.045206 -0.019046 -7.523061 -13.209662 -23.584734 0.255332 -0.015649 -0.022947 58.485790 -72.666663 78.109948 0.265710 0.012698 -0.007375 -1.359199 -8.449034 12.969694 0.086691 -0.010636 -0.015594 -5.390668 -2.961998 -9.765302 -0.082954 0.112472 -0.023707 -0.427203 6.984273 10.617025 -0.113228 0.046853 -0.008471 8.440866 14.766335 42.849769 -0.260128 -0.014369 -0.031269 62.630868 70.847414 -70.099679 -0.269109 0.006794 -0.006027 -3.142199 8.782701 -8.508949 -0.088754 -0.008652 -0.010107 -4.910605 4.919817 10.119882 
-0.195672 -0.090931 2.579474 -0.000000 0.000000 -0.000000 -0.197846 0.881792 2.608058 -175.463544 -4.074341 0.348427 0.058581 -0.082280 -0.017664 -18.588380 0.485656 7.745022 0.043451 -0.386469 0.008037 34.573601 -2.809251 -5.029794 -0.014790 -0.426874 -0.037428 -1.248124 11.107249 -9.302661 0.041054 -0.060286 0.122043 -13.877354 3.594035 13.952315 -0.060310 -0.090513 -0.013542 -7.228493 -0.705300 2.495230 -0.043257 -0.383688 -0.004843 31.547151 5.277200 5.607815 0.019056 -0.420046 -0.034561 -4.232267 -9.882310 12.910702 -0.034840 -0.062106 0.130323 -8.932773 8.834767 -17.043786 0.004439 0.124404 -0.038385 8.494822 0.856313 -1.630119 0.004488 0.137957 0.026821 -3.842362 -1.163428 1.054057 -0.002265 0.056032 0.002855 6.868530 -1.248401 3.393096 -0.013390 0.211635 -0.033468 -15.201568 13.476220 4.348107 0.010113 0.088937 0.050410 6.072361 7.511495 0.034758 0.071702 0.114000 -0.018898 -6.901747 -5.502841 -1.437984 0.122921 0.045205 -0.019046 -6.626273 -12.656908 -23.796854 0.255332 -0.015649 -0.022946 64.860405 -72.761008 84.355172 0.265710 0.012698 -0.007375 -1.198593 -8.475075 13.122935 0.086691 -0.010636 -0.015594 -5.484587 -2.982439 -9.871900 -0.082954 0.112472 -0.023707 -0.659375 6.866411 10.646619 -0.113228 0.046853 -0.008472 8.711082 14.225734 42.474050 -0.260127 -0.014369 -0.031269 58.408438 70.378706 -66.076903 -0.269109 0.006794 -0.006027 -2.914824 8.740126 -8.711650 -0.088754 -0.008651 -0.010107 -5.046091 4.994981 10.229223 
-0.195672 -0.090931 2.579474 -0.000000 0.000000 -0.000000 -0.197846 0.881792 2.608058 -175.463544 -4.074341 0.348427 0.058581 -0.082280 -0.017664 -19.827735 0.643853 7.304204 0.043451 -0.386469 0.008036 35.250671 -2.891443 -5.198644 -0.014790 -0.426874 -0.037428 -1.755611 10.964251 -9.070732 0.041054 -0.060286 0.122043 -13.893512 3.663405 13.774556 -0.060310 -0.090513 -0.013542 -7.926509 -0.771553 2.120149 -0.043257 -0.383688 -0.004843 31.474990 5.209093 5.541985 0.019056 -0.420046 -0.034562 -4.046944 -9.868788 12.900644 -0.034840 -0.062105 0.130323 -8.870347 8.729912 -17.276605 0.004439 0.124403 -0.038385 9.126145 0.862058 -1.650511 0.004488 0.137957 0.026821 -3.842408 -1.135002 0.927230 -0.002265 0.056032 0.002855 6.444290 -1.096434 3.299082 -0.013390 0.211636 -0.033468 -16.146565 12.199152 4.423736 0.010113 0.088938 0.050410 5.516851 6.508206 0.227221 0.071703 0.114000 -0.018898 -6.557208 -4.940488 -1.518300 0.122921 0.045205 -0.019046 -5.520760 -12.132466 -24.173853 0.255332 -0.015649 -0.022947 68.841880 -72.593771 87.935113 0.265709 0.012698 -0.007375 -1.110809 -8.467928 13.157932 0.086691 -0.010636 -0.015594 -5.611547 -3.043760 -10.008057 -0.082954 0.112472 -0.023707 -0.968274 6.882940 10.669678 -0.113228 0.046853 -0.008472 8.504764 14.026393 42.296824 -0.260127 -0.014369 -0.031269 54.692671 69.918072 -62.801090 -0.269108 0.006793 -0.006027 -2.718896 8.661568 -8.933593 -0.088754 -0.008652 -0.010107 -5.203807 5.070224 10.378613 
-0.195672 -0.090931 2.579474 -0.000000 0.000000 -0.000000 -0.197846 0.881792 2.608058 -175.463544 -4.074341 0.348427 0.058581 -0.082280 -0.017664 -21.041257 0.800053 6.730475 0.043451 -0.386469 0.008037 35.679177 -2.956900 -5.313649 -0.014790 -0.426875 -0.037428 -2.200542 10.881819 -8.884939 0.041054 -0.060286 0.122043 -13.858274 3.702766 13.613051 -0.060310 -0.090513 -0.013542 -8.740135 -0.818948 1.728290 -0.043257 -0.383688 -0.004843 31.402041 5.152743 5.535130 0.019056 -0.420045 -0.034562 -3.843444 -9.840158 12.849041 -0.034840 -0.062105 0.130323 -8.819382 8.555890 -17.451560 0.004439 0.124403 -0.038385 9.741630 0.872070 -1.684502 0.004488 0.137956 0.026820 -3.808191 -1.092605 0.767860 -0.002265 0.056033 0.002856 5.979839 -0.940434 3.130231 -0.013390 0.211636 -0.033468 -16.941031 10.987824 4.440469 0.010113 0.088937 0.050411 5.010255 5.584778 0.420357 0.071703 0.114000 -0.018898 -6.205356 -4.564807 -1.578555 0.122921 0.045205 -0.019047 -4.354964 -11.695203 -24.627625 0.255332 -0.015649 -0.022947 69.935345 -72.365677 88.441715 0.265708 0.012698 -0.007375 -1.085712 -8.423156 13.075607 0.086691 -0.010636 -0.015594 -5.764540 -3.133310 -10.162274 -0.082954 0.112472 -0.023708 -1.332728 6.965952 10.709148 -0.113228 0.046853 -0.008473 7.915615 14.074221 42.298959 -0.260128 -0.014369 -0.031269 51.283587 69.486725 -60.026045 -0.269108 0.006793 -0.006027 -2.582778 8.546685 -9.136494 -0.088754 -0.008652 -0.010107 -5.366994 5.133913 10.557180 
-0.195672 -0.090931 2.579474 -0.000000 0.000000 -0.000000 -0.197846 0.881792 2.608058 -175.463544 -4.074341 0.348427 0.058581 -0.082280 -0.017664 -22.167920 0.964931 5.993998 0.043451 -0.386469 0.008037 35.913182 -3.006828 -5.373487 -0.014790 -0.426875 -0.037428 -2.539810 10.852500 -8.750012 0.041054 -0.060286 0.122042 -13.777967 3.704749 13.457067 -0.060310 -0.090513 -0.013542 -9.637808 -0.821851 1.310546 -0.043257 -0.383688 -0.004842 31.365492 5.127222 5.594716 0.019056 -0.420045 -0.034562 -3.642673 -9.783038 12.787162 -0.034840 -0.062105 0.130323 -8.803634 8.349709 -17.585370 0.004439 0.124403 -0.038385 10.386318 0.878764 -1.718700 0.004488 0.137957 0.026820 -3.742337 -1.043091 0.613466 -0.002265 0.056033 0.002854 5.476189 -0.794124 2.939438 -0.013390 0.211635 -0.033468 -17.592105 9.879088 4.397216 0.010113 0.088937 0.050410 4.550354 4.757154 0.594153 0.071702 0.114000 -0.018898 -5.859156 -4.353043 -1.615021 0.122921 0.045205 -0.019046 -3.220750 -11.385003 -25.035355 0.255332 -0.015649 -0.022946 68.691807 -72.152261 86.521858 0.265709 0.012698 -0.007375 -1.103918 -8.347705 12.912218 0.086691 -0.010636 -0.015594 -5.928249 -3.237387 -10.328289 -0.082954 0.112472 -0.023707 -1.713084 7.054667 10.767656 -0.113228 0.046853 -0.008471 7.087624 14.268666 42.459751 -0.260128 -0.014370 -0.031269 47.902661 69.051464 -57.426912 -0.269109 0.006794 -0.006027 -2.509614 8.405534 -9.322894 -0.088754 -0.008652 -0.010107 -5.527362 5.186547 10.756947 
-0.195672 -0.090931 2.579474 -0.000000 0.000000 -0.000000 -0.197846 0.881792 2.608058 -175.463544 -4.074341 0.348427 0.058581 -0.082280 -0.017664 -23.150810 1.150894 5.075573 0.043451 -0.386469 0.008037 36.018022 -3.046015 -5.383088 -0.014790 -0.426874 -0.037428 -2.744994 10.864714 -8.654320 0.041054 -0.060286 0.122042 -13.650175 3.677396 13.303196 -0.060310 -0.090513 -0.013542 -10.577104 -0.748867 0.847215 -0.043257 -0.383688 -0.004843 31.393592 5.157177 5.684362 0.019056 -0.420045 -0.034561 -3.460739 -9.699412 12.732145 -0.034840 -0.062105 0.130323 -8.832603 8.143088 -17.698758 0.004439 0.124403 -0.038385 11.079671 0.866735 -1.730725 0.004488 0.137956 0.026821 -3.640846 -1.002165 0.480139 -0.002265 0.056033 0.002855 4.941232 -0.677715 2.738835 -0.013390 0.211636 -0.033467 -18.073526 8.919074 4.286111 0.010113 0.088938 0.050410 4.150352 4.056351 0.711482 0.071702 0.114000 -0.018897 -5.537862 -4.301713 -1.633855 0.122922 0.045205 -0.019046 -2.233140 -11.241533 -25.329564 0.255332 -0.015649 -0.022947 65.509184 -71.928859 82.665950 0.265710 0.012698 -0.007375 -1.140797 -8.247707 12.706944 0.086691 -0.010636 -0.015594 -6.087275 -3.345905 -10.497355 -0.082954 0.112473 -0.023707 -2.084325 7.125491 10.831842 -0.113228 0.046853 -0.008472 6.104088 14.544801 42.748505 -0.260127 -0.014369 -0.031269 44.478298 68.587749 -54.900391 -0.269108 0.006794 -0.006027 -2.492860 8.250108 -9.496715 -0.088754 -0.008651 -0.010107 -5.679240 5.229821 10.967328 
-0.195672 -0.090931 2.579474 -0.000000 0.000000 -0.000000 -0.197846 0.881792 2.608058 -175.463544 -4.074341 0.348427 0.058581 -0.082280 -0.017664 -23.974973 1.329906 3.985707 0.043451 -0.386469 0.008036 36.102099 -3.089851 -5.321944 -0.014790 -0.426874 -0.037428 -2.792813 10.888611 -8.585327 0.041054 -0.060286 0.122043 -13.475279 3.621677 13.153305 -0.060310 -0.090513 -0.013542 -11.555967 -0.582013 0.340952 -0.043257 -0.383688 -0.004843 31.519977 5.222525 5.760393 0.019056 -0.420045 -0.034561 -3.337340 -9.612630 12.669098 -0.034840 -0.062106 0.130323 -8.899456 7.944479 -17.788770 0.004439 0.124403 -0.038385 11.872301 0.829642 -1.704527 0.004488 0.137956 0.026820 -3.497343 -0.981382 0.338262 -0.002265 0.056032 0.002855 4.349768 -0.619456 2.471844 -0.013390 0.211636 -0.033467 -18.364721 8.134126 4.078711 0.010113 0.088937 0.050410 3.814974 3.495640 0.738770 0.071702 0.114000 -0.018898 -5.263422 -4.432791 -1.703656 0.122921 0.045205 -0.019046 -1.506265 -11.301316 -25.592628 0.255332 -0.015649 -0.022946 60.321417 -71.575233 76.847394 0.265709 0.012698 -0.007375 -1.166983 -8.117309 12.477974 0.086691 -0.010636 -0.015594 -6.239552 -3.459782 -10.661360 -0.082954 0.112472 -0.023706 -2.455704 7.159917 10.904961 -0.113228 0.046853 -0.008472 4.963633 14.879589 43.190629 -0.260127 -0.014369 -0.031269 41.059057 68.101036 -52.499665 -0.269108 0.006794 -0.006027 -2.532584 8.075059 -9.644931 -0.088753 -0.008651 -0.010107 -5.822668 5.261119 11.183290 
-0.195672 -0.090931 2.579474 -0.000000 0.000000 -0.000000 -0.197846 0.881792 2.608058 -175.463544 -4.074341 0.348427 0.058581 -0.082280 -0.017664 -24.657500 1.419752 2.715452 0.043451 -0.386469 0.008037 36.269046 -3.152791 -5.148781 -0.014790 -0.426875 -0.037428 -2.685773 10.905996 -8.530859 0.041054 -0.060286 0.122042 -13.262270 3.521270 13.008491 -0.060310 -0.090513 -0.013542 -12.578838 -0.333280 -0.197326 -0.043257 -0.383688 -0.004843 31.749117 5.287526 5.825298 0.019056 -0.420046 -0.034561 -3.282933 -9.533191 12.584707 -0.034840 -0.062105 0.130324 -8.997810 7.759383 -17.824681 0.004439 0.124404 -0.038385 12.796862 0.769366 -1.625851 0.004488 0.137957 0.026820 -3.316668 -0.990492 0.161194 -0.002265 0.056032 0.002855 3.702115 -0.632112 2.074870 -0.013390 0.211635 -0.033467 -18.470351 7.564419 3.728203 0.010113 0.088937 0.050410 3.527068 3.089488 0.642394 0.071702 0.113999 -0.018898 -5.071390 -4.788862 -1.895624 0.122921 0.045205 -0.019046 -1.137687 -11.640766 -25.931751 0.255332 -0.015649 -0.022947 53.205135 -70.891858 69.139129 0.265709 0.012698 -0.007375 -1.150580 -7.946607 12.224957 0.086691 -0.010636 -0.015594 -6.382251 -3.579406 -10.803892 -0.082954 0.112472 -0.023707 -2.804356 7.131345 11.004230 -0.113228 0.046853 -0.008471 3.663472 15.277567 43.813427 -0.260128 -0.014369 -0.031269 37.693102 67.614071 -50.254988 -0.269108 0.006794 -0.006027 -2.620478 7.870016 -9.749262 -0.088754 -0.008652 -0.010107 -5.952451 5.272334 11.388957 
-0.195672 -0.090931 2.579474 -0.000000 0.000000 -0.000000 -0.197846 0.881792 2.608058 -175.463544 -4.074341 0.348427 0.058581 -0.082280 -0.017664 -25.208743 1.326387 1.223337 0.043452 -0.386470 0.008036 36.574208 -3.254996 -4.796029 -0.014790 -0.426874 -0.037428 -2.430751 10.930601 -8.480010 0.041054 -0.060286 0.122043 -12.990959 3.338154 12.864492 -0.060310 -0.090513 -0.013542 -13.606551 0.004052 -0.705139 -0.043257 -0.383688 -0.004843 31.891263 5.366734 5.863717 0.019056 -0.420045 -0.034562 -3.250149 -9.446874 12.473662 -0.034840 -0.062106 0.130323 -9.119970 7.602307 -17.778504 0.004439 0.124403 -0.038385 13.804508 0.677000 -1.477007 0.004488 0.137956 0.026821 -3.110561 -1.051901 -0.040144 -0.002265 0.056033 0.002854 3.070418 -0.722676 1.533641 -0.013390 0.211636 -0.033467 -18.403243 7.242297 3.205049 0.010113 0.088938 0.050411 3.240706 2.839398 0.396670 0.071702 0.114000 -0.018898 -4.981446 -5.398135 -2.133355 0.122922 0.045205 -0.019046 -1.123721 -12.288274 -26.297883 0.255332 -0.015649 -0.022947 44.549830 -69.638287 59.856889 0.265709 0.012698 -0.007375 -1.062493 -7.732903 11.929581 0.086690 -0.010636 -0.015594 -6.502917 -3.699750 -10.895736 -0.082954 0.112473 -0.023706 -3.089665 7.068092 11.095536 -0.113228 0.046853 -0.008472 2.158624 15.802686 44.579589 -0.260127 -0.014369 -0.031270 34.314730 67.114334 -48.024716 -0.269109 0.006794 -0.006027 -2.726347 7.635413 -9.801715 -0.088754 -0.008652 -0.010107 -6.055166 5.255429 11.551705 
-0.195672 -0.090931 2.579474 -0.000000 0.000000 -0.000000 -0.197846 0.881792 2.608058 -175.463544 -4.074341 0.348427 0.058581 -0.082280 -0.017664 -25.513700 0.996766 -0.361230 0.043451 -0.386469 0.008037 37.046731 -3.423555 -4.217486 -0.014790 -0.426874 -0.037428 -2.017738 10.957157 -8.430418 0.041054 -0.060286 0.122042 -12.685978 3.069049 12.724581 -0.060310 -0.090513 -0.013542 -14.468849 0.438321 -1.000655 -0.043257 -0.383688 -0.004843 31.677919 5.507322 5.811097 0.019056 -0.420045 -0.034562 -3.212254 -9.345891 12.331430 -0.034840 -0.062106 0.130323 -9.237988 7.501388 -17.650003 0.004439 0.124404 -0.038385 14.707617 0.562362 -1.251626 0.004488 0.137956 0.026821 -2.910017 -1.162057 -0.247134 -0.002265 0.056033 0.002854 2.600448 -0.860401 0.917720 -0.013390 0.211635 -0.033468 -18.175198 7.124569 2.575378 0.010113 0.088937 0.050410 2.950772 2.733351 0.028282 0.071703 0.114000 -0.018898 -4.996747 -6.152996 -2.281773 0.122921 0.045205 -0.019047 -1.332424 -13.052359 -26.612613 0.255332 -0.015649 -0.022946 35.969310 -67.740614 50.575874 0.265709 0.012698 -0.007375 -0.931573 -7.502192 11.596015 0.086691 -0.010636 -0.015594 -6.575991 -3.807296 -10.909648 -0.082954 0.112472 -0.023708 -3.274124 7.060040 11.068475 -0.113228 0.046853 -0.008472 0.532895 16.478982 45.341070 -0.260128 -0.014369 -0.031269 31.344718 66.648521 -46.047274 -0.269109 0.006794 -0.006027 -2.799435 7.405975 -9.811022 -0.088753 -0.008652 -0.010107 -6.106903 5.213713 11.637131 
-0.195672 -0.090931 2.579474 -0.000000 0.000000 -0.000000 -0.197846 0.881792 2.608058 -175.463544 -4.074341 0.348427 0.058581 -0.082280 -0.017664 -25.524243 0.381946 -2.077156 0.043451 -0.386469 0.008037 37.733916 -3.676226 -3.363469 -0.014790 -0.426874 -0.037428 -1.429964 10.964407 -8.382902 0.041054 -0.060286 0.122043 -12.385067 2.732594 12.584890 -0.060310 -0.090513 -0.013542 -15.145617 0.997094 -1.010503 -0.043257 -0.383688 -0.004842 31.017883 5.753949 5.622344 0.019056 -0.420045 -0.034562 -3.140841 -9.206502 12.161068 -0.034840 -0.062105 0.130323 -9.335986 7.443936 -17.461408 0.004439 0.124403 -0.038385 15.452477 0.441314 -0.937964 0.004488 0.137956 0.026820 -2.709012 -1.291621 -0.493019 -0.002265 0.056032 0.002855 2.333454 -0.980255 0.241865 -0.013390 0.211635 -0.033468 -17.768959 7.035792 1.886187 0.010113 0.088937 0.050410 2.658740 2.691874 -0.428320 0.071702 0.114000 -0.018898 -5.122304 -6.965397 -2.321965 0.122922 0.045205 -0.019046 -1.603484 -13.729302 -26.905959 0.255332 -0.015649 -0.022947 28.329721 -65.173679 42.113010 0.265709 0.012698 -0.007375 -0.816090 -7.265640 11.216151 0.086690 -0.010636 -0.015594 -6.602850 -3.909140 -10.860625 -0.082954 0.112472 -0.023708 -3.379875 7.190437 10.824592 -0.113228 0.046853 -0.008471 -1.220460 17.328292 46.024752 -0.260128 -0.014369 -0.031270 29.096046 66.299676 -44.635901 -0.269108 0.006794 -0.006027 -2.823489 7.198145 -9.809646 -0.088754 -0.008652 -0.010107 -6.106076 5.157784 11.659202 
-0.195672 -0.090931 2.579474 -0.000000 0.000000 -0.000000 -0.197846 0.881792 2.608058 -175.463544 -4.074341 0.348427 0.058581 -0.082280 -0.017664 -25.321284 -0.583116 -3.971718 0.043451 -0.386469 0.008037 38.678152 -4.015688 -2.237759 -0.014790 -0.426875 -0.037428 -0.675187 10.931588 -8.352731 0.041054 -0.060286 0.122042 -12.122195 2.378617 12.467605 -0.060310 -0.090513 -0.013542 -15.637600 1.680742 -0.787811 -0.043257 -0.383688 -0.004843 30.052877 6.144413 5.298471 0.019056 -0.420045 -0.034562 -2.998054 -8.985855 11.985683 -0.034840 -0.062106 0.130323 -9.399907 7.399205 -17.231100 0.004439 0.124403 -0.038385 16.037465 0.344570 -0.554585 0.004488 0.137956 0.026821 -2.477469 -1.392359 -0.819297 -0.002265 0.056032 0.002855 2.280440 -1.003165 -0.496279 -0.013390 0.211636 -0.033467 -17.138406 6.814335 1.182153 0.010113 0.088937 0.050410 2.383094 2.631234 -0.930684 0.071703 0.114000 -0.018898 -5.347991 -7.789475 -2.329842 0.122922 0.045205 -0.019046 -1.829110 -14.193083 -27.250877 0.255332 -0.015649 -0.022947 22.158221 -62.062794 34.976733 0.265709 0.012698 -0.007375 -0.775373 -7.032883 10.765133 0.086690 -0.010636 -0.015594 -6.597338 -4.007734 -10.778301 -0.082954 0.112473 -0.023707 -3.467395 7.522858 10.294245 -0.113228 0.046853 -0.008472 -3.075105 18.308940 46.509620 -0.260127 -0.014369 -0.031269 27.711003 66.158285 -43.991117 -0.269109 0.006794 -0.006027 -2.805071 7.021433 -9.810230 -0.088754 -0.008652 -0.010107 -6.058092 5.095505 11.642120 
-0.195672 -0.090931 2.579474 -0.000000 0.000000 -0.000000 -0.197846 0.881792 2.608058 -175.463544 -4.074341 0.348427 0.058581 -0.082280 -0.017664 -25.061264 -1.820267 -5.839615 0.043451 -0.386469 0.008036 39.819856 -4.366303 -1.000749 -0.014790 -0.426874 -0.037427 0.115212 10.887115 -8.333206 0.041054 -0.060286 0.122043 -11.957534 2.099045 12.380401 -0.060310 -0.090513 -0.013542 -15.926546 2.382321 -0.483352 -0.043257 -0.383688 -0.004843 29.101134 6.642190 4.927614 0.019056 -0.420045 -0.034562 -2.818690 -8.694134 11.834424 -0.034840 -0.062106 0.130323 -9.410963 7.364197 -16.992501 0.004439 0.124403 -0.038385 16.420992 0.295461 -0.161822 0.004488 0.137956 0.026820 -2.220360 -1.430157 -1.230399 -0.002265 0.056032 0.002854 2.449448 -0.880867 -1.290321 -0.013390 0.211635 -0.033467 -16.365649 6.423017 0.516047 0.010113 0.088937 0.050410 2.209914 2.529976 -1.405029 0.071702 0.114000 -0.018897 -5.602650 -8.588577 -2.442736 0.122922 0.045205 -0.019046 -1.963201 -14.448094 -27.846919 0.255332 -0.015649 -0.022947 17.852156 -58.894419 29.679183 0.265710 0.012698 -0.007375 -0.852884 -6.823622 10.254746 0.086690 -0.010636 -0.015594 -6.565612 -4.095365 -10.690717 -0.082954 0.112472 -0.023707 -3.566381 8.019660 9.526339 -0.113228 0.046853 -0.008472 -4.754155 19.217022 46.620621 -0.260127 -0.014369 -0.031270 27.051295 66.226436 -43.934451 -0.269108 0.006794 -0.006027 -2.752166 6.885233 -9.791627 -0.088754 -0.008652 -0.010107 -5.974972 5.035880 11.602298 
-0.195672 -0.090931 2.579474 -0.000000 0.000000 -0.000000 -0.197846 0.881792 2.608058 -175.463544 -4.074341 0.348427 0.058581 -0.082280 -0.017664 -24.879637 -3.241334 -7.551789 0.043451 -0.386469 0.008037 41.098607 -4.638897 0.237654 -0.014790 -0.426874 -0.037428 0.798924 10.883186 -8.275975 0.041054 -0.060286 0.122043 -11.910982 1.948199 12.293214 -0.060310 -0.090513 -0.013542 -16.091734 3.030341 -0.216390 -0.043257 -0.383688 -0.004843 28.312929 7.192625 4.584828 0.019056 -0.420045 -0.034562 -2.685657 -8.360514 11.706108 -0.034840 -0.062106 0.130323 -9.369672 7.342986 -16.765280 0.004439 0.124404 -0.038385 16.636433 0.276050 0.212354 0.004488 0.137957 0.026821 -1.966985 -1.427788 -1.708198 -0.002265 0.056032 0.002855 2.786694 -0.647056 -2.190159 -0.013390 0.211635 -0.033467 -15.598617 5.913073 -0.164783 0.010113 0.088937 0.050410 2.194408 2.397370 -1.859579 0.071702 0.113999 -0.018898 -5.836035 -9.383141 -2.760591 0.122921 0.045205 -0.019047 -2.041122 -14.642394 -28.912532 0.255332 -0.015649 -0.022946 15.054922 -55.988642 25.975269 0.265710 0.012698 -0.007375 -1.055983 -6.636902 9.719489 0.086690 -0.010636 -0.015594 -6.507197 -4.172182 -10.613194 -0.082954 0.112472 -0.023707 -3.662449 8.590786 8.659603 -0.113228 0.046853 -0.008472 -6.066010 19.955226 46.368529 -0.260128 -0.014369 -0.031269 26.825694 66.464905 -44.152942 -0.269108 0.006794 -0.006027 -2.683049 6.777864 -9.747320 -0.088753 -0.008652 -0.010107 -5.872869 4.980945 11.551708 
-0.195672 -0.090931 2.579474 -0.000000 0.000000 -0.000000 -0.197846 0.881792 2.608058 -175.463544 -4.074341 0.348427 0.058581 -0.082280 -0.017664 -24.833649 -4.783102 -9.041474 0.043451 -0.386469 0.008037 42.474532 -4.798537 1.426242 -0.014790 -0.426875 -0.037428 1.280629 10.921139 -8.136951 0.041054 -0.060286 0.122044 -11.979394 1.943062 12.175254 -0.060310 -0.090513 -0.013542 -16.188003 3.607679 -0.010360 -0.043257 -0.383688 -0.004842 27.697991 7.749501 4.278591 0.019055 -0.420046 -0.034562 -2.654734 -8.012046 11.581099 -0.034840 -0.062105 0.130323 -9.286611 7.325413 -16.556397 0.004439 0.124403 -0.038385 16.738424 0.277213 0.568786 0.004488 0.137956 0.026820 -1.757031 -1.400782 -2.221553 -0.002265 0.056032 0.002855 3.207932 -0.343291 -3.216986 -0.013390 0.211635 -0.033467 -14.949377 5.358702 -0.922389 0.010113 0.088937 0.050410 2.346337 2.261073 -2.340142 0.071703 0.114000 -0.018898 -6.058829 -10.190895 -3.308751 0.122921 0.045205 -0.019047 -2.138301 -14.928359 -30.515899 0.255332 -0.015649 -0.022946 13.452983 -53.589715 23.642143 0.265709 0.012698 -0.007375 -1.385832 -6.480254 9.204423 0.086690 -0.010636 -0.015594 -6.406619 -4.237710 -10.550547 -0.082954 0.112472 -0.023707 -3.749021 9.196876 7.800780 -0.113228 0.046853 -0.008472 -6.923155 20.561709 45.846060 -0.260127 -0.014369 -0.031269 27.042105 66.876984 -44.619478 -0.269108 0.006794 -0.006027 -2.613510 6.695263 -9.689539 -0.088754 -0.008651 -0.010107 -5.758198 4.929797 11.495373 
-0.195672 -0.090931 2.579474 -0.000000 0.000000 -0.000000 -0.197846 0.881792 2.608058 -175.463544 -4.074341 0.348427 0.058581 -0.082280 -0.017664 -24.926359 -6.340981 -10.236132 0.043451 -0.386469 0.008037 43.868765 -4.880091 2.493467 -0.014790 -0.426875 -0.037428 1.519870 10.914962 -7.919825 0.041054 -0.060286 0.122042 -12.158400 2.067430 12.019244 -0.060310 -0.090513 -0.013542 -16.211917 4.134177 0.167552 -0.043257 -0.383688 -0.004843 27.287584 8.287056 3.946662 0.019056 -0.420046 -0.034562 -2.731885 -7.682365 11.450271 -0.034840 -0.062106 0.130323 -9.179268 7.297576 -16.393728 0.004439 0.124403 -0.038385 16.768439 0.319333 0.915685 0.004488 0.137956 0.026820 -1.616819 -1.327037 -2.716859 -0.002265 0.056033 0.002855 3.660207 0.021719 -4.310484 -0.013390 0.211636 -0.033468 -14.477093 4.815975 -1.739151 0.010113 0.088937 0.050409 2.652417 2.158487 -2.860320 0.071702 0.114000 -0.018898 -6.302254 -10.964425 -4.064480 0.122921 0.045205 -0.019047 -2.321427 -15.394589 -32.563682 0.255332 -0.015649 -0.022947 12.981100 -52.060279 22.689458 0.265709 0.012698 -0.007375 -1.837741 -6.377543 8.759397 0.086691 -0.010636 -0.015594 -6.239800 -4.285551 -10.501986 -0.082954 0.112472 -0.023708 -3.835835 9.835644 6.998803 -0.113228 0.046853 -0.008472 -7.290229 21.099774 45.105746 -0.260127 -0.014369 -0.031270 27.955782 67.481190 -45.549876 -0.269109 0.006794 -0.006027 -2.546768 6.646650 -9.638462 -0.088754 -0.008651 -0.010107 -5.632862 4.882355 11.435803 
-0.195672 -0.090931 2.579474 -0.000000 0.000000 -0.000000 -0.197846 0.881792 2.608058 -175.463544 -4.074341 0.348427 0.058581 -0.082280 -0.017664 -25.121301 -7.750902 -11.105725 0.043451 -0.386469 0.008037 45.127989 -4.940972 3.360445 -0.014791 -0.426875 -0.037428 1.530104 10.776171 -7.672901 0.041054 -0.060286 0.122042 -12.432527 2.276589 11.843198 -0.060310 -0.090513 -0.013542 -16.159628 4.647743 0.362300 -0.043257 -0.383688 -0.004843 27.162141 8.796964 3.517146 0.019055 -0.420046 -0.034562 -2.895916 -7.405805 11.324697 -0.034840 -0.062105 0.130324 -9.087613 7.260123 -16.304193 0.004439 0.124403 -0.038385 16.739590 0.429073 1.247480 0.004488 0.137957 0.026821 -1.549935 -1.176775 -3.121259 -0.002265 0.056033 0.002855 4.122163 0.440401 -5.324786 -0.013390 0.211635 -0.033467 -14.153667 4.327238 -2.535239 0.010113 0.088937 0.050410 3.095447 2.096661 -3.391136 0.071702 0.113999 -0.018898 -6.588614 -11.609378 -4.959382 0.122921 0.045205 -0.019046 -2.662792 -16.029284 -34.789169 0.255332 -0.015649 -0.022946 13.570096 -51.711878 23.140553 0.265710 0.012698 -0.007375 -2.367176 -6.346869 8.432937 0.086691 -0.010636 -0.015594 -5.997312 -4.305289 -10.462958 -0.082954 0.112472 -0.023707 -3.930773 10.490507 6.287581 -0.113228 0.046853 -0.008472 -7.190322 21.593397 44.169641 -0.260128 -0.014369 -0.031269 29.901431 68.287364 -47.303903 -0.269108 0.006794 -0.006027 -2.481958 6.645223 -9.621798 -0.088753 -0.008652 -0.010107 -5.497174 4.837981 11.374806 
-0.195672 -0.090931 2.579474 -0.000000 0.000000 -0.000000 -0.197846 0.881792 2.608058 -175.463544 -4.074341 0.348427 0.058581 -0.082280 -0.017664 -25.320341 -8.832190 -11.635605 0.043451 -0.386469 0.008036 46.053855 -4.990429 3.980227 -0.014790 -0.426874 -0.037428 1.354327 10.522742 -7.452849 0.041054 -0.060286 0.122042 -12.765168 2.519964 11.673913 -0.060310 -0.090513 -0.013542 -16.066577 5.160533 0.584446 -0.043257 -0.383688 -0.004843 27.365563 9.253627 2.987847 0.019056 -0.420046 -0.034562 -3.115145 -7.208336 11.226077 -0.034840 -0.062106 0.130324 -9.055384 7.232058 -16.288497 0.004439 0.124403 -0.038385 16.628449 0.594151 1.553039 0.004488 0.137956 0.026820 -1.545307 -0.963431 -3.364365 -0.002265 0.056032 0.002855 4.559910 0.860340 -6.096620 -0.013390 0.211635 -0.033467 -13.887270 3.929838 -3.227761 0.010113 0.088938 0.050411 3.638486 2.034517 -3.887521 0.071702 0.114000 -0.018897 -6.908147 -12.064369 -5.866894 0.122921 0.045205 -0.019047 -3.239720 -16.731879 -36.806592 0.255332 -0.015649 -0.022945 15.010111 -52.550123 24.889158 0.265709 0.012698 -0.007375 -2.891834 -6.385528 8.261023 0.086691 -0.010636 -0.015594 -5.698364 -4.286351 -10.426084 -0.082954 0.112472 -0.023707 -4.024549 11.116681 5.704352 -0.113228 0.046853 -0.008472 -6.711744 22.037694 43.124059 -0.260127 -0.014369 -0.031269 33.016585 69.229718 -50.090032 -0.269109 0.006794 -0.006027 -2.436564 6.694752 -9.655418 -0.088754 -0.008652 -0.010107 -5.351854 4.794463 11.310211 
-0.195672 -0.090931 2.579474 -0.000000 0.000000 -0.000000 -0.197846 0.881792 2.608058 -175.463544 -4.074341 0.348427 0.058581 -0.082280 -0.017664 -25.419971 -9.528340 -11.820943 0.043451 -0.386470 0.008037 46.597705 -5.004187 4.354767 -0.014791 -0.426874 -0.037428 1.062521 10.235301 -7.283902 0.041054 -0.060286 0.122042 -13.129005 2.777560 11.521230 -0.060310 -0.090513 -0.013542 -15.943429 5.676221 0.789213 -0.043257 -0.383688 -0.004843 27.870669 9.644628 2.393053 0.019056 -0.420046 -0.034561 -3.353525 -7.086435 11.171508 -0.034840 -0.062106 0.130324 -9.095326 7.238321 -16.336735 0.004439 0.124404 -0.038385 16.414352 0.767256 1.833879 0.004488 0.137956 0.026820 -1.583671 -0.736380 -3.424553 -0.002265 0.056032 0.002855 4.912530 1.217674 -6.558665 -0.013390 0.211636 -0.033468 -13.613254 3.625850 -3.746005 0.010113 0.088937 0.050410 4.232830 1.953993 -4.290949 0.071703 0.114000 -0.018898 -7.241625 -12.345958 -6.713837 0.122921 0.045205 -0.019046 -4.100125 -17.389856 -38.399255 0.255332 -0.015649 -0.022946 17.118812 -54.295417 27.796020 0.265708 0.012698 -0.007375 -3.359326 -6.475824 8.243979 0.086691 -0.010636 -0.015594 -5.373440 -4.228503 -10.391173 -0.082954 0.112472 -0.023708 -4.101774 11.678862 5.245081 -0.113228 0.046853 -0.008473 -5.973505 22.388925 42.033623 -0.260128 -0.014370 -0.031269 37.085335 70.172851 -53.784977 -0.269109 0.006794 -0.006027 -2.421805 6.783807 -9.735239 -0.088754 -0.008652 -0.010107 -5.202870 4.753876 11.243294 
-0.195672 -0.090931 2.579474 -0.000000 0.000000 -0.000000 -0.197846 0.881792 2.608058 -175.463544 -4.074341 0.348427 0.058581 -0.082280 -0.017664 -25.368260 -9.895514 -11.704543 0.043451 -0.386469 0.008037 46.869318 -4.970513 4.508234 -0.014791 -0.426874 -0.037428 0.730256 9.969928 -7.163825 0.041054 -0.060286 0.122042 -13.514351 3.045420 11.382062 -0.060310 -0.090513 -0.013542 -15.752943 6.198949 0.907964 -0.043257 -0.383688 -0.004842 28.644741 9.990993 1.771870 0.019055 -0.420045 -0.034562 -3.582987 -7.013400 11.174835 -0.034840 -0.062106 0.130323 -9.199593 7.307951 -16.447866 0.004439 0.124403 -0.038385 16.096516 0.893523 2.104171 0.004488 0.137956 0.026821 -1.639929 -0.554142 -3.330685 -0.002265 0.056032 0.002855 5.139678 1.462756 -6.726048 -0.013390 0.211635 -0.033467 -13.327956 3.424133 -4.045295 0.010113 0.088937 0.050410 4.836013 1.905965 -4.548348 0.071702 0.114000 -0.018898 -7.567634 -12.509252 -7.483160 0.122922 0.045205 -0.019046 -5.213682 -17.923398 -39.551805 0.255332 -0.015649 -0.022946 19.796349 -56.540900 31.687621 0.265709 0.012698 -0.007375 -3.748806 -6.597004 8.363427 0.086691 -0.010636 -0.015594 -5.049264 -4.143647 -10.362391 -0.082954 0.112472 -0.023707 -4.145438 12.144846 4.880252 -0.113228 0.046853 -0.008472 -5.082788 22.564826 40.927928 -0.260127 -0.014369 -0.031270 41.680116 70.992385 -58.044122 -0.269108 0.006794 -0.006027 -2.423734 6.896838 -9.852303 -0.088754 -0.008651 -0.010107 -5.061694 4.723523 11.180863 
-0.195672 -0.090931 2.579474 -0.000000 0.000000 -0.000000 -0.197846 0.881792 2.608058 -175.463544 -4.074341 0.348427 0.058581 -0.082280 -0.017664 -25.122336 -10.041332 -11.353467 0.043451 -0.386469 0.008037 46.974387 -4.897739 4.469257 -0.014790 -0.426874 -0.037428 0.398476 9.713607 -7.087599 0.041054 -0.060286 0.122043 -13.914914 3.303334 11.245369 -0.060310 -0.090513 -0.013542 -15.463758 6.746190 0.909206 -0.043257 -0.383688 -0.004843 29.669324 10.329684 1.132103 0.019056 -0.420046 -0.034562 -3.793757 -6.955964 11.244745 -0.034840 -0.062105 0.130323 -9.351841 7.469587 -16.635411 0.004439 0.124403 -0.038385 15.692831 0.933185 2.387121 0.004488 0.137956 0.026820 -1.692944 -0.459529 -3.127357 -0.002265 0.056032 0.002855 5.240590 1.567837 -6.653113 -0.013390 0.211636 -0.033467 -13.043131 3.360002 -4.133741 0.010113 0.088937 0.050411 5.428822 1.970342 -4.657220 0.071702 0.114000 -0.018897 -7.881755 -12.608183 -8.172828 0.122921 0.045205 -0.019047 -6.555613 -18.338634 -40.335795 0.255332 -0.015649 -0.022947 23.047813 -58.975501 36.461725 0.265710 0.012698 -0.007375 -4.058102 -6.740332 8.594684 0.086691 -0.010636 -0.015594 -4.727825 -4.043598 -10.336795 -0.082954 0.112473 -0.023706 -4.150559 12.497919 4.588291 -0.113228 0.046853 -0.008472 -4.103655 22.538019 39.853884 -0.260127 -0.014370 -0.031269 46.515637 71.650426 -62.592216 -0.269108 0.006794 -0.006027 -2.432895 7.024949 -9.984452 -0.088754 -0.008652 -0.010107 -4.931625 4.705436 11.124413 
-0.195672 -0.090931 2.579474 -0.000000 0.000000 -0.000000 -0.197846 0.881792 2.608058 -175.463544 -4.074341 0.348427 0.058581 -0.082280 -0.017664 -24.672849 -10.045193 -10.812715 0.043452 -0.386470 0.008037 46.934229 -4.817305 4.256369 -0.014790 -0.426874 -0.037428 0.099404 9.439012 -7.055813 0.041054 -0.060286 0.122042 -14.284779 3.519576 11.108124 -0.060310 -0.090513 -0.013542 -15.127687 7.319466 0.817691 -0.043257 -0.383688 -0.004843 30.862965 10.684817 0.481783 0.019056 -0.420045 -0.034562 -3.975353 -6.881654 11.379456 -0.034840 -0.062106 0.130323 -9.513548 7.728740 -16.903924 0.004439 0.124403 -0.038385 15.256889 0.881985 2.665010 0.004488 0.137956 0.026820 -1.740904 -0.460744 -2.865429 -0.002265 0.056032 0.002855 5.230402 1.524934 -6.388928 -0.013390 0.211635 -0.033467 -12.797375 3.456636 -4.016654 0.010113 0.088938 0.050410 5.958984 2.188411 -4.619982 0.071702 0.113999 -0.018898 -8.183262 -12.655415 -8.737616 0.122922 0.045205 -0.019046 -8.055911 -18.675506 -40.758952 0.255332 -0.015649 -0.022947 26.819344 -61.341574 41.894471 0.265709 0.012698 -0.007375 -4.269008 -6.900108 8.901933 0.086691 -0.010636 -0.015594 -4.417514 -3.938086 -10.307837 -0.082954 0.112472 -0.023707 -4.115009 12.720748 4.368125 -0.113228 0.046853 -0.008472 -3.074427 22.317197 38.908200 -0.260127 -0.014370 -0.031270 51.094238 72.109319 -66.880584 -0.269108 0.006794 -0.006027 -2.449091 7.156349 -10.088671 -0.088754 -0.008651 -0.010107 -4.816563 4.699929 11.069547 
-0.195672 -0.090931 2.579474 -0.000000 0.000000 -0.000000 -0.197846 0.881792 2.608058 -175.463544 -4.074341 0.348427 0.058581 -0.082280 -0.017664 -24.076514 -9.931111 -10.109822 0.043451 -0.386469 0.008037 46.742451 -4.762760 3.883150 -0.014790 -0.426874 -0.037428 -0.181521 9.157201 -7.041629 0.041054 -0.060286 0.122042 -14.593251 3.698800 10.962647 -0.060310 -0.090513 -0.013542 -14.825638 7.894092 0.715917 -0.043257 -0.383688 -0.004843 32.140893 11.041119 -0.170766 0.019056 -0.420046 -0.034562 -4.149276 -6.797917 11.552287 -0.034840 -0.062105 0.130324 -9.645917 8.075789 -17.226060 0.004439 0.124403 -0.038385 14.805794 0.766787 2.901011 0.004488 0.137956 0.026820 -1.795711 -0.535138 -2.588062 -0.002265 0.056033 0.002855 5.160215 1.340095 -5.978134 -0.013390 0.211636 -0.033467 -12.610932 3.694212 -3.696145 0.010113 0.088937 0.050410 6.414515 2.532336 -4.442093 0.071702 0.114000 -0.018898 -8.463004 -12.633517 -9.142104 0.122922 0.045205 -0.019046 -9.599669 -18.969933 -40.863608 0.255332 -0.015649 -0.022947 31.011791 -63.475789 47.711764 0.265709 0.012698 -0.007375 -4.367056 -7.069101 9.256666 0.086691 -0.010636 -0.015594 -4.135316 -3.830130 -10.268401 -0.082954 0.112473 -0.023707 -4.028444 12.817865 4.197186 -0.113228 0.046853 -0.008473 -2.000067 21.957484 38.152853 -0.260128 -0.014369 -0.031268 55.037012 72.368395 -70.449877 -0.269109 0.006794 -0.006027 -2.461709 7.287150 -10.142660 -0.088753 -0.008651 -0.010107 -4.715766 4.707870 11.006473 
-0.195672 -0.090931 2.579474 -0.000000 0.000000 -0.000000 -0.197846 0.881792 2.608058 -175.463544 -4.074341 0.348427 0.058581 -0.082280 -0.017664 -23.372233 -9.650290 -9.233513 0.043452 -0.386469 0.008037 46.386195 -4.748799 3.342235 -0.014790 -0.426874 -0.037428 -0.527250 8.915017 -6.981755 0.041054 -0.060286 0.122043 -14.854331 3.882357 10.763675 -0.060310 -0.090513 -0.013542 -14.641547 8.403926 0.754534 -0.043257 -0.383688 -0.004843 33.440702 11.282802 -0.834025 0.019056 -0.420046 -0.034562 -4.391787 -6.797042 11.706727 -0.034840 -0.062105 0.130323 -9.739590 8.503389 -17.538645 0.004439 0.124404 -0.038385 14.289157 0.605249 3.055102 0.004488 0.137957 0.026821 -1.871332 -0.664044 -2.302530 -0.002265 0.056033 0.002856 5.103834 0.986546 -5.446550 -0.013390 0.211636 -0.033467 -12.462548 4.054188 -3.134629 0.010113 0.088937 0.050410 6.845891 2.962544 -4.110673 0.071702 0.114000 -0.018899 -8.735423 -12.521702 -9.394786 0.122921 0.045205 -0.019046 -11.179911 -19.297537 -40.777647 0.255332 -0.015649 -0.022946 35.511222 -65.321648 53.716747 0.265709 0.012698 -0.007375 -4.344359 -7.243753 9.652523 0.086691 -0.010636 -0.015594 -3.885628 -3.716126 -10.206054 -0.082954 0.112472 -0.023707 -3.850300 12.824052 4.051044 -0.113228 0.046853 -0.008472 -0.826940 21.605784 37.631381 -0.260128 -0.014368 -0.031269 58.300951 72.451539 -73.123992 -0.269109 0.006794 -0.006027 -2.446768 7.425485 -10.144994 -0.088754 -0.008652 -0.010107 -4.615255 4.732554 10.916546 
-0.195672 -0.090931 2.579474 -0.000000 0.000000 -0.000000 -0.197846 0.881792 2.608058 -175.463544 -4.074341 0.348427 0.058581 -0.082280 -0.017664 -22.682811 -9.178773 -8.291520 0.043451 -0.386469 0.008037 45.974936 -4.782154 2.676653 -0.014791 -0.426875 -0.037428 -0.949568 8.782861 -6.835270 0.041054 -0.060286 0.122042 -15.061214 4.087213 10.476277 -0.060310 -0.090513 -0.013542 -14.680780 8.698738 1.106132 -0.043257 -0.383688 -0.004842 34.507191 11.223123 -1.422313 0.019055 -0.420046 -0.034562 -4.753051 -6.997800 11.756103 -0.034840 -0.062106 0.130323 -9.791510 8.940870 -17.730912 0.004439 0.124403 -0.038385 13.729222 0.428015 3.070887 0.004489 0.137956 0.026821 -1.949127 -0.815259 -2.031923 -0.002265 0.056033 0.002855 5.160811 0.505448 -4.896380 -0.013390 0.211636 -0.033467 -12.358298 4.490345 -2.383536 0.010113 0.088938 0.050409 7.248872 3.408193 -3.658898 0.071702 0.114000 -0.018897 -8.975492 -12.334204 -9.520403 0.122921 0.045205 -0.019047 -12.618534 -19.672108 -40.689636 0.255332 -0.015649 -0.022946 39.339468 -66.635496 58.702594 0.265709 0.012698 -0.007375 -4.192025 -7.388485 10.040457 0.086690 -0.010636 -0.015594 -3.706588 -3.613305 -10.121251 -0.082954 0.112472 -0.023706 -3.517517 12.771958 3.958806 -0.113228 0.046853 -0.008472 0.433296 21.466692 37.424294 -0.260127 -0.014369 -0.031269 60.413563 72.376578 -74.306516 -0.269108 0.006794 -0.006027 -2.367904 7.551371 -10.096122 -0.088754 -0.008652 -0.010107 -4.521203 4.778043 10.799208 
-0.195672 -0.090931 2.579474 -0.000000 0.000000 -0.000000 -0.197846 0.881792 2.608058 -175.463544 -4.074341 0.348427 0.058581 -0.082280 -0.017664 -22.061234 -8.532516 -7.292947 0.043452 -0.386470 0.008038 45.616392 -4.868426 1.873252 -0.014790 -0.426874 -0.037429 -1.401980 8.734259 -6.616639 0.041054 -0.060286 0.122042 -15.221548 4.306086 10.101834 -0.060310 -0.090513 -0.013542 -14.921551 8.698486 1.825938 -0.043257 -0.383688 -0.004843 35.214058 10.794871 -1.865233 0.019056 -0.420045 -0.034562 -5.276135 -7.454188 11.655564 -0.034840 -0.062106 0.130323 -9.814809 9.336235 -17.760396 0.004439 0.124404 -0.038385 13.137696 0.260937 2.935613 0.004489 0.137957 0.026820 -2.003838 -0.962585 -1.785628 -0.002265 0.056033 0.002855 5.381699 -0.006851 -4.388714 -0.013390 0.211636 -0.033468 -12.301540 4.982358 -1.510417 0.010113 0.088937 0.050410 7.643512 3.869178 -3.120906 0.071702 0.114000 -0.018898 -9.131565 -12.078188 -9.598722 0.122922 0.045205 -0.019046 -13.753896 -20.009495 -40.671178 0.255332 -0.015649 -0.022946 41.639425 -67.382678 61.734084 0.265710 0.012698 -0.007375 -3.903418 -7.476688 10.403614 0.086690 -0.010636 -0.015594 -3.623447 -3.534610 -10.021112 -0.082954 0.112473 -0.023707 -2.970779 12.648863 3.952428 -0.113228 0.046853 -0.008473 1.853731 21.560911 37.512427 -0.260127 -0.014370 -0.031269 61.116048 72.171897 -73.634603 -0.269108 0.006794 -0.006027 -2.193556 7.643029 -9.991980 -0.088753 -0.008652 -0.010107 -4.454221 4.845849 10.665307 
-0.195672 -0.090931 2.579474 -0.000000 0.000000 -0.000000 -0.197846 0.881792 2.608058 -175.463544 -4.074341 0.348427 0.058581 -0.082280 -0.017664 -21.486272 -7.768105 -6.152549 0.043451 -0.386469 0.008037 45.313070 -5.027419 0.918097 -0.014790 -0.426874 -0.037428 -1.824888 8.671495 -6.371372 0.041054 -0.060286 0.122043 -15.330187 4.509728 9.680782 -0.060310 -0.090513 -0.013542 -15.253730 8.369260 2.862662 -0.043257 -0.383688 -0.004843 35.485561 10.016487 -2.095975 0.019055 -0.420046 -0.034561 -5.970341 -8.158669 11.398186 -0.034840 -0.062106 0.130323 -9.815276 9.623179 -17.624277 0.004439 0.124403 -0.038385 12.525729 0.130820 2.647212 0.004488 0.137957 0.026821 -2.019401 -1.086987 -1.573901 -0.002265 0.056032 0.002855 5.759527 -0.462062 -3.951072 -0.013390 0.211635 -0.033467 -12.278230 5.510245 -0.582075 0.010113 0.088937 0.050410 8.044737 4.359652 -2.519817 0.071703 0.113999 -0.018898 -9.136321 -11.768805 -9.707321 0.122921 0.045205 -0.019047 -14.391137 -20.272413 -40.751084 0.255332 -0.015649 -0.022946 42.010742 -67.586757 62.306031 0.265710 0.012698 -0.007375 -3.494683 -7.498247 10.721076 0.086691 -0.010636 -0.015594 -3.651151 -3.487928 -9.915914 -0.082954 0.112472 -0.023707 -2.226905 12.420869 4.094073 -0.113228 0.046853 -0.008472 3.396211 21.817600 37.908008 -0.260127 -0.014369 -0.031269 60.251100 71.840995 -70.987351 -0.269109 0.006795 -0.006027 -1.920572 7.680527 -9.827712 -0.088754 -0.008652 -0.010107 -4.441573 4.930578 10.534763 
-0.195672 -0.090931 2.579474 -0.000000 0.000000 -0.000000 -0.197846 0.881792 2.608058 -175.463544 -4.074341 0.348427 0.058581 -0.082280 -0.017664 -20.940989 -7.009065 -4.843738 0.043451 -0.386469 0.008036 45.014953 -5.265369 -0.100144 -0.014790 -0.426875 -0.037428 -2.161211 8.501329 -6.166592 0.041054 -0.060286 0.122042 -15.386005 4.669439 9.306213 -0.060310 -0.090513 -0.013542 -15.519846 7.814594 4.029850 -0.043257 -0.383688 -0.004843 35.373031 9.067705 -2.112343 0.019055 -0.420046 -0.034561 -6.725109 -8.968405 11.049755 -0.034840 -0.062106 0.130324 -9.784977 9.738587 -17.376903 0.004439 0.124403 -0.038385 11.934328 0.061652 2.236224 0.004488 0.137956 0.026821 -1.986633 -1.177045 -1.396116 -0.002265 0.056032 0.002856 6.230379 -0.824456 -3.573745 -0.013390 0.211636 -0.033467 -12.233683 6.001418 0.282745 0.010113 0.088937 0.050410 8.428252 4.811488 -1.926602 0.071703 0.113999 -0.018898 -8.951289 -11.481743 -9.846215 0.122922 0.045205 -0.019046 -14.396036 -20.568585 -40.947636 0.255332 -0.015649 -0.022946 41.257321 -67.394016 61.078728 0.265709 0.012698 -0.007375 -3.053600 -7.470989 10.945764 0.086691 -0.010636 -0.015594 -3.775343 -3.467006 -9.821745 -0.082954 0.112472 -0.023707 -1.430017 12.137350 4.417258 -0.113228 0.046853 -0.008472 4.837058 22.182141 38.577786 -0.260127 -0.014369 -0.031269 58.101325 71.404724 -66.883535 -0.269108 0.006794 -0.006027 -1.604326 7.654842 -9.614817 -0.088754 -0.008651 -0.010107 -4.498040 5.014592 10.433969 
-0.195672 -0.090931 2.579474 -0.000000 0.000000 -0.000000 -0.197846 0.881792 2.608058 -175.463544 -4.074341 0.348427 0.058581 -0.082280 -0.017664 -20.308099 -6.246271 -3.280763 0.043451 -0.386469 0.008037 44.601733 -5.580658 -1.163735 -0.014790 -0.426874 -0.037428 -2.442835 8.207232 -6.014014 0.041054 -0.060286 0.122043 -15.441782 4.798267 9.008774 -0.060310 -0.090513 -0.013542 -15.573670 7.108019 5.285696 -0.043257 -0.383688 -0.004843 34.987665 8.014022 -1.993156 0.019056 -0.420045 -0.034562 -7.505487 -9.835199 10.642691 -0.034840 -0.062106 0.130323 -9.709702 9.689457 -17.038566 0.004439 0.124403 -0.038385 11.284658 0.036358 1.693965 0.004488 0.137956 0.026820 -1.908242 -1.261029 -1.220594 -0.002265 0.056033 0.002856 6.771941 -1.182605 -3.209825 -0.013390 0.211636 -0.033466 -12.118797 6.485485 1.137087 0.010113 0.088938 0.050410 8.808307 5.249398 -1.348598 0.071702 0.114000 -0.018898 -8.573839 -11.252642 -9.979037 0.122921 0.045205 -0.019046 -13.842850 -21.040432 -41.238479 0.255332 -0.015649 -0.022947 40.298369 -66.968591 58.944683 0.265709 0.012698 -0.007375 -2.640435 -7.416812 11.052233 0.086691 -0.010636 -0.015594 -3.973189 -3.457378 -9.743107 -0.082954 0.112472 -0.023707 -0.612921 11.804805 4.916733 -0.113228 0.046853 -0.008472 6.151929 22.690628 39.518385 -0.260127 -0.014369 -0.031270 55.235176 70.875323 -61.941565 -0.269109 0.006794 -0.006027 -1.288579 7.566513 -9.333545 -0.088754 -0.008652 -0.010107 -4.612426 5.090285 10.366427 
-0.195672 -0.090931 2.579474 -0.000000 0.000000 -0.000000 -0.197846 0.881792 2.608058 -175.463544 -4.074341 0.348427 0.058581 -0.082280 -0.017664 -19.488331 -5.510895 -1.521702 0.043451 -0.386469 0.008037 44.008275 -5.944699 -2.132642 -0.014790 -0.426874 -0.037428 -2.651361 7.839332 -5.970005 0.041054 -0.060286 0.122043 -15.525768 4.860336 8.849075 -0.060310 -0.090513 -0.013542 -15.267891 6.359436 6.451032 -0.043257 -0.383688 -0.004842 34.466207 6.984405 -1.812453 0.019056 -0.420046 -0.034562 -8.161706 -10.639661 10.235665 -0.034840 -0.062106 0.130323 -9.574136 9.478484 -16.627337 0.004439 0.124404 -0.038385 10.633736 0.026839 1.056334 0.004488 0.137956 0.026820 -1.811313 -1.355920 -1.047151 -0.002265 0.056033 0.002855 7.253701 -1.584585 -2.897526 -0.013390 0.211635 -0.033468 -11.956924 6.889849 1.988022 0.010113 0.088937 0.050410 9.110292 5.618856 -0.787289 0.071702 0.113999 -0.018898 -8.037821 -11.128071 -10.111252 0.122921 0.045205 -0.019047 -12.868357 -21.722730 -41.539506 0.255332 -0.015649 -0.022946 39.564557 -66.429935 56.492973 0.265710 0.012698 -0.007375 -2.335349 -7.356210 11.009866 0.086691 -0.010636 -0.015594 -4.218216 -3.452321 -9.694675 -0.082954 0.112472 -0.023708 0.088895 11.464207 5.607451 -0.113228 0.046853 -0.008472 7.167184 23.330345 40.676850 -0.260128 -0.014369 -0.031269 52.105638 70.284791 -56.878506 -0.269108 0.006794 -0.006027 -1.012501 7.426831 -9.008475 -0.088754 -0.008651 -0.010107 -4.760279 5.146327 10.337914 
-0.195672 -0.090931 2.579474 -0.000000 0.000000 -0.000000 -0.197846 0.881792 2.608058 -175.463544 -4.074341 0.348427 0.058581 -0.082280 -0.017664 -18.557622 -4.768908 0.363061 0.043451 -0.386469 0.008036 43.291689 -6.344067 -2.953999 -0.014790 -0.426874 -0.037428 -2.720461 7.459989 -6.111950 0.041054 -0.060286 0.122043 -15.623255 4.836528 8.881666 -0.060310 -0.090513 -0.013542 -14.623095 5.675384 7.246166 -0.043257 -0.383688 -0.004842 33.974184 6.150021 -1.574871 0.019056 -0.420045 -0.034561 -8.582878 -11.203862 9.910663 -0.034840 -0.062105 0.130324 -9.413188 9.124334 -16.188037 0.004439 0.124403 -0.038385 10.068284 0.016055 0.389444 0.004488 0.137957 0.026821 -1.709713 -1.452278 -0.892457 -0.002265 0.056033 0.002855 7.566361 -2.011102 -2.665027 -0.013390 0.211636 -0.033467 -11.717960 7.064922 2.767907 0.010113 0.088937 0.050410 9.321256 5.772093 -0.236319 0.071703 0.114000 -0.018897 -7.415774 -11.050958 -10.195748 0.122921 0.045205 -0.019045 -11.694311 -22.483355 -41.759971 0.255332 -0.015649 -0.022947 39.436488 -65.962818 54.432923 0.265709 0.012698 -0.007375 -2.173924 -7.304408 10.822927 0.086690 -0.010636 -0.015594 -4.486919 -3.444066 -9.687020 -0.082954 0.112472 -0.023707 0.604254 11.152026 6.448215 -0.113228 0.046853 -0.008471 7.810449 24.025518 42.021038 -0.260127 -0.014369 -0.031268 49.273371 69.667274 -52.422706 -0.269108 0.006793 -0.006027 -0.813037 7.255266 -8.653689 -0.088754 -0.008651 -0.010107 -4.924733 5.177596 10.347690 
-0.195672 -0.090931 2.579474 -0.000000 0.000000 -0.000000 -0.197846 0.881792 2.608058 -175.463544 -4.074341 0.348427 0.058581 -0.082280 -0.017664 -17.576245 -3.944364 2.480335 0.043451 -0.386469 0.008037 42.485382 -6.813414 -3.684126 -0.014790 -0.426874 -0.037428 -2.685089 7.078875 -6.474246 0.041054 -0.060286 0.122043 -15.733281 4.732339 9.127886 -0.060310 -0.090513 -0.013542 -13.891538 5.039562 7.563889 -0.043257 -0.383688 -0.004843 33.556962 5.527379 -1.223658 0.019056 -0.420045 -0.034561 -8.840614 -11.472946 9.709708 -0.034840 -0.062105 0.130323 -9.277481 8.632590 -15.763797 0.004439 0.124404 -0.038385 9.583421 -0.004084 -0.316273 0.004488 0.137956 0.026820 -1.594015 -1.547073 -0.742563 -0.002265 0.056032 0.002855 7.756451 -2.463474 -2.448308 -0.013390 0.211636 -0.033467 -11.380816 7.015559 3.478657 0.010113 0.088937 0.050409 9.474215 5.704408 0.318013 0.071703 0.114000 -0.018898 -6.715079 -10.985031 -10.161916 0.122921 0.045205 -0.019046 -10.352892 -23.250374 -41.833467 0.255332 -0.015649 -0.022946 40.255103 -65.694583 53.141341 0.265709 0.012698 -0.007375 -2.129627 -7.278323 10.499088 0.086691 -0.010636 -0.015594 -4.780072 -3.424624 -9.708291 -0.082954 0.112473 -0.023707 0.969279 10.850865 7.388478 -0.113228 0.046853 -0.008472 8.135268 24.709888 43.520429 -0.260127 -0.014369 -0.031269 47.076731 69.085820 -48.882639 -0.269108 0.006794 -0.006027 -0.710445 7.070682 -8.255392 -0.088754 -0.008652 -0.010107 -5.105457 5.180916 10.385967 
-0.195672 -0.090931 2.579474 -0.000000 0.000000 -0.000000 -0.197846 0.881792 2.608058 -175.463544 -4.074341 0.348427 0.058581 -0.082280 -0.017664 -16.628642 -3.047785 4.785659 0.043451 -0.386469 0.008036 41.581942 -7.327517 -4.310189 -0.014790 -0.426875 -0.037428 -2.590986 6.746691 -7.028412 0.041054 -0.060286 0.122042 -15.845421 4.550509 9.549126 -0.060310 -0.090513 -0.013542 -13.304625 4.435361 7.423682 -0.043257 -0.383688 -0.004843 33.221572 5.104701 -0.698258 0.019056 -0.420045 -0.034562 -9.038160 -11.441479 9.627375 -0.034840 -0.062105 0.130323 -9.221695 8.036972 -15.369789 0.004439 0.124403 -0.038385 9.192624 -0.054706 -1.029128 0.004488 0.137956 0.026820 -1.446338 -1.638968 -0.587035 -0.002264 0.056033 0.002856 7.875012 -2.909304 -2.254185 -0.013390 0.211636 -0.033467 -11.005588 6.800388 4.094780 0.010113 0.088937 0.050409 9.571757 5.447259 0.848098 0.071702 0.113999 -0.018898 -5.964148 -10.897948 -9.981134 0.122921 0.045205 -0.019046 -8.919591 -23.882959 -41.663170 0.255332 -0.015649 -0.022946 41.938191 -65.681824 52.736157 0.265710 0.012698 -0.007375 -2.161995 -7.283041 10.074418 0.086691 -0.010636 -0.015594 -5.079505 -3.395724 -9.749771 -0.082954 0.112472 -0.023707 1.188293 10.540775 8.375244 -0.113228 0.046853 -0.008472 8.262526 25.299915 45.051054 -0.260127 -0.014369 -0.031269 45.773380 68.642465 -46.486964 -0.269108 0.006794 -0.006027 -0.726908 6.893292 -7.813805 -0.088754 -0.008652 -0.010107 -5.285779 5.158168 10.444286 
-0.195672 -0.090931 2.579474 -0.000000 0.000000 -0.000000 -0.197846 0.881792 2.608058 -175.463544 -4.074341 0.348427 0.058581 -0.082280 -0.017664 -15.797488 -2.060732 7.152263 0.043451 -0.386469 0.008037 40.641453 -7.817901 -4.860252 -0.014790 -0.426875 -0.037428 -2.440232 6.477394 -7.691898 0.041054 -0.060286 0.122043 -15.941656 4.324664 10.059315 -0.060310 -0.090513 -0.013542 -12.971917 3.848628 6.969445 -0.043257 -0.383688 -0.004843 33.046726 4.855720 0.094730 0.019056 -0.420045 -0.034562 -9.190484 -11.113808 9.651943 -0.034840 -0.062105 0.130324 -9.285333 7.407774 -15.001573 0.004439 0.124403 -0.038385 8.924673 -0.140920 -1.731340 0.004488 0.137956 0.026820 -1.255083 -1.737364 -0.382720 -0.002265 0.056032 0.002855 7.965914 -3.322686 -2.033228 -0.013390 0.211635 -0.033467 -10.696763 6.474864 4.611407 0.010113 0.088937 0.050410 9.612097 4.964903 1.347030 0.071703 0.114000 -0.018897 -5.179734 -10.809211 -9.641690 0.122921 0.045205 -0.019046 -7.458651 -24.348468 -41.203577 0.255332 -0.015649 -0.022946 44.465887 -65.957812 53.320558 0.265709 0.012698 -0.007375 -2.190846 -7.311044 9.631937 0.086691 -0.010636 -0.015594 -5.363300 -3.357309 -9.798149 -0.082953 0.112473 -0.023706 1.253639 10.223428 9.437956 -0.113228 0.046853 -0.008472 8.347501 25.717944 46.601602 -0.260128 -0.014370 -0.031270 45.350653 68.313906 -45.135444 -0.269108 0.006794 -0.006027 -0.866160 6.734840 -7.344669 -0.088753 -0.008652 -0.010107 -5.449743 5.127061 10.517081 
-0.195672 -0.090931 2.579474 -0.000000 0.000000 -0.000000 -0.197846 0.881792 2.608058 -175.463544 -4.074341 0.348427 0.058581 -0.082280 -0.017664 -15.113933 -1.057272 9.164680 0.043451 -0.386469 0.008038 39.813634 -8.193503 -5.294203 -0.014790 -0.426874 -0.037428 -2.253716 6.293981 -8.324528 0.041054 -0.060286 0.122042 -16.000946 4.098725 10.534827 -0.060310 -0.090513 -0.013542 -12.971065 3.251564 6.437416 -0.043257 -0.383688 -0.004842 33.187613 4.733505 1.223309 0.019056 -0.420045 -0.034562 -9.158870 -10.562552 9.799346 -0.034840 -0.062105 0.130323 -9.455184 6.873318 -14.683621 0.004439 0.124403 -0.038385 8.797868 -0.244650 -2.387111 0.004488 0.137957 0.026820 -1.052171 -1.843900 -0.114727 -0.002264 0.056033 0.002856 8.072524 -3.666302 -1.671130 -0.013390 0.211635 -0.033468 -10.516020 6.125058 5.032194 0.010113 0.088938 0.050410 9.603704 4.295622 1.824638 0.071703 0.114000 -0.018899 -4.448520 -10.745639 -9.127332 0.122921 0.045205 -0.019047 -6.080645 -24.670162 -40.296798 0.255332 -0.015649 -0.022946 47.861379 -66.562926 55.117677 0.265709 0.012698 -0.007375 -2.133199 -7.359718 9.300849 0.086691 -0.010636 -0.015594 -5.593649 -3.307510 -9.830631 -0.082954 0.112472 -0.023708 1.168149 9.898346 10.445660 -0.113228 0.046853 -0.008472 8.473355 25.801941 48.040501 -0.260128 -0.014369 -0.031269 45.374661 67.989779 -44.455871 -0.269108 0.006793 -0.006027 -1.078552 6.616543 -6.924384 -0.088754 -0.008651 -0.010107 -5.569227 5.111839 10.582886 
-0.195672 -0.090931 2.579474 -0.000000 0.000000 -0.000000 -0.197846 0.881792 2.608058 -175.463544 -4.074341 0.348427 0.058581 -0.082280 -0.017664 -14.492345 -0.238402 10.524422 0.043451 -0.386469 0.008036 39.157891 -8.449192 -5.514407 -0.014790 -0.426875 -0.037428 -2.121807 6.242184 -8.830410 0.041054 -0.060286 0.122042 -16.013121 3.880359 10.934331 -0.060310 -0.090513 -0.013542 -13.288484 2.597581 5.945307 -0.043257 -0.383688 -0.004843 33.627385 4.666369 2.626514 0.019055 -0.420045 -0.034561 -8.819680 -9.941263 10.061889 -0.034840 -0.062105 0.130323 -9.650252 6.493684 -14.440203 0.004439 0.124403 -0.038385 8.761842 -0.327136 -2.955993 0.004489 0.137957 0.026820 -0.899512 -1.921263 0.179665 -0.002265 0.056032 0.002855 8.182888 -3.862860 -1.109678 -0.013390 0.211635 -0.033468 -10.422417 5.861288 5.374260 0.010113 0.088937 0.050410 9.594613 3.601101 2.256489 0.071703 0.114000 -0.018898 -3.903068 -10.626837 -8.456140 0.122921 0.045205 -0.019046 -4.899293 -24.769141 -38.810685 0.255332 -0.015649 -0.022946 51.846330 -67.411795 58.102097 0.265710 0.012698 -0.007375 -1.999484 -7.424771 9.137810 0.086692 -0.010636 -0.015594 -5.756563 -3.253743 -9.848970 -0.082954 0.112472 -0.023707 0.976088 9.560599 11.225154 -0.113228 0.046853 -0.008472 8.562646 25.515502 49.247535 -0.260127 -0.014369 -0.031269 45.391620 67.651972 -44.162685 -0.269108 0.006793 -0.006027 -1.313251 6.546262 -6.624436 -0.088754 -0.008651 -0.010107 -5.628901 5.116764 10.625812 
-0.195672 -0.090931 2.579474 -0.000000 0.000000 -0.000000 -0.197846 0.881792 2.608058 -175.463544 -4.074341 0.348427 0.058581 -0.082280 -0.017664 -13.792535 0.285183 11.246229 0.043451 -0.386469 0.008037 38.733385 -8.623460 -5.546651 -0.014790 -0.426874 -0.037428 -2.123252 6.287485 -9.160621 0.041054 -0.060286 0.122043 -16.004772 3.695363 11.237222 -0.060310 -0.090513 -0.013542 -13.832265 1.887956 5.508846 -0.043257 -0.383688 -0.004843 34.279032 4.599876 4.156798 0.019056 -0.420045 -0.034562 -8.191886 -9.380842 10.385187 -0.034840 -0.062106 0.130323 -9.805802 6.261486 -14.272300 0.004439 0.124403 -0.038385 8.731097 -0.364456 -3.407246 0.004488 0.137957 0.026821 -0.837176 -1.951322 0.492992 -0.002265 0.056033 0.002856 8.243302 -3.871750 -0.319120 -0.013390 0.211636 -0.033467 -10.410836 5.711598 5.660825 0.010113 0.088937 0.050411 9.641082 2.954269 2.587866 0.071703 0.114000 -0.018898 -3.631107 -10.446330 -7.697400 0.122921 0.045205 -0.019046 -4.033455 -24.656662 -36.927957 0.255332 -0.015649 -0.022946 56.252762 -68.346097 62.167255 0.265710 0.012698 -0.007375 -1.840907 -7.496282 9.129280 0.086690 -0.010636 -0.015594 -5.840410 -3.203579 -9.860973 -0.082954 0.112472 -0.023707 0.691809 9.244863 11.765356 -0.113228 0.046854 -0.008472 8.444832 24.996385 50.349060 -0.260127 -0.014370 -0.031269 45.373893 67.346382 -44.346304 -0.269109 0.006794 -0.006027 -1.557510 6.511391 -6.446809 -0.088754 -0.008651 -0.010107 -5.626495 5.139410 10.647408 
-0.195672 -0.090931 2.579474 -0.000000 0.000000 -0.000000 -0.197846 0.881792 2.608058 -175.463544 -4.074341 0.348427 0.058581 -0.082280 -0.017664 -13.011056 0.469471 11.444580 0.043451 -0.386469 0.008037 38.494372 -8.735268 -5.460485 -0.014790 -0.426874 -0.037428 -2.298813 6.398262 -9.332138 0.041054 -0.060286 0.122042 -15.997013 3.557398 11.458683 -0.060310 -0.090513 -0.013542 -14.517820 1.140825 5.099120 -0.043257 -0.383688 -0.004843 35.082007 4.525038 5.723024 0.019056 -0.420046 -0.034561 -7.324773 -8.921822 10.747043 -0.034840 -0.062105 0.130324 -9.901519 6.150172 -14.178068 0.004439 0.124403 -0.038385 8.660232 -0.355508 -3.732318 0.004488 0.137956 0.026821 -0.876189 -1.943131 0.833354 -0.002265 0.056032 0.002855 8.251547 -3.715825 0.692343 -0.013390 0.211636 -0.033468 -10.501136 5.634091 5.919602 0.010113 0.088937 0.050410 9.758047 2.334249 2.805770 0.071702 0.114000 -0.018898 -3.624399 -10.212915 -6.909679 0.122921 0.045205 -0.019047 -3.507658 -24.374848 -34.852304 0.255332 -0.015649 -0.022946 60.864478 -69.227929 67.022952 0.265709 0.012698 -0.007375 -1.686208 -7.566250 9.248793 0.086691 -0.010636 -0.015594 -5.857780 -3.162549 -9.877428 -0.082954 0.112473 -0.023708 0.312831 8.944692 12.126858 -0.113228 0.046853 -0.008472 8.004674 24.345982 51.528679 -0.260128 -0.014369 -0.031268 45.380105 67.114272 -45.129925 -0.269108 0.006794 -0.006027 -1.823367 6.496357 -6.368728 -0.088754 -0.008651 -0.010107 -5.575466 5.177938 10.661013 
-0.195672 -0.090931 2.579474 -0.000000 0.000000 -0.000000 -0.197846 0.881792 2.608058 -175.463544 -4.074341 0.348427 0.058581 -0.082280 -0.017664 -12.258006 0.284076 11.223923 0.043451 -0.386470 0.008038 38.384079 -8.796000 -5.332623 -0.014790 -0.426875 -0.037429 -2.643759 6.541956 -9.380700 0.041054 -0.060286 0.122043 -15.996621 3.477766 11.621118 -0.060310 -0.090513 -0.013542 -15.256387 0.421614 4.718784 -0.043257 -0.383688 -0.004843 35.975887 4.466005 7.212008 0.019056 -0.420045 -0.034563 -6.290655 -8.565273 11.134600 -0.034840 -0.062105 0.130323 -9.928717 6.140931 -14.156189 0.004439 0.124403 -0.038385 8.558970 -0.304273 -3.943560 0.004488 0.137956 0.026821 -1.014988 -1.915992 1.201722 -0.002265 0.056032 0.002856 8.204019 -3.457458 1.877988 -0.013390 0.211636 -0.033467 -10.713634 5.590422 6.160834 0.010113 0.088937 0.050410 9.941605 1.719857 2.901034 0.071702 0.114000 -0.018898 -3.814858 -9.929276 -6.192039 0.122921 0.045205 -0.019047 -3.306636 -23.957922 -32.902941 0.255332 -0.015649 -0.022946 64.978014 -69.934218 71.844882 0.265709 0.012698 -0.007375 -1.554059 -7.610830 9.461610 0.086691 -0.010636 -0.015594 -5.853035 -3.143271 -9.921295 -0.082954 0.112473 -0.023707 -0.161182 8.622555 12.432509 -0.113228 0.046853 -0.008472 7.123003 23.527907 52.924476 -0.260128 -0.014369 -0.031269 45.166986 66.935471 -46.445918 -0.269108 0.006793 -0.006027 -2.130071 6.480657 -6.390372 -0.088754 -0.008652 -0.010107 -5.505742 5.234695 10.701919 
-0.195672 -0.090931 2.579474 -0.000000 0.000000 -0.000000 -0.197846 0.881792 2.608058 -175.463544 -4.074341 0.348427 0.058581 -0.082280 -0.017664 -11.633329 -0.220773 10.697283 0.043452 -0.386469 0.008037 38.374841 -8.823919 -5.211041 -0.014790 -0.426875 -0.037429 -3.142385 6.710233 -9.315769 0.041054 -0.060286 0.122042 -16.005980 3.454128 11.729208 -0.060310 -0.090513 -0.013542 -15.908462 -0.165512 4.442954 -0.043257 -0.383688 -0.004842 36.853139 4.455993 8.473737 0.019056 -0.420045 -0.034561 -5.282126 -8.294351 11.482650 -0.034840 -0.062106 0.130324 -9.898869 6.212248 -14.173232 0.004439 0.124403 -0.038385 8.454778 -0.210683 -4.089527 0.004489 0.137956 0.026821 -1.233020 -1.878303 1.572003 -0.002265 0.056033 0.002854 8.055275 -3.151497 3.150230 -0.013390 0.211636 -0.033467 -11.006007 5.531036 6.400248 0.010113 0.088938 0.050410 10.184318 1.098347 2.884534 0.071703 0.114000 -0.018897 -4.118889 -9.617388 -5.618313 0.122922 0.045205 -0.019047 -3.365003 -23.435506 -31.399401 0.255332 -0.015649 -0.022947 67.616578 -70.436162 75.473269 0.265709 0.012698 -0.007375 -1.459395 -7.605352 9.718306 0.086691 -0.010636 -0.015594 -5.860348 -3.157053 -10.002374 -0.082954 0.112472 -0.023707 -0.749974 8.303211 12.795632 -0.113228 0.046853 -0.008472 5.677573 22.513436 54.505780 -0.260128 -0.014370 -0.031268 44.488003 66.764778 -48.153793 -0.269108 0.006794 -0.006027 -2.478617 6.453279 -6.523548 -0.088753 -0.008652 -0.010107 -5.435738 5.308906 10.796697 
-0.195672 -0.090931 2.579474 -0.000000 0.000000 -0.000000 -0.197846 0.881792 2.608058 -175.463544 -4.074341 0.348427 0.058581 -0.082280 -0.017664 -11.176615 -0.926567 10.001163 0.043451 -0.386469 0.008037 38.407889 -8.831015 -5.099692 -0.014790 -0.426874 -0.037428 -3.720042 6.894032 -9.162636 0.041054 -0.060286 0.122043 -16.013057 3.447163 11.791826 -0.060310 -0.090513 -0.013542 -16.381377 -0.561390 4.299285 -0.043257 -0.383688 -0.004843 37.565969 4.510082 9.434656 0.019056 -0.420045 -0.034561 -4.453041 -8.072390 11.745675 -0.034840 -0.062106 0.130323 -9.829710 6.344854 -14.199154 0.004439 0.124403 -0.038385 8.344623 -0.078879 -4.210407 0.004488 0.137957 0.026820 -1.512034 -1.828641 1.914836 -0.002265 0.056033 0.002856 7.764690 -2.835871 4.365512 -0.013390 0.211636 -0.033467 -11.283417 5.422871 6.634307 0.010113 0.088937 0.050410 10.467920 0.486388 2.804879 0.071703 0.114000 -0.018898 -4.441448 -9.341506 -5.181058 0.122921 0.045205 -0.019046 -3.570886 -22.850331 -30.518228 0.255332 -0.015649 -0.022946 68.391367 -70.782999 77.277860 0.265709 0.012698 -0.007375 -1.398085 -7.568543 9.965985 0.086691 -0.010636 -0.015594 -5.885708 -3.205424 -10.104421 -0.082954 0.112472 -0.023707 -1.466150 8.035315 13.217251 -0.113228 0.046853 -0.008471 3.730215 21.356193 55.990141 -0.260127 -0.014369 -0.031268 43.520032 66.637361 -50.230973 -0.269109 0.006794 -0.006027 -2.828045 6.431720 -6.755549 -0.088754 -0.008651 -0.010107 -5.370095 5.387490 10.932207 
-0.195672 -0.090931 2.579474 -0.000000 0.000000 -0.000000 -0.197846 0.881792 2.608058 -175.463544 -4.074341 0.348427 0.058581 -0.082280 -0.017664 -10.842622 -1.698795 9.200324 0.043451 -0.386469 0.008037 38.490367 -8.818711 -4.996467 -0.014790 -0.426875 -0.037428 -4.317682 7.080817 -8.953523 0.041054 -0.060286 0.122043 -15.986690 3.408722 11.817776 -0.060310 -0.090513 -0.013542 -16.720986 -0.800363 4.201664 -0.043257 -0.383688 -0.004843 38.107890 4.637763 10.180341 0.019055 -0.420045 -0.034561 -3.820820 -7.854990 11.941396 -0.034840 -0.062105 0.130323 -9.747123 6.531417 -14.247855 0.004439 0.124404 -0.038385 8.217789 0.087764 -4.304969 0.004488 0.137957 0.026820 -1.865965 -1.759657 2.264304 -0.002265 0.056032 0.002855 7.285116 -2.502491 5.509333 -0.013390 0.211636 -0.033467 -11.488695 5.242364 6.853958 0.010113 0.088938 0.050409 10.787822 -0.138462 2.692317 0.071702 0.114000 -0.018898 -4.715403 -9.116581 -4.792195 0.122921 0.045205 -0.019046 -3.824296 -22.183218 -30.154831 0.255332 -0.015649 -0.022947 67.656678 -71.038011 77.497614 0.265709 0.012698 -0.007375 -1.342559 -7.525878 10.175920 0.086691 -0.010636 -0.015594 -5.926960 -3.285269 -10.215409 -0.082954 0.112472 -0.023707 -2.377987 7.815003 13.675257 -0.113228 0.046854 -0.008472 1.333000 20.087397 57.100521 -0.260127 -0.014369 -0.031269 42.649013 66.649819 -52.925777 -0.269109 0.006794 -0.006027 -3.158121 6.431556 -7.062687 -0.088754 -0.008652 -0.010107 -5.310626 5.458726 11.092117 
-0.195672 -0.090931 2.579474 -0.000000 0.000000 -0.000000 -0.197846 0.881792 2.608058 -175.463544 -4.074341 0.348427 0.058581 -0.082280 -0.017664 -10.634715 -2.401302 8.286907 0.043451 -0.386469 0.008037 38.670485 -8.793112 -4.908623 -0.014790 -0.426874 -0.037428 -4.892778 7.256608 -8.698689 0.041054 -0.060286 0.122042 -15.889877 3.299621 11.786585 -0.060310 -0.090513 -0.013542 -16.960891 -0.903412 4.040996 -0.043257 -0.383688 -0.004843 38.505171 4.835683 10.714625 0.019056 -0.420045 -0.034562 -3.429521 -7.665639 12.072656 -0.034840 -0.062106 0.130323 -9.694739 6.760719 -14.351091 0.004439 0.124404 -0.038385 8.105859 0.285298 -4.324837 0.004488 0.137957 0.026820 -2.303867 -1.663588 2.650979 -0.002265 0.056032 0.002855 6.562594 -2.139328 6.488935 -0.013390 0.211636 -0.033467 -11.541219 4.963030 7.001445 0.010113 0.088937 0.050410 11.151179 -0.784487 2.539082 0.071703 0.114000 -0.018898 -4.885824 -8.924161 -4.418424 0.122922 0.045205 -0.019046 -4.117577 -21.415819 -30.209319 0.255332 -0.015649 -0.022946 65.776839 -71.211812 76.495954 0.265710 0.012698 -0.007375 -1.288780 -7.483394 10.301750 0.086690 -0.010636 -0.015594 -5.978287 -3.396114 -10.341704 -0.082954 0.112473 -0.023707 -3.543473 7.580294 14.159687 -0.113228 0.046853 -0.008472 -1.443247 18.766356 57.548940 -0.260127 -0.014369 -0.031269 42.288461 66.921306 -56.531556 -0.269109 0.006794 -0.006027 -3.468257 6.447439 -7.405743 -0.088754 -0.008652 -0.010107 -5.266349 5.510154 11.276745 
-0.195672 -0.090931 2.579474 -0.000000 0.000000 -0.000000 -0.197846 0.881792 2.608058 -175.463544 -4.074341 0.348427 0.058581 -0.082280 -0.017664 -10.578365 -2.939543 7.282439 0.043451 -0.386469 0.008036 39.026379 -8.760554 -4.837636 -0.014790 -0.426874 -0.037428 -5.397093 7.410968 -8.400320 0.041054 -0.060286 0.122042 -15.714935 3.106967 11.668518 -0.060310 -0.090513 -0.013542 -17.100371 -0.857009 3.767454 -0.043257 -0.383688 -0.004843 38.766105 5.100411 10.981079 0.019055 -0.420045 -0.034562 -3.344428 -7.576823 12.125509 -0.034840 -0.062105 0.130324 -9.708681 7.002079 -14.524805 0.004439 0.124403 -0.038385 8.047497 0.487977 -4.228220 0.004488 0.137956 0.026820 -2.809373 -1.556126 3.066571 -0.002265 0.056032 0.002855 5.581205 -1.769925 7.182458 -0.013390 0.211636 -0.033467 -11.350107 4.559429 6.996599 0.010113 0.088937 0.050410 11.545882 -1.434965 2.352869 0.071703 0.113999 -0.018898 -4.904485 -8.777026 -4.096164 0.122922 0.045205 -0.019046 -4.487138 -20.605441 -30.703449 0.255332 -0.015649 -0.022947 63.150064 -71.267669 74.665948 0.265709 0.012698 -0.007375 -1.265482 -7.433834 10.282044 0.086690 -0.010636 -0.015594 -6.036460 -3.534760 -10.495792 -0.082954 0.112472 -0.023707 -4.919039 7.245121 14.626816 -0.113228 0.046853 -0.008473 -4.422696 17.444419 57.118898 -0.260127 -0.014369 -0.031268 42.773879 67.491859 -61.191357 -0.269109 0.006794 -0.006027 -3.762509 6.466102 -7.733399 -0.088754 -0.008652 -0.010107 -5.248214 5.531530 11.495690 
-0.195672 -0.090931 2.579474 -0.000000 0.000000 -0.000000 -0.197846 0.881792 2.608058 -175.463544 -4.074341 0.348427 0.058581 -0.082280 -0.017664 -10.648244 -3.248801 6.248894 0.043451 -0.386470 0.008037 39.590894 -8.709270 -4.790553 -0.014790 -0.426875 -0.037429 -5.790851 7.534758 -8.077348 0.041054 -0.060286 0.122043 -15.489537 2.861459 11.469440 -0.060310 -0.090513 -0.013542 -17.108698 -0.620711 3.404988 -0.043257 -0.383688 -0.004843 38.902825 5.472481 10.928020 0.019056 -0.420046 -0.034562 -3.623819 -7.602694 12.088120 -0.034840 -0.062105 0.130323 -9.824305 7.218549 -14.775371 0.004439 0.124403 -0.038385 8.034807 0.640617 -3.990515 0.004488 0.137957 0.026821 -3.333088 -1.481963 3.474166 -0.002265 0.056032 0.002855 4.345990 -1.439115 7.526928 -0.013390 0.211636 -0.033467 -10.905587 3.991472 6.766268 0.010113 0.088937 0.050410 11.935645 -2.076225 2.122177 0.071702 0.114000 -0.018898 -4.753158 -8.701488 -3.907884 0.122922 0.045205 -0.019046 -4.944837 -19.779359 -31.664832 0.255332 -0.015649 -0.022946 59.986171 -71.132759 72.230330 0.265710 0.012698 -0.007375 -1.307773 -7.355218 10.100358 0.086691 -0.010636 -0.015594 -6.096506 -3.694718 -10.685176 -0.082954 0.112472 -0.023707 -6.383535 6.794714 15.020510 -0.113228 0.046853 -0.008472 -7.442154 16.230707 55.914661 -0.260127 -0.014369 -0.031269 44.348056 68.276060 -66.874416 -0.269109 0.006794 -0.006027 -4.023197 6.468399 -8.015714 -0.088754 -0.008651 -0.010107 -5.268118 5.523694 11.756373 
-0.195672 -0.090931 2.579474 -0.000000 0.000000 -0.000000 -0.197846 0.881792 2.608058 -175.463544 -4.074341 0.348427 0.058581 -0.082280 -0.017664 -10.761603 -3.278548 5.278400 0.043451 -0.386469 0.008037 40.251121 -8.605070 -4.824296 -0.014790 -0.426874 -0.037428 -6.068388 7.594042 -7.751054 0.041054 -0.060286 0.122043 -15.260716 2.643859 11.208350 -0.060310 -0.090513 -0.013542 -16.952567 -0.154911 2.925675 -0.043257 -0.383688 -0.004843 38.939714 6.052205 10.558040 0.019056 -0.420046 -0.034562 -4.131173 -7.632944 11.997956 -0.034840 -0.062105 0.130324 -10.049201 7.407281 -15.111290 0.004439 0.124404 -0.038385 7.982248 0.688918 -3.594907 0.004488 0.137956 0.026821 -3.806838 -1.492681 3.823216 -0.002265 0.056032 0.002854 2.992052 -1.198742 7.511716 -0.013390 0.211636 -0.033468 -10.340398 3.296897 6.261812 0.010113 0.088937 0.050410 12.260796 -2.635042 1.793725 0.071703 0.114000 -0.018898 -4.492698 -8.781553 -3.885616 0.122921 0.045205 -0.019046 -5.481036 -19.059419 -32.969002 0.255332 -0.015649 -0.022947 56.809146 -70.778908 69.702736 0.265709 0.012698 -0.007375 -1.449628 -7.246192 9.804595 0.086691 -0.010636 -0.015595 -6.112515 -3.861415 -10.887822 -0.082954 0.112473 -0.023707 -7.726144 6.324352 15.282116 -0.113228 0.046853 -0.008473 -10.171477 15.269173 54.254863 -0.260128 -0.014369 -0.031269 46.973588 69.080929 -73.074432 -0.269109 0.006794 -0.006027 -4.210221 6.443491 -8.233475 -0.088754 -0.008652 -0.010107 -5.320833 5.500989 12.028983 
-0.195672 -0.090931 2.579474 -0.000000 0.000000 -0.000000 -0.197846 0.881792 2.608058 -175.463544 -4.074341 0.348427 0.058581 -0.082280 -0.017664 -10.859693 -3.068968 4.499061 0.043452 -0.386469 0.008037 40.861655 -8.451469 -4.974845 -0.014790 -0.426875 -0.037428 -6.252150 7.575400 -7.446437 0.041054 -0.060286 0.122043 -15.072351 2.500445 10.923459 -0.060310 -0.090513 -0.013542 -16.664109 0.512812 2.378644 -0.043257 -0.383688 -0.004843 38.966922 6.815470 9.900445 0.019056 -0.420045 -0.034561 -4.637243 -7.615667 11.908119 -0.034840 -0.062105 0.130324 -10.335332 7.590131 -15.510275 0.004439 0.124403 -0.038385 7.852316 0.617275 -3.088549 0.004488 0.137956 0.026820 -4.165696 -1.596882 4.045055 -0.002265 0.056032 0.002855 1.815924 -1.076226 7.163060 -0.013390 0.211635 -0.033467 -9.897338 2.567274 5.561955 0.010113 0.088937 0.050410 12.433236 -3.021418 1.372808 0.071703 0.113999 -0.018898 -4.220865 -9.009655 -4.043816 0.122921 0.045205 -0.019046 -6.098414 -18.563372 -34.407085 0.255332 -0.015649 -0.022946 53.997150 -70.290317 67.484530 0.265709 0.012698 -0.007375 -1.681335 -7.127737 9.496051 0.086691 -0.010636 -0.015594 -6.042951 -4.014496 -11.060998 -0.082954 0.112472 -0.023707 -8.752688 5.908791 15.350990 -0.113228 0.046853 -0.008471 -12.197360 14.615128 52.502578 -0.260127 -0.014369 -0.031269 49.988153 69.723555 -78.689885 -0.269109 0.006793 -0.006027 -4.303540 6.400586 -8.374760 -0.088754 -0.008651 -0.010107 -5.373845 5.479841 12.253179 
-0.195672 -0.090931 2.579474 -0.000000 0.000000 -0.000000 -0.197846 0.881792 2.608058 -175.463544 -4.074341 0.348427 0.058581 -0.082280 -0.017664 -10.963353 -2.686771 3.946631 0.043451 -0.386469 0.008037 41.394488 -8.275862 -5.244577 -0.014790 -0.426875 -0.037429 -6.331450 7.482657 -7.203901 0.041054 -0.060286 0.122043 -14.916184 2.419520 10.656052 -0.060310 -0.090513 -0.013542 -16.290667 1.364336 1.860751 -0.043257 -0.383688 -0.004843 39.022817 7.698149 8.962912 0.019056 -0.420045 -0.034562 -5.051029 -7.560222 11.839486 -0.034840 -0.062106 0.130324 -10.627076 7.770056 -15.950910 0.004439 0.124404 -0.038385 7.664999 0.454639 -2.528249 0.004488 0.137956 0.026820 -4.389541 -1.771706 4.123958 -0.002265 0.056032 0.002855 1.008440 -1.058287 6.571270 -0.013390 0.211636 -0.033467 -9.668899 1.845336 4.789184 0.010113 0.088937 0.050410 12.448787 -3.224860 0.897284 0.071702 0.114000 -0.018898 -3.977219 -9.347677 -4.329505 0.122921 0.045205 -0.019047 -6.759098 -18.318859 -35.880630 0.255332 -0.015649 -0.022947 51.661133 -69.769433 65.655180 0.265709 0.012698 -0.007375 -1.968996 -7.019913 9.233810 0.086691 -0.010636 -0.015594 -5.890403 -4.144515 -11.179993 -0.082954 0.112472 -0.023707 -9.447503 5.597411 15.176306 -0.113228 0.046853 -0.008471 -13.460125 14.254314 50.860085 -0.260128 -0.014369 -0.031269 53.064938 70.181430 -83.328431 -0.269109 0.006794 -0.006027 -4.332602 6.357951 -8.445015 -0.088753 -0.008652 -0.010107 -5.409205 5.462679 12.400212 
-0.195672 -0.090931 2.579474 -0.000000 0.000000 -0.000000 -0.197846 0.881792 2.608058 -175.463544 -4.074341 0.348427 0.058581 -0.082280 -0.017664 -11.129758 -2.177383 3.573562 0.043452 -0.386469 0.008037 41.860402 -8.091888 -5.635400 -0.014791 -0.426875 -0.037428 -6.264667 7.308615 -7.061763 0.041054 -0.060286 0.122043 -14.766936 2.386136 10.432710 -0.060310 -0.090513 -0.013542 -15.786080 2.405427 1.429054 -0.043257 -0.383688 -0.004842 39.047949 8.683794 7.732493 0.019056 -0.420046 -0.034562 -5.406303 -7.449476 11.788116 -0.034840 -0.062105 0.130324 -10.885187 7.945633 -16.422147 0.004439 0.124404 -0.038385 7.452276 0.232589 -1.951171 0.004488 0.137956 0.026820 -4.479296 -1.995007 4.043151 -0.002265 0.056032 0.002855 0.616616 -1.122419 5.769531 -0.013390 0.211636 -0.033467 -9.655219 1.130897 4.007216 0.010113 0.088937 0.050409 12.339500 -3.262536 0.395860 0.071703 0.114000 -0.018898 -3.770120 -9.800241 -4.668970 0.122921 0.045205 -0.019046 -7.400175 -18.342494 -37.378777 0.255332 -0.015649 -0.022946 49.924441 -69.289865 64.274320 0.265710 0.012698 -0.007375 -2.306526 -6.948089 9.039291 0.086691 -0.010636 -0.015595 -5.662328 -4.246531 -11.236002 -0.082954 0.112472 -0.023707 -9.855107 5.461203 14.698589 -0.113228 0.046853 -0.008472 -14.044662 14.207072 49.395918 -0.260127 -0.014369 -0.031269 56.397541 70.494376 -87.226686 -0.269109 0.006794 -0.006027 -4.327116 6.346488 -8.467771 -0.088754 -0.008651 -0.010107 -5.418798 5.445218 12.465320 
-0.195672 -0.090931 2.579474 -0.000000 0.000000 -0.000000 -0.197846 0.881792 2.608058 -175.463544 -4.074341 0.348427 0.058581 -0.082280 -0.017664 -11.436254 -1.574503 3.337257 0.043452 -0.386469 0.008036 42.241988 -7.890981 -6.143026 -0.014790 -0.426875 -0.037428 -6.020805 7.065912 -7.046446 0.041054 -0.060286 0.122043 -14.619166 2.393051 10.275901 -0.060310 -0.090513 -0.013542 -15.056534 3.579720 1.041702 -0.043257 -0.383688 -0.004843 38.968183 9.750064 6.258732 0.019056 -0.420046 -0.034562 -5.737055 -7.270486 11.757223 -0.034840 -0.062106 0.130323 -11.076257 8.120753 -16.897258 0.004439 0.124404 -0.038385 7.253336 -0.014835 -1.397840 0.004488 0.137956 0.026821 -4.455384 -2.246625 3.774816 -0.002265 0.056032 0.002855 0.612095 -1.252629 4.716293 -0.013390 0.211636 -0.033468 -9.830423 0.431231 3.258927 0.010113 0.088937 0.050410 12.126769 -3.164900 -0.081951 0.071703 0.114000 -0.018898 -3.610886 -10.354588 -4.990792 0.122922 0.045205 -0.019046 -8.011586 -18.612655 -38.786261 0.255332 -0.015649 -0.022947 49.086148 -68.964215 63.690551 0.265709 0.012698 -0.007375 -2.685321 -6.943245 8.944635 0.086691 -0.010636 -0.015594 -5.361783 -4.311302 -11.225066 -0.082954 0.112472 -0.023707 -9.992898 5.524302 13.885684 -0.113228 0.046853 -0.008472 -13.955203 14.412053 48.132961 -0.260128 -0.014369 -0.031269 59.959724 70.673026 -90.383251 -0.269108 0.006794 -0.006027 -4.312231 6.389413 -8.442543 -0.088754 -0.008652 -0.010107 -5.394154 5.424493 12.440262 
-0.195672 -0.090931 2.579474 -0.000000 0.000000 -0.000000 -0.197846 0.881792 2.608058 -175.463544 -4.074341 0.348427 0.058581 -0.082280 -0.017664 -11.975517 -0.876292 3.187508 0.043451 -0.386469 0.008037 42.504810 -7.649666 -6.769470 -0.014790 -0.426875 -0.037428 -5.585087 6.772641 -7.153049 0.041054 -0.060287 0.122042 -14.503130 2.428403 10.177704 -0.060310 -0.090513 -0.013542 -14.041406 4.804953 0.633291 -0.043257 -0.383688 -0.004843 38.698462 10.831204 4.613202 0.019056 -0.420045 -0.034562 -6.051735 -7.071300 11.755203 -0.034840 -0.062106 0.130323 -11.187443 8.323526 -17.359402 0.004439 0.124403 -0.038385 7.120535 -0.263534 -0.874293 0.004488 0.137956 0.026821 -4.356820 -2.517003 3.315237 -0.002264 0.056033 0.002856 0.924940 -1.405946 3.282398 -0.013390 0.211636 -0.033468 -10.152692 -0.232639 2.571105 0.010113 0.088937 0.050410 11.789666 -2.959993 -0.470579 0.071703 0.114000 -0.018898 -3.510003 -10.919716 -5.219465 0.122922 0.045205 -0.019046 -8.684817 -18.936966 -39.772287 0.255332 -0.015649 -0.022946 49.586357 -68.929975 64.639681 0.265709 0.012698 -0.007375 -3.091934 -7.025393 9.006502 0.086691 -0.010636 -0.015594 -4.986269 -4.327251 -11.148512 -0.082954 0.112472 -0.023708 -9.860474 5.728656 12.688164 -0.113228 0.046853 -0.008472 -13.066556 14.662727 46.842738 -0.260127 -0.014369 -0.031269 63.515145 70.723098 -92.613185 -0.269109 0.006794 -0.006027 -4.317906 6.489184 -8.358775 -0.088754 -0.008651 -0.010107 -5.327863 5.399514 12.313770 
-0.195672 -0.090931 2.579474 -0.000000 0.000000 -0.000000 -0.197846 0.881792 2.608058 -175.463544 -4.074341 0.348427 0.058581 -0.082280 -0.017664 -12.793825 -0.116904 3.085049 0.043451 -0.386469 0.008038 42.519382 -7.348302 -7.475983 -0.014790 -0.426874 -0.037428 -5.000645 6.458247 -7.352586 0.041054 -0.060287 0.122042 -14.452018 2.490186 10.132476 -0.060310 -0.090513 -0.013542 -12.786242 5.938504 0.081870 -0.043257 -0.383688 -0.004843 38.187171 11.848450 2.963300 0.019055 -0.420045 -0.034562 -6.271948 -6.887365 11.824179 -0.034840 -0.062106 0.130324 -11.213596 8.581126 -17.823998 0.004439 0.124404 -0.038385 7.083189 -0.491192 -0.363899 0.004488 0.137956 0.026821 -4.214044 -2.783532 2.697404 -0.002265 0.056033 0.002854 1.518549 -1.534081 1.407045 -0.013390 0.211636 -0.033467 -10.570882 -0.822390 1.903097 0.010113 0.088937 0.050410 11.307827 -2.674079 -0.759669 0.071702 0.114000 -0.018898 -3.465633 -11.400334 -5.287953 0.122922 0.045205 -0.019046 -9.483727 -19.155187 -40.025660 0.255332 -0.015649 -0.022947 51.588549 -69.177399 67.440871 0.265709 0.012698 -0.007375 -3.505327 -7.196763 9.229992 0.086690 -0.010636 -0.015594 -4.549489 -4.288747 -11.007005 -0.082954 0.112472 -0.023707 -9.462777 6.033176 11.038467 -0.113228 0.046853 -0.008472 -11.273088 14.773146 45.178331 -0.260128 -0.014369 -0.031269 66.754369 70.676011 -93.720284 -0.269109 0.006793 -0.006027 -4.334762 6.642104 -8.235466 -0.088754 -0.008651 -0.010107 -5.225443 5.368498 12.079658 
-0.195672 -0.090931 2.579474 -0.000000 0.000000 -0.000000 -0.197846 0.881792 2.608058 -175.463544 -4.074341 0.348427 0.058581 -0.082280 -0.017664 -13.919829 0.619098 3.046141 0.043452 -0.386469 0.008037 42.124826 -6.973934 -8.157447 -0.014790 -0.426875 -0.037428 -4.361104 6.191935 -7.632442 0.041054 -0.060286 0.122043 -14.440915 2.578898 10.185911 -0.060310 -0.090513 -0.013542 -11.398706 6.785471 -0.768787 -0.043257 -0.383688 -0.004843 37.376369 12.799239 1.598728 0.019055 -0.420046 -0.034562 -6.309622 -6.675876 12.042409 -0.034840 -0.062106 0.130323 -11.150164 8.868948 -18.323722 0.004439 0.124404 -0.038385 7.092280 -0.682390 0.134928 0.004489 0.137957 0.026821 -4.051177 -3.030789 1.961216 -0.002265 0.056032 0.002855 2.402634 -1.653451 -0.771430 -0.013390 0.211636 -0.033468 -11.054958 -1.332205 1.155811 0.010113 0.088938 0.050409 10.694516 -2.353351 -1.013473 0.071702 0.114000 -0.018899 -3.494325 -11.796861 -5.153063 0.122921 0.045205 -0.019047 -10.340488 -19.305081 -39.426089 0.255332 -0.015649 -0.022947 54.849093 -69.533573 71.621548 0.265710 0.012698 -0.007375 -3.877698 -7.459206 9.537936 0.086691 -0.010636 -0.015594 -4.083972 -4.200926 -10.794305 -0.082954 0.112472 -0.023708 -8.836251 6.454475 8.879637 -0.113228 0.046853 -0.008472 -8.639043 14.692247 42.988524 -0.260127 -0.014369 -0.031269 69.442595 70.601890 -93.629825 -0.269109 0.006794 -0.006027 -4.314572 6.853962 -8.096740 -0.088754 -0.008652 -0.010107 -5.104664 5.323639 11.735037 
-0.195672 -0.090931 2.579474 -0.000000 0.000000 -0.000000 -0.197846 0.881792 2.608058 -175.463544 -4.074341 0.348427 0.058581 -0.082280 -0.017664 -15.336853 1.198706 3.152101 0.043451 -0.386470 0.008037 41.206118 -6.508491 -8.693437 -0.014790 -0.426874 -0.037428 -3.739584 6.060024 -8.008655 0.041054 -0.060286 0.122043 -14.383192 2.667441 10.412913 -0.060310 -0.090513 -0.013542 -10.047785 7.184595 -1.941385 -0.043257 -0.383688 -0.004843 36.130502 13.667818 0.818913 0.019056 -0.420046 -0.034562 -6.110191 -6.401941 12.470828 -0.034840 -0.062106 0.130323 -10.982108 9.117921 -18.869077 0.004439 0.124403 -0.038385 7.069911 -0.824466 0.574282 0.004488 0.137957 0.026820 -3.893038 -3.258706 1.155658 -0.002265 0.056033 0.002855 3.594066 -1.756081 -2.945891 -0.013390 0.211635 -0.033467 -11.583473 -1.804782 0.319650 0.010113 0.088938 0.050409 9.974013 -2.083173 -1.253642 0.071703 0.114000 -0.018897 -3.626888 -12.139261 -4.758359 0.122922 0.045205 -0.019046 -11.032134 -19.448077 -37.823723 0.255332 -0.015649 -0.022946 58.973363 -69.869850 76.436790 0.265709 0.012698 -0.007375 -4.125256 -7.815797 9.841949 0.086691 -0.010636 -0.015594 -3.641395 -4.069367 -10.501845 -0.082954 0.112472 -0.023707 -8.031208 7.013358 6.217135 -0.113228 0.046853 -0.008472 -5.402640 14.449902 40.400490 -0.260127 -0.014369 -0.031269 71.344686 70.569904 -92.298231 -0.269109 0.006794 -0.006027 -4.246928 7.129693 -7.932478 -0.088754 -0.008652 -0.010107 -4.986475 5.255693 11.285927 
-0.195672 -0.090931 2.579474 -0.000000 0.000000 -0.000000 -0.197846 0.881792 2.608058 -175.463544 -4.074341 0.348427 0.058581 -0.082280 -0.017664 -16.803225 1.453921 3.456770 0.043452 -0.386469 0.008037 39.703227 -5.973193 -8.969698 -0.014790 -0.426874 -0.037428 -3.175790 6.099584 -8.492546 0.041054 -0.060286 0.122042 -14.215856 2.710450 10.845138 -0.060310 -0.090513 -0.013542 -8.961196 7.112156 -3.296670 -0.043257 -0.383688 -0.004842 34.313398 14.361175 0.723222 0.019056 -0.420045 -0.034562 -5.621209 -6.100001 13.121282 -0.034840 -0.062105 0.130324 -10.709188 9.276906 -19.451344 0.004439 0.124403 -0.038385 6.957328 -0.900133 0.881252 0.004489 0.137957 0.026821 -3.764818 -3.446699 0.349968 -0.002265 0.056033 0.002854 5.068311 -1.790335 -4.788863 -0.013390 0.211636 -0.033467 -12.043932 -2.262498 -0.468333 0.010113 0.088937 0.050410 9.183592 -1.930747 -1.408422 0.071703 0.114000 -0.018898 -3.852632 -12.453356 -3.993099 0.122921 0.045205 -0.019047 -11.276198 -19.608934 -35.161978 0.255332 -0.015649 -0.022946 63.254737 -70.138912 80.874146 0.265709 0.012698 -0.007375 -4.203979 -8.250486 10.079256 0.086690 -0.010636 -0.015594 -3.274925 -3.901969 -10.132737 -0.082954 0.112472 -0.023708 -7.106707 7.690529 3.160332 -0.113228 0.046853 -0.008472 -2.003165 14.062981 37.657486 -0.260128 -0.014369 -0.031269 71.892249 70.643472 -89.489623 -0.269109 0.006794 -0.006027 -4.170855 7.452336 -7.736385 -0.088753 -0.008651 -0.010107 -4.886468 5.163307 10.762910 
-0.195672 -0.090931 2.579474 -0.000000 0.000000 -0.000000 -0.197846 0.881792 2.608058 -175.463544 -4.074341 0.348427 0.058581 -0.082280 -0.017664 -17.802309 1.303358 3.883636 0.043451 -0.386469 0.008037 37.843039 -5.518376 -8.883690 -0.014790 -0.426874 -0.037428 -2.803256 6.271676 -8.987614 0.041054 -0.060286 0.122043 -13.998679 2.693228 11.374819 -0.060310 -0.090513 -0.013542 -8.396792 6.699407 -4.529344 -0.043257 -0.383688 -0.004843 32.203710 14.710771 1.153622 0.019056 -0.420046 -0.034562 -4.900474 -5.877183 13.872714 -0.034840 -0.062105 0.130323 -10.395555 9.339079 -19.996856 0.004439 0.124403 -0.038385 6.764355 -0.908106 1.018483 0.004488 0.137956 0.026820 -3.687613 -3.540413 -0.292982 -0.002265 0.056033 0.002856 6.522090 -1.744472 -5.928620 -0.013390 0.211636 -0.033467 -12.175037 -2.630218 -1.001263 0.010113 0.088937 0.050410 8.460257 -1.922506 -1.399217 0.071702 0.114000 -0.018898 -4.114919 -12.777840 -2.850530 0.122921 0.045205 -0.019047 -10.993739 -19.831015 -32.026795 0.255332 -0.015649 -0.022947 66.201786 -70.319461 83.287122 0.265709 0.012698 -0.007375 -4.160687 -8.677014 10.194066 0.086690 -0.010636 -0.015594 -3.037117 -3.730209 -9.748530 -0.082954 0.112473 -0.023707 -6.240049 8.383218 0.222647 -0.113228 0.046853 -0.008471 0.703614 13.598652 35.157111 -0.260127 -0.014369 -0.031269 70.394067 70.816617 -85.255316 -0.269108 0.006794 -0.006027 -4.113946 7.751820 -7.551654 -0.088755 -0.008652 -0.010107 -4.816473 5.063852 10.268276 
-0.195672 -0.090931 2.579474 -0.000000 0.000000 -0.000000 -0.197846 0.881792 2.608058 -175.463544 -4.074341 0.348427 0.058581 -0.082280 -0.017664 -18.150463 0.857123 4.256214 0.043451 -0.386470 0.008037 35.899280 -5.230923 -8.444215 -0.014790 -0.426874 -0.037429 -2.758440 6.516708 -9.353223 0.041054 -0.060286 0.122042 -13.831063 2.656295 11.854344 -0.060310 -0.090513 -0.013542 -8.360914 6.126019 -5.501261 -0.043257 -0.383688 -0.004843 30.203219 14.667034 1.817107 0.019056 -0.420046 -0.034562 -4.017872 -5.800220 14.581207 -0.034840 -0.062105 0.130324 -10.100229 9.332420 -20.445154 0.004439 0.124404 -0.038385 6.558215 -0.897498 1.042459 0.004488 0.137957 0.026821 -3.653815 -3.544392 -0.684635 -0.002265 0.056032 0.002854 7.652012 -1.685425 -6.322515 -0.013390 0.211636 -0.033467 -11.900689 -2.801248 -1.245787 0.010113 0.088937 0.050410 7.892109 -1.949290 -1.290228 0.071703 0.114000 -0.018898 -4.377096 -13.207442 -1.476372 0.122921 0.045205 -0.019046 -10.361507 -20.213390 -29.193519 0.255332 -0.015649 -0.022946 66.779654 -70.417488 82.722866 0.265710 0.012698 -0.007375 -4.096789 -9.029315 10.192138 0.086691 -0.010636 -0.015594 -2.913093 -3.587145 -9.410163 -0.082953 0.112473 -0.023707 -5.562089 9.061975 -2.206014 -0.113228 0.046853 -0.008471 2.297790 13.247065 33.074727 -0.260127 -0.014369 -0.031270 67.067308 70.967291 -80.157379 -0.269108 0.006794 -0.006027 -4.047512 7.985720 -7.432589 -0.088754 -0.008652 -0.010107 -4.776217 4.977231 9.876170 
-0.195672 -0.090931 2.579474 -0.000000 0.000000 -0.000000 -0.197846 0.881792 2.608058 -175.463544 -4.074341 0.348427 0.058581 -0.082280 -0.017664 -17.977833 0.267193 4.389620 0.043451 -0.386469 0.008036 34.052858 -5.080087 -7.717585 -0.014790 -0.426875 -0.037428 -3.049794 6.788796 -9.517593 0.041054 -0.060286 0.122043 -13.770204 2.648668 12.190399 -0.060310 -0.090513 -0.013542 -8.778606 5.502139 -6.275394 -0.043257 -0.383688 -0.004843 28.527639 14.256197 2.488248 0.019055 -0.420045 -0.034562 -2.979538 -5.888243 15.167203 -0.034840 -0.062105 0.130323 -9.849864 9.277020 -20.761514 0.004439 0.124403 -0.038385 6.412751 -0.928072 1.014783 0.004488 0.137956 0.026820 -3.651455 -3.518323 -0.822239 -0.002265 0.056032 0.002854 8.328483 -1.707506 -6.112654 -0.013390 0.211636 -0.033467 -11.388163 -2.593027 -1.299771 0.010113 0.088938 0.050409 7.479238 -1.762602 -1.226514 0.071703 0.114000 -0.018898 -4.638077 -13.858453 -0.070622 0.122922 0.045205 -0.019046 -9.629829 -20.883829 -27.170785 0.255332 -0.015649 -0.022946 64.739443 -70.387497 79.146887 0.265709 0.012698 -0.007375 -4.069990 -9.281206 10.123082 0.086690 -0.010636 -0.015594 -2.861601 -3.497463 -9.150179 -0.082954 0.112472 -0.023707 -5.119804 9.757186 -3.961689 -0.113228 0.046853 -0.008472 2.824070 13.218838 31.572556 -0.260128 -0.014369 -0.031269 62.630089 70.979797 -74.872445 -0.269108 0.006794 -0.006027 -3.932044 8.145270 -7.419669 -0.088754 -0.008652 -0.010107 -4.763826 4.919403 9.613191 
-0.195672 -0.090931 2.579474 -0.000000 0.000000 -0.000000 -0.197846 0.881792 2.608058 -175.463544 -4.074341 0.348427 0.058581 -0.082280 -0.017664 -17.512028 -0.359935 4.182447 0.043451 -0.386470 0.008037 32.479500 -5.013428 -6.787837 -0.014790 -0.426874 -0.037428 -3.549673 7.047719 -9.497383 0.041054 -0.060286 0.122042 -13.829726 2.691478 12.366145 -0.060310 -0.090513 -0.013542 -9.573716 4.933966 -6.959081 -0.043257 -0.383688 -0.004843 27.276299 13.619372 3.015778 0.019056 -0.420046 -0.034561 -1.797539 -6.112148 15.611314 -0.034840 -0.062106 0.130323 -9.650750 9.196822 -20.955101 0.004439 0.124403 -0.038385 6.362878 -1.020385 0.964670 0.004488 0.137956 0.026820 -3.675068 -3.512065 -0.748518 -0.002265 0.056032 0.002856 8.571899 -1.853518 -5.451065 -0.013390 0.211636 -0.033468 -10.845999 -1.882841 -1.286398 0.010113 0.088938 0.050410 7.193355 -1.186666 -1.280830 0.071703 0.114000 -0.018899 -4.911202 -14.764934 1.242608 0.122921 0.045205 -0.019046 -9.020053 -21.868502 -26.114100 0.255332 -0.015649 -0.022946 60.265600 -70.097344 72.985783 0.265710 0.012698 -0.007375 -4.078306 -9.423041 10.029904 0.086690 -0.010636 -0.015594 -2.848537 -3.466268 -8.968423 -0.082954 0.112473 -0.023708 -4.876781 10.458044 -5.049774 -0.113228 0.046853 -0.008472 2.543957 13.556695 30.723308 -0.260127 -0.014369 -0.031269 57.709286 70.790423 -69.787273 -0.269108 0.006794 -0.006027 -3.747043 8.233878 -7.500269 -0.088753 -0.008651 -0.010107 -4.775480 4.894376 9.466125 
-0.195672 -0.090931 2.579474 -0.000000 0.000000 -0.000000 -0.197846 0.881792 2.608058 -175.463544 -4.074341 0.348427 0.058581 -0.082280 -0.017664 -16.987188 -0.959589 3.610613 0.043451 -0.386469 0.008036 31.267739 -4.997474 -5.743318 -0.014790 -0.426874 -0.037429 -4.124440 7.255024 -9.344854 0.041054 -0.060286 0.122042 -13.993377 2.787683 12.420386 -0.060310 -0.090513 -0.013542 -10.675551 4.496889 -7.702548 -0.043257 -0.383688 -0.004844 26.517825 12.942292 3.333470 0.019055 -0.420045 -0.034562 -0.461531 -6.420034 15.949339 -0.034840 -0.062105 0.130323 -9.487954 9.124611 -21.080947 0.004439 0.124403 -0.038385 6.403357 -1.169059 0.922971 0.004488 0.137956 0.026820 -3.712409 -3.549696 -0.510149 -0.002265 0.056032 0.002854 8.498872 -2.138254 -4.461767 -0.013390 0.211636 -0.033468 -10.417656 -0.679166 -1.303328 0.010113 0.088937 0.050409 6.982255 -0.231514 -1.438591 0.071703 0.114000 -0.018898 -5.199691 -15.921719 2.458309 0.122921 0.045205 -0.019046 -8.673640 -23.168664 -25.991281 0.255332 -0.015649 -0.022946 53.798641 -69.334288 64.788579 0.265709 0.012698 -0.007375 -4.087141 -9.456014 9.927087 0.086691 -0.010636 -0.015594 -2.847526 -3.476455 -8.833471 -0.082954 0.112472 -0.023707 -4.739706 11.146327 -5.590161 -0.113228 0.046853 -0.008471 1.770675 14.182215 30.395110 -0.260127 -0.014369 -0.031268 52.690419 70.364206 -64.946787 -0.269108 0.006794 -0.006027 -3.472692 8.261174 -7.617722 -0.088753 -0.008652 -0.010107 -4.805109 4.891029 9.385869 
-0.195672 -0.090931 2.579474 -0.000000 0.000000 -0.000000 -0.197846 0.881792 2.608058 -175.463544 -4.074341 0.348427 0.058581 -0.082280 -0.017664 -16.623101 -1.422762 2.793874 0.043452 -0.386470 0.008037 30.524150 -5.005996 -4.754808 -0.014790 -0.426874 -0.037427 -4.670173 7.370452 -9.114811 0.041054 -0.060286 0.122043 -14.221084 2.935608 12.400490 -0.060310 -0.090513 -0.013542 -11.968048 4.222305 -8.596503 -0.043257 -0.383688 -0.004843 26.377899 12.395031 3.470997 0.019056 -0.420045 -0.034562 0.893913 -6.744043 16.200927 -0.034840 -0.062105 0.130323 -9.352225 9.080649 -21.170989 0.004439 0.124403 -0.038385 6.517540 -1.346347 0.933439 0.004488 0.137956 0.026820 -3.748868 -3.629328 -0.161027 -0.002265 0.056033 0.002855 8.227423 -2.551185 -3.333048 -0.013390 0.211636 -0.033467 -10.228342 0.809441 -1.362177 0.010113 0.088937 0.050409 6.808064 0.897331 -1.628477 0.071702 0.114000 -0.018898 -5.455895 -17.213057 3.451540 0.122922 0.045205 -0.019047 -8.670450 -24.693297 -26.790526 0.255332 -0.015649 -0.022947 46.866757 -67.985360 56.220021 0.265708 0.012698 -0.007375 -4.046597 -9.381520 9.816235 0.086690 -0.010636 -0.015594 -2.853903 -3.503336 -8.723648 -0.082954 0.112472 -0.023707 -4.633801 11.768990 -5.621916 -0.113228 0.046854 -0.008471 0.815698 14.962609 30.406332 -0.260128 -0.014370 -0.031269 48.260884 69.753724 -60.722602 -0.269108 0.006794 -0.006027 -3.091230 8.229820 -7.703616 -0.088754 -0.008652 -0.010107 -4.856486 4.892897 9.328572 
-0.195672 -0.090931 2.579474 -0.000000 0.000000 -0.000000 -0.197846 0.881792 2.608058 -175.463544 -4.074341 0.348427 0.058581 -0.082280 -0.017664 -16.537657 -1.723453 1.880932 0.043451 -0.386469 0.008037 30.219984 -5.026200 -3.890421 -0.014790 -0.426874 -0.037427 -5.137790 7.418311 -8.837493 0.041054 -0.060286 0.122042 -14.471480 3.133081 12.349202 -0.060310 -0.090513 -0.013542 -13.348010 4.130076 -9.651089 -0.043257 -0.383688 -0.004843 26.899783 12.072850 3.508728 0.019056 -0.420046 -0.034561 2.144982 -7.019115 16.398524 -0.034840 -0.062105 0.130322 -9.224775 9.090166 -21.232490 0.004439 0.124404 -0.038385 6.686484 -1.519731 1.017038 0.004488 0.137956 0.026820 -3.787797 -3.725058 0.242746 -0.002265 0.056032 0.002855 7.852750 -3.056085 -2.230274 -0.013390 0.211636 -0.033467 -10.294717 2.435564 -1.409677 0.010113 0.088937 0.050410 6.684453 2.050177 -1.812644 0.071703 0.114000 -0.018897 -5.683374 -18.517080 4.153806 0.122922 0.045205 -0.019047 -9.020036 -26.386674 -28.301423 0.255332 -0.015649 -0.022946 40.728295 -66.173666 48.587350 0.265709 0.012698 -0.007375 -3.909004 -9.217745 9.697412 0.086690 -0.010636 -0.015594 -2.879606 -3.523680 -8.624240 -0.082954 0.112472 -0.023707 -4.500428 12.288913 -5.181418 -0.113228 0.046853 -0.008472 -0.042145 15.803133 30.559714 -0.260128 -0.014369 -0.031269 44.656405 69.080035 -57.084587 -0.269109 0.006794 -0.006027 -2.614285 8.151438 -7.708380 -0.088754 -0.008652 -0.010107 -4.931281 4.885058 9.263345 
-0.195672 -0.090931 2.579474 -0.000000 0.000000 -0.000000 -0.197846 0.881792 2.608058 -175.463544 -4.074341 0.348427 0.058581 -0.082280 -0.017664 -16.784297 -1.904538 0.983001 0.043451 -0.386469 0.008036 30.253452 -5.099550 -3.199583 -0.014790 -0.426874 -0.037428 -5.488567 7.448287 -8.528429 0.041054 -0.060286 0.122043 -14.710334 3.351180 12.290018 -0.060310 -0.090513 -0.013542 -14.593196 4.257574 -10.671120 -0.043257 -0.383688 -0.004843 28.096729 12.036780 3.428173 0.019055 -0.420046 -0.034562 3.167347 -7.190811 16.551780 -0.034840 -0.062105 0.130323 -9.100921 9.193383 -21.271480 0.004439 0.124403 -0.038385 6.886015 -1.664732 1.140268 0.004488 0.137957 0.026820 -3.829490 -3.809088 0.634336 -0.002265 0.056032 0.002855 7.455300 -3.596486 -1.354721 -0.013390 0.211636 -0.033467 -10.599881 4.131225 -1.438864 0.010113 0.088937 0.050410 6.642423 3.165075 -1.983523 0.071703 0.114000 -0.018898 -5.908537 -19.734238 4.552424 0.122921 0.045205 -0.019047 -9.736844 -28.238176 -30.288836 0.255332 -0.015649 -0.022946 35.946937 -64.200595 42.466028 0.265709 0.012698 -0.007375 -3.672630 -8.999761 9.553008 0.086691 -0.010636 -0.015594 -2.929015 -3.526480 -8.535252 -0.082954 0.112472 -0.023707 -4.291360 12.675070 -4.297859 -0.113228 0.046853 -0.008471 -0.492077 16.651962 30.780623 -0.260127 -0.014369 -0.031269 41.772529 68.452504 -53.654701 -0.269109 0.006794 -0.006027 -2.092126 8.042109 -7.589962 -0.088754 -0.008652 -0.010107 -5.021125 4.860962 9.177550 
-0.195672 -0.090931 2.579474 -0.000000 0.000000 -0.000000 -0.197846 0.881792 2.608058 -175.463544 -4.074341 0.348427 0.058581 -0.082280 -0.017664 -17.324203 -2.031043 0.170960 0.043451 -0.386470 0.008036 30.516670 -5.265033 -2.709682 -0.014790 -0.426874 -0.037428 -5.695492 7.514086 -8.198634 0.041054 -0.060286 0.122042 -14.917902 3.544761 12.234771 -0.060310 -0.090513 -0.013542 -15.427920 4.561478 -11.278387 -0.043257 -0.383688 -0.004842 29.891541 12.267595 3.179195 0.019056 -0.420045 -0.034562 3.866309 -7.243033 16.634779 -0.034840 -0.062105 0.130324 -9.010012 9.396134 -21.280810 0.004439 0.124404 -0.038385 7.084017 -1.772000 1.214758 0.004488 0.137956 0.026820 -3.878828 -3.871205 0.953714 -0.002265 0.056033 0.002855 7.075364 -4.116749 -0.841528 -0.013390 0.211636 -0.033468 -11.142618 5.799874 -1.458626 0.010113 0.088937 0.050410 6.649252 4.192277 -2.094183 0.071702 0.114000 -0.018898 -6.139393 -20.777849 4.697203 0.122921 0.045205 -0.019046 -10.772027 -30.101955 -32.671073 0.255332 -0.015649 -0.022946 32.524654 -62.336582 37.872224 0.265709 0.012698 -0.007375 -3.380283 -8.761166 9.377185 0.086691 -0.010636 -0.015594 -3.003263 -3.517748 -8.469704 -0.082954 0.112473 -0.023707 -3.937758 12.905403 -3.064077 -0.113228 0.046853 -0.008472 -0.294883 17.418512 31.129823 -0.260127 -0.014369 -0.031270 39.457497 67.872676 -50.110683 -0.269109 0.006794 -0.006027 -1.575312 7.919149 -7.341672 -0.088754 -0.008651 -0.010107 -5.117327 4.828487 9.080576 
-0.195672 -0.090931 2.579474 -0.000000 0.000000 -0.000000 -0.197846 0.881792 2.608058 -175.463544 -4.074341 0.348427 0.058581 -0.082280 -0.017664 -18.054418 -2.129748 -0.474488 0.043451 -0.386469 0.008037 30.939575 -5.503677 -2.433218 -0.014790 -0.426874 -0.037428 -5.723278 7.658865 -7.882101 0.041054 -0.060286 0.122043 -15.082572 3.695458 12.190215 -0.060310 -0.090513 -0.013542 -15.750010 4.906748 -11.130485 -0.043257 -0.383688 -0.004843 32.007151 12.669251 2.841731 0.019056 -0.420046 -0.034561 4.198858 -7.161412 16.633667 -0.034840 -0.062105 0.130324 -8.982532 9.657856 -21.244494 0.004439 0.124403 -0.038385 7.274040 -1.827975 1.151330 0.004488 0.137957 0.026821 -3.941962 -3.894507 1.161216 -0.002265 0.056032 0.002855 6.715006 -4.531781 -0.669785 -0.013390 0.211636 -0.033467 -11.871310 7.301662 -1.452764 0.010113 0.088938 0.050410 6.646370 5.065048 -2.072333 0.071702 0.114000 -0.018898 -6.375008 -21.558258 4.631398 0.122921 0.045205 -0.019046 -11.999211 -31.705130 -35.246532 0.255332 -0.015649 -0.022946 30.272833 -60.804509 34.710813 0.265709 0.012698 -0.007375 -3.089867 -8.532154 9.212680 0.086690 -0.010636 -0.015594 -3.093555 -3.506710 -8.435428 -0.082954 0.112473 -0.023707 -3.403702 12.983548 -1.671320 -0.113228 0.046853 -0.008472 0.585973 17.964425 31.630377 -0.260127 -0.014369 -0.031269 37.602773 67.272507 -46.443695 -0.269108 0.006794 -0.006027 -1.120235 7.800615 -7.022696 -0.088754 -0.008652 -0.010107 -5.206031 4.803562 8.990813 
-0.195672 -0.090931 2.579474 -0.000000 0.000000 -0.000000 -0.197846 0.881792 2.608058 -175.463544 -4.074341 0.348427 0.058581 -0.082280 -0.017664 -18.909700 -2.177269 -0.893213 0.043451 -0.386469 0.008037 31.489197 -5.760299 -2.352199 -0.014790 -0.426874 -0.037428 -5.552456 7.924980 -7.622676 0.041054 -0.060286 0.122043 -15.199191 3.823977 12.172755 -0.060310 -0.090513 -0.013542 -15.767113 5.182357 -10.172916 -0.043257 -0.383688 -0.004842 34.097401 13.145088 2.580031 0.019055 -0.420045 -0.034562 4.262322 -6.938528 16.584143 -0.034840 -0.062105 0.130324 -9.000846 9.928579 -21.173482 0.004439 0.124403 -0.038385 7.495481 -1.823644 0.922458 0.004488 0.137957 0.026820 -4.006916 -3.858496 1.271107 -0.002265 0.056032 0.002855 6.381282 -4.766948 -0.637297 -0.013390 0.211635 -0.033467 -12.684282 8.569562 -1.412027 0.010113 0.088937 0.050410 6.598787 5.752206 -1.886921 0.071702 0.113999 -0.018898 -6.603897 -22.070751 4.387644 0.122921 0.045205 -0.019045 -13.259346 -32.897336 -37.674958 0.255332 -0.015649 -0.022946 28.733127 -59.627196 32.541501 0.265709 0.012698 -0.007375 -2.820057 -8.327023 9.109074 0.086691 -0.010636 -0.015594 -3.195517 -3.494211 -8.421274 -0.082954 0.112472 -0.023707 -2.720482 12.962761 -0.304776 -0.113228 0.046853 -0.008472 2.007968 18.207271 32.187099 -0.260127 -0.014369 -0.031269 35.990770 66.549374 -42.673540 -0.269109 0.006794 -0.006027 -0.745977 7.700433 -6.707028 -0.088754 -0.008652 -0.010107 -5.281012 4.795329 8.914402 
-0.195672 -0.090931 2.579474 -0.000000 0.000000 -0.000000 -0.197846 0.881792 2.608058 -175.463544 -4.074341 0.348427 0.058581 -0.082280 -0.017664 -19.857387 -2.152779 -1.082132 0.043451 -0.386469 0.008037 32.195207 -5.997659 -2.403588 -0.014790 -0.426874 -0.037427 -5.190698 8.355660 -7.432162 0.041054 -0.060286 0.122043 -15.270129 3.953928 12.193172 -0.060310 -0.090513 -0.013542 -15.730648 5.367068 -8.574551 -0.043257 -0.383688 -0.004843 35.957128 13.618988 2.449579 0.019056 -0.420045 -0.034561 4.162587 -6.631051 16.504788 -0.034840 -0.062106 0.130323 -9.038706 10.176460 -21.086660 0.004439 0.124404 -0.038385 7.780916 -1.764174 0.572643 0.004488 0.137957 0.026820 -4.070532 -3.755331 1.322911 -0.002264 0.056032 0.002856 6.039624 -4.797499 -0.527980 -0.013390 0.211635 -0.033468 -13.469117 9.597579 -1.372314 0.010113 0.088937 0.050410 6.510422 6.249283 -1.572608 0.071702 0.114000 -0.018898 -6.831988 -22.339083 4.007492 0.122921 0.045205 -0.019046 -14.425833 -33.644047 -39.716228 0.255332 -0.015650 -0.022947 27.452086 -58.659311 30.857357 0.265709 0.012699 -0.007375 -2.562494 -8.136675 9.072317 0.086691 -0.010636 -0.015594 -3.313899 -3.478935 -8.413694 -0.082954 0.112472 -0.023708 -1.955693 12.870091 0.963628 -0.113228 0.046853 -0.008472 3.721654 18.138691 32.734375 -0.260127 -0.014370 -0.031269 34.420919 65.636711 -38.835247 -0.269109 0.006794 -0.006027 -0.433976 7.619138 -6.431361 -0.088753 -0.008652 -0.010107 -5.344297 4.801995 8.851047 
-0.195672 -0.090931 2.579474 -0.000000 0.000000 -0.000000 -0.197846 0.881792 2.608058 -175.463544 -4.074341 0.348427 0.058581 -0.082280 -0.017664 -20.816398 -2.074772 -1.081015 0.043451 -0.386470 0.008037 33.095613 -6.190256 -2.524444 -0.014790 -0.426874 -0.037428 -4.710917 8.960046 -7.282514 0.041054 -0.060286 0.122043 -15.301784 4.093870 12.232651 -0.060310 -0.090513 -0.013542 -15.771235 5.483804 -6.619021 -0.043257 -0.383688 -0.004843 37.446167 14.013834 2.374886 0.019055 -0.420045 -0.034561 3.990930 -6.358181 16.378491 -0.034840 -0.062106 0.130323 -9.079049 10.383452 -21.000320 0.004439 0.124404 -0.038385 8.105837 -1.658032 0.188143 0.004489 0.137957 0.026821 -4.147344 -3.589252 1.352966 -0.002265 0.056032 0.002855 5.662462 -4.641027 -0.218185 -0.013390 0.211636 -0.033467 -14.141895 10.356434 -1.360124 0.010113 0.088937 0.050410 6.422017 6.543086 -1.192033 0.071703 0.114000 -0.018897 -7.077096 -22.357192 3.526216 0.122921 0.045205 -0.019046 -15.370140 -33.880467 -41.146979 0.255332 -0.015649 -0.022946 26.192823 -57.792847 29.420849 0.265709 0.012698 -0.007375 -2.318899 -7.951352 9.078831 0.086690 -0.010636 -0.015594 -3.438189 -3.464680 -8.406858 -0.082954 0.112473 -0.023706 -1.198903 12.686919 2.079924 -0.113228 0.046853 -0.008472 5.454481 17.733468 33.213424 -0.260127 -0.014369 -0.031269 32.811310 64.556981 -35.134018 -0.269108 0.006794 -0.006027 -0.177880 7.547683 -6.208356 -0.088754 -0.008652 -0.010107 -5.387503 4.820085 8.800677 
-0.195672 -0.090931 2.579474 -0.000000 0.000000 -0.000000 -0.197846 0.881792 2.608058 -175.463544 -4.074341 0.348427 0.058581 -0.082280 -0.017664 -21.644620 -1.973685 -0.965607 0.043452 -0.386469 0.008036 34.099351 -6.303956 -2.662784 -0.014790 -0.426875 -0.037429 -4.219349 9.711742 -7.141084 0.041054 -0.060286 0.122043 -15.291533 4.237079 12.263727 -0.060310 -0.090513 -0.013542 -15.863715 5.546676 -4.622033 -0.043257 -0.383688 -0.004842 38.481149 14.287591 2.273323 0.019056 -0.420046 -0.034562 3.855892 -6.203722 16.200193 -0.034840 -0.062106 0.130323 -9.100420 10.538041 -20.924267 0.004439 0.124403 -0.038385 8.421727 -1.503499 -0.154541 0.004488 0.137956 0.026820 -4.249794 -3.367385 1.398166 -0.002265 0.056032 0.002856 5.231359 -4.341864 0.315504 -0.013390 0.211635 -0.033467 -14.628194 10.813547 -1.347617 0.010113 0.088937 0.050411 6.408793 6.637963 -0.803608 0.071703 0.113999 -0.018897 -7.363606 -22.129147 2.963843 0.122922 0.045205 -0.019046 -15.959710 -33.580622 -41.740724 0.255331 -0.015649 -0.022946 24.901763 -57.020622 28.201351 0.265709 0.012698 -0.007375 -2.100392 -7.778136 9.097319 0.086691 -0.010636 -0.015594 -3.552700 -3.458105 -8.409453 -0.082954 0.112472 -0.023707 -0.553275 12.402253 3.003479 -0.113228 0.046853 -0.008471 6.962412 16.992964 33.547673 -0.260128 -0.014369 -0.031269 31.127556 63.413887 -31.847792 -0.269109 0.006794 -0.006027 0.008936 7.477823 -6.041822 -0.088754 -0.008652 -0.010107 -5.399868 4.847481 8.770238 
-0.195672 -0.090931 2.579474 -0.000000 0.000000 -0.000000 -0.197846 0.881792 2.608058 -175.463544 -4.074341 0.348427 0.058581 -0.082280 -0.017664 -22.265203 -1.892686 -0.793661 0.043451 -0.386469 0.008036 35.086815 -6.336267 -2.765092 -0.014790 -0.426875 -0.037429 -3.735838 10.552285 -7.003977 0.041054 -0.060286 0.122043 -15.223523 4.364963 12.274540 -0.060310 -0.090513 -0.013542 -15.888169 5.527054 -2.747601 -0.043257 -0.383688 -0.004844 39.105394 14.435852 2.170204 0.019056 -0.420046 -0.034562 3.802487 -6.173705 15.985508 -0.034840 -0.062106 0.130323 -9.095762 10.636675 -20.846431 0.004439 0.124403 -0.038385 8.703275 -1.286707 -0.442280 0.004488 0.137956 0.026820 -4.380887 -3.094020 1.479183 -0.002265 0.056032 0.002855 4.724135 -3.922043 1.018361 -0.013390 0.211636 -0.033467 -14.891236 10.990521 -1.308988 0.010113 0.088938 0.050411 6.512021 6.554104 -0.456578 0.071703 0.114000 -0.018898 -7.699621 -21.684609 2.351284 0.122922 0.045205 -0.019046 -16.107341 -32.805808 -41.358120 0.255332 -0.015649 -0.022946 23.575858 -56.358199 27.164526 0.265710 0.012698 -0.007374 -1.893235 -7.624197 9.113528 0.086691 -0.010636 -0.015595 -3.652591 -3.459806 -8.428793 -0.082954 0.112473 -0.023707 -0.080273 12.032058 3.766690 -0.113228 0.046854 -0.008472 8.138198 16.000031 33.751001 -0.260128 -0.014369 -0.031269 29.351211 62.287480 -29.082150 -0.269109 0.006794 -0.006027 0.117019 7.399964 -5.918912 -0.088754 -0.008652 -0.010107 -5.378845 4.880621 8.764074 
-0.195672 -0.090931 2.579474 -0.000000 0.000000 -0.000000 -0.197846 0.881792 2.608058 -175.463544 -4.074341 0.348427 0.058581 -0.082280 -0.017664 -22.696464 -1.906018 -0.594608 0.043452 -0.386469 0.008036 36.071236 -6.337837 -2.782332 -0.014790 -0.426874 -0.037429 -3.181675 11.430480 -6.880481 0.041054 -0.060286 0.122042 -15.080282 4.463582 12.269283 -0.060310 -0.090513 -0.013542 -15.800881 5.422516 -0.950495 -0.043257 -0.383688 -0.004842 39.458006 14.485037 2.100115 0.019056 -0.420046 -0.034562 3.838167 -6.244024 15.748789 -0.034840 -0.062105 0.130324 -9.067667 10.693576 -20.752292 0.004439 0.124404 -0.038385 8.954572 -0.980692 -0.707260 0.004488 0.137956 0.026820 -4.533626 -2.752991 1.607924 -0.002265 0.056033 0.002855 4.130948 -3.331666 1.879667 -0.013390 0.211636 -0.033468 -14.971068 10.936496 -1.239918 0.010113 0.088937 0.050410 6.736971 6.286084 -0.191855 0.071703 0.114000 -0.018898 -8.085664 -21.014902 1.692893 0.122921 0.045205 -0.019046 -15.746953 -31.549972 -39.895733 0.255332 -0.015649 -0.022946 22.134574 -55.780034 26.163163 0.265709 0.012698 -0.007375 -1.661376 -7.474639 9.115453 0.086691 -0.010636 -0.015594 -3.748348 -3.463742 -8.464965 -0.082953 0.112473 -0.023707 0.221796 11.585452 4.462002 -0.113228 0.046853 -0.008473 9.036280 14.839653 33.912763 -0.260127 -0.014369 -0.031269 27.423133 61.160990 -26.698542 -0.269109 0.006794 -0.006027 0.146234 7.296928 -5.810196 -0.088754 -0.008651 -0.010107 -5.326199 4.915760 8.781446 
-0.195672 -0.090931 2.579474 -0.000000 0.000000 -0.000000 -0.197846 0.881792 2.608058 -175.463544 -4.074341 0.348427 0.058581 -0.082280 -0.017664 -22.911975 -2.104877 -0.406120 0.043451 -0.386469 0.008038 37.045638 -6.366464 -2.683939 -0.014790 -0.426875 -0.037428 -2.483880 12.221824 -6.802996 0.041054 -0.060286 0.122043 -14.844110 4.515877 12.257107 -0.060310 -0.090513 -0.013542 -15.623351 5.286770 0.678813 -0.043257 -0.383688 -0.004843 39.594064 14.470989 2.058200 0.019056 -0.420046 -0.034562 3.959051 -6.385412 15.518180 -0.034840 -0.062106 0.130323 -9.006264 10.731630 -20.630523 0.004439 0.124403 -0.038385 9.184813 -0.583226 -0.947809 0.004489 0.137956 0.026819 -4.664996 -2.347880 1.766432 -0.002265 0.056032 0.002855 3.546535 -2.538029 2.836477 -0.013390 0.211636 -0.033467 -14.923340 10.682566 -1.129348 0.010113 0.088937 0.050411 7.060350 5.831576 -0.068566 0.071703 0.114000 -0.018898 -8.509039 -20.113510 1.000548 0.122921 0.045205 -0.019046 -14.842133 -29.787746 -37.305691 0.255332 -0.015649 -0.022947 20.547005 -55.301586 25.110224 0.265709 0.012698 -0.007375 -1.393465 -7.318520 9.098138 0.086691 -0.010636 -0.015594 -3.848489 -3.458831 -8.512269 -0.082954 0.112473 -0.023707 0.352611 11.079281 5.126893 -0.113228 0.046854 -0.008471 9.645300 13.676242 34.132740 -0.260127 -0.014369 -0.031270 25.449561 60.152540 -24.785479 -0.269109 0.006794 -0.006027 0.087214 7.159205 -5.710915 -0.088754 -0.008652 -0.010107 -5.241363 4.944794 8.818582 
-0.195672 -0.090931 2.579474 -0.000000 0.000000 -0.000000 -0.197846 0.881792 2.608058 -175.463544 -4.074341 0.348427 0.058581 -0.082280 -0.017664 -22.863353 -2.527898 -0.287625 0.043452 -0.386469 0.008036 37.937569 -6.482773 -2.486508 -0.014790 -0.426875 -0.037428 -1.632779 12.742450 -6.813832 0.041054 -0.060286 0.122042 -14.517743 4.505161 12.268534 -0.060310 -0.090513 -0.013542 -15.427724 5.202398 1.868165 -0.043257 -0.383688 -0.004844 39.610504 14.456973 2.028322 0.019055 -0.420046 -0.034561 4.117969 -6.536029 15.331292 -0.034840 -0.062106 0.130323 -8.922852 10.771723 -20.477170 0.004439 0.124404 -0.038385 9.382522 -0.152483 -1.125441 0.004488 0.137956 0.026821 -4.722989 -1.930852 1.904013 -0.002265 0.056032 0.002855 3.173997 -1.645346 3.691420 -0.013390 0.211636 -0.033467 -14.811320 10.304560 -0.952814 0.010113 0.088937 0.050410 7.408568 5.278116 -0.097969 0.071702 0.114000 -0.018898 -8.950371 -19.085616 0.357417 0.122921 0.045205 -0.019046 -13.583931 -27.698312 -34.023737 0.255331 -0.015649 -0.022947 18.986755 -54.968106 24.085837 0.265709 0.012698 -0.007375 -1.125812 -7.164682 9.068208 0.086691 -0.010636 -0.015594 -3.955005 -3.433450 -8.556503 -0.082954 0.112472 -0.023707 0.354181 10.570837 5.720896 -0.113228 0.046854 -0.008472 9.928568 12.742111 34.449019 -0.260127 -0.014369 -0.031269 23.740771 59.504663 -23.563403 -0.269108 0.006794 -0.006027 -0.045612 7.002485 -5.639031 -0.088754 -0.008651 -0.010107 -5.130494 4.957159 8.855980 
-0.195672 -0.090931 2.579474 -0.000000 0.000000 -0.000000 -0.197846 0.881792 2.608058 -175.463544 -4.074341 0.348427 0.058581 -0.082280 -0.017664 -22.563986 -3.134114 -0.284545 0.043451 -0.386470 0.008037 38.688708 -6.747825 -2.214211 -0.014790 -0.426874 -0.037428 -0.667299 12.955554 -6.912489 0.041054 -0.060286 0.122043 -14.131199 4.428771 12.352640 -0.060310 -0.090513 -0.013542 -15.274296 5.212022 2.480332 -0.043257 -0.383688 -0.004842 39.709292 14.517080 1.972576 0.019056 -0.420046 -0.034562 4.247977 -6.650398 15.184600 -0.034840 -0.062106 0.130323 -8.866414 10.815134 -20.287192 0.004439 0.124404 -0.038385 9.526958 0.243825 -1.220825 0.004488 0.137957 0.026820 -4.702179 -1.553710 1.994762 -0.002265 0.056033 0.002855 3.126809 -0.827209 4.298283 -0.013390 0.211636 -0.033467 -14.697575 9.877560 -0.647893 0.010113 0.088938 0.050409 7.710694 4.740569 -0.208345 0.071703 0.114000 -0.018897 -9.402595 -18.029147 -0.173878 0.122922 0.045205 -0.019046 -12.250606 -25.506781 -30.666313 0.255331 -0.015649 -0.022946 17.604637 -54.774719 23.177733 0.265710 0.012698 -0.007375 -0.914322 -7.021080 8.999758 0.086690 -0.010636 -0.015594 -4.070633 -3.384002 -8.593048 -0.082954 0.112472 -0.023707 0.306951 10.081591 6.235320 -0.113228 0.046853 -0.008472 9.915660 12.109836 34.844442 -0.260127 -0.014369 -0.031269 22.399662 59.268898 -22.964897 -0.269108 0.006794 -0.006027 -0.225306 6.841183 -5.578205 -0.088754 -0.008651 -0.010107 -5.000425 4.949728 8.871748 
-0.195672 -0.090931 2.579474 -0.000000 0.000000 -0.000000 -0.197846 0.881792 2.608058 -175.463544 -4.074341 0.348427 0.058581 -0.082280 -0.017664 -22.067445 -3.836650 -0.407231 0.043451 -0.386469 0.008037 39.219779 -7.190628 -1.907557 -0.014790 -0.426875 -0.037428 0.307471 12.892569 -7.071773 0.041054 -0.060286 0.122043 -13.750912 4.292466 12.545423 -0.060310 -0.090513 -0.013542 -15.170711 5.328428 2.487524 -0.043257 -0.383688 -0.004842 40.037749 14.712226 1.817209 0.019056 -0.420046 -0.034562 4.292388 -6.716491 15.062765 -0.034840 -0.062105 0.130323 -8.884782 10.853561 -20.075727 0.004439 0.124403 -0.038385 9.599472 0.548025 -1.232425 0.004488 0.137956 0.026820 -4.606320 -1.266813 2.037820 -0.002265 0.056033 0.002855 3.433080 -0.245790 4.587512 -0.013390 0.211636 -0.033467 -14.618452 9.443934 -0.176392 0.010113 0.088937 0.050409 7.924311 4.302377 -0.329106 0.071703 0.114000 -0.018898 -9.802135 -17.009464 -0.569877 0.122921 0.045205 -0.019046 -11.031652 -23.421414 -27.717203 0.255332 -0.015649 -0.022947 16.469961 -54.676552 22.433155 0.265709 0.012698 -0.007375 -0.809707 -6.894022 8.852339 0.086691 -0.010636 -0.015594 -4.188172 -3.315921 -8.627769 -0.082954 0.112473 -0.023707 0.261048 9.606838 6.679471 -0.113228 0.046853 -0.008471 9.677985 11.747627 35.326117 -0.260128 -0.014369 -0.031270 21.431933 59.373666 -22.860602 -0.269109 0.006794 -0.006027 -0.437860 6.685495 -5.490077 -0.088753 -0.008651 -0.010107 -4.857799 4.928302 8.859233 
-0.195672 -0.090931 2.579474 -0.000000 0.000000 -0.000000 -0.197846 0.881792 2.608058 -175.463544 -4.074341 0.348427 0.058581 -0.082280 -0.017664 -21.423133 -4.612034 -0.641283 0.043451 -0.386469 0.008037 39.498991 -7.838686 -1.631590 -0.014790 -0.426874 -0.037428 1.194607 12.542641 -7.274980 0.041054 -0.060286 0.122043 -13.443924 4.097160 12.853292 -0.060310 -0.090513 -0.013542 -15.097913 5.559332 1.946741 -0.043257 -0.383688 -0.004844 40.615402 15.047521 1.447522 0.019055 -0.420046 -0.034562 4.267464 -6.752984 14.961664 -0.034840 -0.062106 0.130323 -9.009783 10.867229 -19.862347 0.004439 0.124403 -0.038385 9.612673 0.744201 -1.194789 0.004488 0.137956 0.026820 -4.418965 -1.075973 2.019773 -0.002265 0.056032 0.002854 4.070835 0.069276 4.559650 -0.013390 0.211636 -0.033468 -14.548378 8.977505 0.447148 0.010113 0.088937 0.050410 8.061917 3.993330 -0.448456 0.071702 0.114000 -0.018899 -10.039929 -15.983536 -0.864184 0.122922 0.045205 -0.019046 -9.898122 -21.471856 -25.316163 0.255332 -0.015649 -0.022947 15.594642 -54.657930 21.873052 0.265709 0.012698 -0.007375 -0.855766 -6.777422 8.595371 0.086691 -0.010636 -0.015594 -4.295242 -3.239093 -8.672094 -0.082954 0.112473 -0.023708 0.231368 9.108774 7.076222 -0.113228 0.046853 -0.008471 9.238604 11.589838 35.951838 -0.260127 -0.014369 -0.031269 20.760903 59.724622 -23.179415 -0.269108 0.006794 -0.006027 -0.689593 6.532476 -5.356087 -0.088754 -0.008652 -0.010107 -4.706087 4.900672 8.834153 
-0.195672 -0.090931 2.579474 -0.000000 0.000000 -0.000000 -0.197846 0.881792 2.608058 -175.463544 -4.074341 0.348427 0.058581 -0.082280 -0.017664 -20.673077 -5.466282 -0.973087 0.043451 -0.386469 0.008037 39.567426 -8.738189 -1.453775 -0.014790 -0.426874 -0.037428 1.919142 11.856840 -7.502118 0.041054 -0.060286 0.122042 -13.236265 3.828502 13.244285 -0.060310 -0.090513 -0.013542 -15.016519 5.932916 0.957961 -0.043257 -0.383688 -0.004843 41.389252 15.449649 0.714857 0.019056 -0.420046 -0.034562 4.255236 -6.794547 14.873073 -0.034840 -0.062105 0.130323 -9.262116 10.831856 -19.653313 0.004439 0.124403 -0.038385 9.592437 0.857476 -1.158201 0.004488 0.137957 0.026821 -4.138615 -0.929899 1.898508 -0.002265 0.056032 0.002855 4.954804 0.189900 4.246456 -0.013390 0.211636 -0.033467 -14.427291 8.389360 1.166103 0.010113 0.088938 0.050409 8.141453 3.803157 -0.585645 0.071702 0.114000 -0.018898 -10.010302 -14.827958 -1.117241 0.122921 0.045205 -0.019046 -8.759773 -19.611958 -23.466302 0.255331 -0.015649 -0.022946 14.919607 -54.790780 21.520907 0.265710 0.012698 -0.007375 -1.081712 -6.647067 8.223063 0.086691 -0.010636 -0.015594 -4.374518 -3.163104 -8.735043 -0.082954 0.112472 -0.023708 0.192358 8.568261 7.437230 -0.113228 0.046853 -0.008471 8.497381 11.664980 36.809368 -0.260127 -0.014369 -0.031269 20.296332 60.249604 -23.898709 -0.269108 0.006794 -0.006027 -0.989529 6.364254 -5.185585 -0.088753 -0.008652 -0.010107 -4.545621 4.867964 8.820143 
-0.195672 -0.090931 2.579474 -0.000000 0.000000 -0.000000 -0.197846 0.881792 2.608058 -175.463544 -4.074341 0.348427 0.058581 -0.082280 -0.017664 -19.747820 -6.270970 -1.413906 0.043452 -0.386470 0.008037 39.451115 -9.819980 -1.376178 -0.014790 -0.426875 -0.037429 2.403283 10.871270 -7.687777 0.041054 -0.060286 0.122042 -13.123268 3.495813 13.613772 -0.060310 -0.090513 -0.013542 -14.894440 6.490309 -0.307502 -0.043257 -0.383688 -0.004843 42.321543 15.805362 -0.421680 0.019056 -0.420046 -0.034562 4.263420 -6.853453 14.766727 -0.034840 -0.062105 0.130324 -9.622598 10.766338 -19.463213 0.004439 0.124403 -0.038385 9.503081 0.896369 -1.106094 0.004488 0.137956 0.026820 -3.814128 -0.813437 1.685640 -0.002265 0.056032 0.002855 5.881678 0.127697 3.740798 -0.013390 0.211636 -0.033467 -14.149796 7.631811 1.847558 0.010113 0.088937 0.050410 8.200087 3.662650 -0.750178 0.071703 0.114000 -0.018898 -9.725850 -13.638617 -1.357243 0.122921 0.045205 -0.019045 -7.761736 -18.120815 -22.249251 0.255332 -0.015649 -0.022947 14.406334 -55.155847 21.441168 0.265709 0.012698 -0.007375 -1.447880 -6.494401 7.803009 0.086690 -0.010636 -0.015594 -4.392572 -3.097288 -8.809505 -0.082954 0.112473 -0.023707 0.102435 8.085847 7.709306 -0.113228 0.046853 -0.008472 7.436184 12.104419 37.959521 -0.260127 -0.014369 -0.031268 20.160797 60.935826 -25.045054 -0.269109 0.006794 -0.006027 -1.334518 6.179457 -5.003278 -0.088754 -0.008652 -0.010107 -4.376047 4.835705 8.826735 
-0.195672 -0.090931 2.579474 -0.000000 0.000000 -0.000000 -0.197846 0.881792 2.608058 -175.463544 -4.074341 0.348427 0.058581 -0.082280 -0.017664 -18.526395 -6.895235 -1.986031 0.043451 -0.386469 0.008036 39.133456 -10.946041 -1.352861 -0.014791 -0.426874 -0.037429 2.616863 9.714805 -7.778256 0.041054 -0.060287 0.122042 -13.091806 3.144515 13.848494 -0.060310 -0.090513 -0.013542 -14.729342 7.226285 -1.689582 -0.043257 -0.383688 -0.004842 43.424557 16.059527 -1.828952 0.019055 -0.420046 -0.034562 4.191120 -6.916005 14.622732 -0.034840 -0.062106 0.130323 -10.049067 10.718696 -19.290268 0.004439 0.124403 -0.038385 9.266642 0.849447 -0.979849 0.004488 0.137956 0.026821 -3.490312 -0.759371 1.440215 -0.002265 0.056033 0.002855 6.669167 -0.142187 3.145358 -0.013390 0.211636 -0.033467 -13.621005 6.731968 2.382965 0.010113 0.088938 0.050409 8.318802 3.483810 -0.945157 0.071702 0.114000 -0.018897 -9.309331 -12.659441 -1.577460 0.122922 0.045205 -0.019046 -7.071845 -17.343756 -21.662104 0.255332 -0.015649 -0.022946 14.140241 -55.797335 21.701451 0.265709 0.012698 -0.007375 -1.874908 -6.338597 7.415696 0.086691 -0.010636 -0.015594 -4.332715 -3.044757 -8.882261 -0.082954 0.112473 -0.023706 -0.035729 7.758695 7.807056 -0.113228 0.046853 -0.008471 6.197327 12.895630 39.295765 -0.260127 -0.014369 -0.031269 20.454065 61.747116 -26.574156 -0.269108 0.006794 -0.006027 -1.712134 5.995195 -4.829508 -0.088754 -0.008651 -0.010107 -4.197911 4.814468 8.848536 
-0.195672 -0.090931 2.579474 -0.000000 0.000000 -0.000000 -0.197846 0.881792 2.608058 -175.463544 -4.074341 0.348427 0.058581 -0.082280 -0.017664 -17.048714 -7.307895 -2.693207 0.043451 -0.386469 0.008037 38.656610 -12.014747 -1.385541 -0.014790 -0.426875 -0.037428 2.597892 8.518857 -7.764079 0.041054 -0.060286 0.122042 -13.128011 2.828709 13.891234 -0.060310 -0.090513 -0.013542 -14.535971 8.069717 -3.071962 -0.043257 -0.383688 -0.004843 44.683063 16.187113 -3.334020 0.019055 -0.420046 -0.034563 3.943928 -6.974817 14.446342 -0.034840 -0.062106 0.130323 -10.510840 10.712919 -19.114006 0.004439 0.124403 -0.038385 8.886658 0.722350 -0.764948 0.004488 0.137956 0.026820 -3.179676 -0.779569 1.185899 -0.002265 0.056033 0.002855 7.271969 -0.597622 2.514860 -0.013390 0.211636 -0.033468 -12.837916 5.754862 2.735316 0.010113 0.088938 0.050410 8.545802 3.243157 -1.164029 0.071702 0.114000 -0.018898 -8.858440 -12.017370 -1.778572 0.122921 0.045205 -0.019046 -6.690373 -17.345701 -21.661202 0.255332 -0.015649 -0.022946 14.252056 -56.731319 22.349267 0.265709 0.012698 -0.007375 -2.311861 -6.194675 7.104106 0.086691 -0.010636 -0.015594 -4.210053 -3.005385 -8.951389 -0.082954 0.112473 -0.023707 -0.208899 7.587971 7.684236 -0.113228 0.046853 -0.008471 4.928248 13.855089 40.636965 -0.260127 -0.014369 -0.031269 21.094259 62.584265 -28.364109 -0.269108 0.006793 -0.006027 -2.096719 5.822036 -4.682763 -0.088754 -0.008652 -0.010107 -4.023575 4.810854 8.886138 
-0.195672 -0.090931 2.579474 -0.000000 0.000000 -0.000000 -0.197846 0.881792 2.608058 -175.463544 -4.074341 0.348427 0.058581 -0.082280 -0.017664 -15.438058 -7.548425 -3.543251 0.043452 -0.386469 0.008038 38.144397 -12.963907 -1.476626 -0.014790 -0.426874 -0.037428 2.419562 7.380263 -7.654030 0.041054 -0.060286 0.122042 -13.222288 2.580001 13.736987 -0.060310 -0.090513 -0.013542 -14.307390 8.932905 -4.359241 -0.043257 -0.383688 -0.004843 46.008315 16.169558 -4.801410 0.019056 -0.420046 -0.034562 3.483946 -7.025817 14.242441 -0.034840 -0.062106 0.130323 -10.995060 10.736085 -18.914867 0.004439 0.124404 -0.038385 8.444229 0.536237 -0.481911 0.004489 0.137957 0.026820 -2.878615 -0.859041 0.923601 -0.002265 0.056032 0.002855 7.717280 -1.171753 1.872239 -0.013390 0.211636 -0.033467 -11.851759 4.734623 2.907420 0.010113 0.088937 0.050410 8.869305 2.938474 -1.388887 0.071702 0.114000 -0.018898 -8.418658 -11.692749 -1.986294 0.122921 0.045205 -0.019046 -6.536824 -17.983009 -22.213884 0.255331 -0.015649 -0.022946 14.832307 -57.924840 23.411809 0.265710 0.012698 -0.007375 -2.739822 -6.066212 6.880024 0.086691 -0.010636 -0.015594 -4.047966 -2.980339 -9.024032 -0.082954 0.112472 -0.023707 -0.423646 7.525693 7.348850 -0.113228 0.046853 -0.008472 3.732643 14.831503 41.884001 -0.260128 -0.014369 -0.031269 22.025847 63.374942 -30.329154 -0.269109 0.006794 -0.006027 -2.460221 5.662268 -4.576462 -0.088754 -0.008651 -0.010107 -3.871775 4.823766 8.947475 
-0.195672 -0.090931 2.579474 -0.000000 0.000000 -0.000000 -0.197846 0.881792 2.608058 -175.463544 -4.074341 0.348427 0.058581 -0.082280 -0.017664 -13.827237 -7.692867 -4.522710 0.043452 -0.386469 0.008037 37.718832 -13.739534 -1.579576 -0.014791 -0.426874 -0.037428 2.150873 6.388654 -7.467722 0.041054 -0.060286 0.122042 -13.375590 2.405028 13.417038 -0.060310 -0.090513 -0.013542 -14.000655 9.745612 -5.451425 -0.043257 -0.383688 -0.004843 47.246556 16.013585 -6.142535 0.019056 -0.420045 -0.034562 2.815942 -7.059344 14.009819 -0.034840 -0.062106 0.130323 -11.490919 10.749340 -18.680636 0.004439 0.124403 -0.038385 8.012276 0.316675 -0.161424 0.004488 0.137956 0.026820 -2.583230 -0.969438 0.656816 -0.002265 0.056033 0.002854 8.035920 -1.778293 1.228158 -0.013390 0.211636 -0.033467 -10.730218 3.646640 2.915092 0.010113 0.088937 0.050409 9.243251 2.533218 -1.588130 0.071702 0.114000 -0.018898 -8.010162 -11.594028 -2.239584 0.122921 0.045205 -0.019046 -6.510624 -19.056146 -23.311132 0.255332 -0.015649 -0.022946 15.936554 -59.280059 24.856614 0.265709 0.012698 -0.007375 -3.149252 -5.958534 6.735075 0.086690 -0.010636 -0.015594 -3.867789 -2.975342 -9.108124 -0.082954 0.112472 -0.023707 -0.690529 7.534109 6.841888 -0.113228 0.046853 -0.008471 2.696433 15.761228 42.955702 -0.260128 -0.014369 -0.031269 23.243323 64.079783 -32.381275 -0.269109 0.006794 -0.006027 -2.771145 5.523642 -4.523391 -0.088754 -0.008652 -0.010107 -3.760214 4.847033 9.039580 
-0.195672 -0.090931 2.579474 -0.000000 0.000000 -0.000000 -0.197846 0.881792 2.608058 -175.463544 -4.074341 0.348427 0.058581 -0.082280 -0.017664 -12.343098 -7.819464 -5.574374 0.043452 -0.386469 0.008036 37.473020 -14.314482 -1.633472 -0.014790 -0.426875 -0.037428 1.846456 5.596015 -7.231753 0.041054 -0.060287 0.122043 -13.601687 2.302673 12.999385 -0.060310 -0.090513 -0.013542 -13.538203 10.426216 -6.272683 -0.043257 -0.383688 -0.004842 48.316659 15.731777 -7.320723 0.019055 -0.420046 -0.034562 1.958836 -7.081021 13.737067 -0.034840 -0.062105 0.130324 -11.992514 10.711950 -18.400989 0.004439 0.124404 -0.038385 7.615244 0.097413 0.170999 0.004488 0.137956 0.026821 -2.284160 -1.079790 0.383864 -0.002265 0.056033 0.002855 8.258304 -2.342174 0.571025 -0.013390 0.211636 -0.033466 -9.530841 2.435469 2.786720 0.010113 0.088937 0.050410 9.633760 1.957162 -1.733762 0.071702 0.114000 -0.018897 -7.639982 -11.618293 -2.592371 0.122922 0.045205 -0.019046 -6.530050 -20.358000 -25.014936 0.255332 -0.015649 -0.022946 17.580536 -60.675248 26.631679 0.265709 0.012698 -0.007375 -3.549196 -5.870653 6.654361 0.086691 -0.010636 -0.015594 -3.693667 -2.996416 -9.214944 -0.082954 0.112472 -0.023706 -1.002494 7.623025 6.251274 -0.113228 0.046853 -0.008472 1.850521 16.656033 43.877313 -0.260128 -0.014369 -0.031269 24.693159 64.677049 -34.425332 -0.269109 0.006794 -0.006027 -3.011147 5.407398 -4.538518 -0.088754 -0.008652 -0.010107 -3.701706 4.876587 9.169627 
-0.195672 -0.090931 2.579474 -0.000000 0.000000 -0.000000 -0.197846 0.881792 2.608058 -175.463544 -4.074341 0.348427 0.058581 -0.082280 -0.017664 -11.115872 -7.965171 -6.606879 0.043451 -0.386469 0.008037 37.461580 -14.697886 -1.617102 -0.014791 -0.426874 -0.037429 1.529718 5.008777 -6.972621 0.041054 -0.060286 0.122043 -13.904528 2.267079 12.563287 -0.060310 -0.090513 -0.013542 -12.856567 10.859494 -6.751803 -0.043257 -0.383688 -0.004843 49.196217 15.335699 -8.294640 0.019055 -0.420045 -0.034562 0.963726 -7.109792 13.415971 -0.034840 -0.062106 0.130323 -12.481565 10.613173 -18.083810 0.004439 0.124403 -0.038385 7.246937 -0.077874 0.487270 0.004488 0.137957 0.026821 -1.987614 -1.158054 0.086970 -0.002265 0.056032 0.002854 8.390466 -2.802111 -0.126089 -0.013390 0.211635 -0.033467 -8.328875 1.091770 2.554458 0.010113 0.088937 0.050410 10.012853 1.180948 -1.812523 0.071702 0.113999 -0.018898 -7.316067 -11.706368 -3.074540 0.122921 0.045205 -0.019046 -6.570523 -21.723289 -27.384568 0.255332 -0.015649 -0.022946 19.732533 -62.002606 28.672881 0.265710 0.012698 -0.007375 -3.949960 -5.801023 6.619543 0.086690 -0.010636 -0.015594 -3.556946 -3.044891 -9.354134 -0.082954 0.112472 -0.023707 -1.353952 7.849133 5.660562 -0.113228 0.046853 -0.008471 1.156655 17.560543 44.736749 -0.260128 -0.014369 -0.031269 26.263701 65.152894 -36.356615 -0.269109 0.006794 -0.006026 -3.169964 5.318212 -4.636803 -0.088754 -0.008651 -0.010107 -3.704702 4.911294 9.343209 
-0.195672 -0.090931 2.579474 -0.000000 0.000000 -0.000000 -0.197846 0.881792 2.608058 -175.463544 -4.074341 0.348427 0.058581 -0.082280 -0.017664 -10.172317 -8.118893 -7.610305 0.043451 -0.386469 0.008037 37.666417 -14.917821 -1.523855 -0.014791 -0.426874 -0.037428 1.164046 4.596262 -6.699552 0.041055 -0.060287 0.122043 -14.290322 2.280596 12.136678 -0.060310 -0.090513 -0.013542 -11.952150 10.983771 -6.819940 -0.043257 -0.383688 -0.004844 49.899873 14.835425 -9.057482 0.019056 -0.420046 -0.034562 -0.170409 -7.150287 13.048239 -0.034840 -0.062105 0.130323 -12.956626 10.479948 -17.761639 0.004439 0.124403 -0.038385 6.879511 -0.182122 0.780024 0.004488 0.137956 0.026821 -1.710851 -1.179129 -0.283225 -0.002265 0.056032 0.002855 8.411281 -3.127610 -0.938506 -0.013390 0.211636 -0.033468 -7.140672 -0.436240 2.243699 0.010113 0.088937 0.050409 10.344867 0.212228 -1.816924 0.071703 0.114000 -0.018898 -7.033068 -11.858733 -3.690507 0.122921 0.045205 -0.019046 -6.656718 -23.121235 -30.489715 0.255332 -0.015649 -0.022946 22.370172 -63.203791 30.937116 0.265709 0.012698 -0.007375 -4.366145 -5.758289 6.616573 0.086691 -0.010636 -0.015594 -3.480987 -3.125633 -9.537727 -0.082954 0.112472 -0.023707 -1.779537 8.300317 5.015320 -0.113228 0.046853 -0.008471 0.472434 18.576760 45.568655 -0.260128 -0.014369 -0.031270 27.985302 65.565814 -38.265786 -0.269108 0.006794 -0.006027 -3.244376 5.277257 -4.853924 -0.088754 -0.008651 -0.010107 -3.773945 4.953983 9.574374 
-0.195672 -0.090931 2.579474 -0.000000 0.000000 -0.000000 -0.197846 0.881792 2.608058 -175.463544 -4.074341 0.348427 0.058581 -0.082280 -0.017664 -9.439177 -8.201013 -8.530708 0.043451 -0.386469 0.008037 37.945225 -14.916995 -1.340881 -0.014791 -0.426874 -0.037428 0.722065 4.405751 -6.424408 0.041054 -0.060286 0.122043 -14.725347 2.324572 11.742351 -0.060310 -0.090513 -0.013542 -11.006077 10.802898 -6.368267 -0.043257 -0.383688 -0.004843 50.335390 14.301758 -9.530435 0.019055 -0.420046 -0.034562 -1.399108 -7.180960 12.675599 -0.034840 -0.062105 0.130323 -13.367603 10.361533 -17.508944 0.004439 0.124403 -0.038385 6.512945 -0.226411 1.047017 0.004488 0.137956 0.026821 -1.484931 -1.159572 -0.704172 -0.002265 0.056033 0.002855 8.288837 -3.304148 -1.820921 -0.013390 0.211636 -0.033468 -5.980119 -2.029629 1.877158 0.010113 0.088937 0.050410 10.591807 -0.810515 -1.756716 0.071703 0.114000 -0.018898 -6.821895 -12.103483 -4.370249 0.122921 0.045205 -0.019045 -6.867280 -24.502540 -34.146206 0.255332 -0.015649 -0.022947 25.184294 -64.103272 33.149343 0.265709 0.012698 -0.007375 -4.768464 -5.759816 6.635715 0.086691 -0.010636 -0.015594 -3.483789 -3.241969 -9.760594 -0.082954 0.112473 -0.023707 -2.269309 8.983941 4.300756 -0.113228 0.046853 -0.008472 -0.382536 19.725154 46.347522 -0.260127 -0.014369 -0.031269 29.855785 66.003355 -40.314662 -0.269109 0.006794 -0.006026 -3.234598 5.304197 -5.199061 -0.088754 -0.008651 -0.010107 -3.907280 5.005662 9.860806 
-0.195672 -0.090931 2.579474 -0.000000 0.000000 -0.000000 -0.197846 0.881792 2.608058 -175.463544 -4.074341 0.348427 0.058581 -0.082280 -0.017664 -8.803354 -8.154352 -9.254090 0.043451 -0.386469 0.008036 38.151924 -14.712045 -1.064681 -0.014790 -0.426875 -0.037428 0.212847 4.411177 -6.155738 0.041054 -0.060287 0.122043 -15.168740 2.393911 11.402232 -0.060310 -0.090513 -0.013542 -10.245688 10.405721 -5.437937 -0.043257 -0.383688 -0.004843 50.382989 13.807669 -9.677736 0.019055 -0.420045 -0.034562 -2.666232 -7.191634 12.336867 -0.034840 -0.062105 0.130323 -13.652239 10.274141 -17.369410 0.004439 0.124403 -0.038385 6.175260 -0.233099 1.278437 0.004488 0.137956 0.026821 -1.309881 -1.125357 -1.138457 -0.002265 0.056033 0.002855 8.002797 -3.344271 -2.693460 -0.013390 0.211635 -0.033467 -4.877296 -3.480749 1.461196 0.010113 0.088937 0.050410 10.735676 -1.717301 -1.636821 0.071703 0.113999 -0.018898 -6.718699 -12.480181 -5.043699 0.122921 0.045205 -0.019046 -7.305974 -25.865962 -38.158464 0.255332 -0.015649 -0.022947 27.846736 -64.634688 35.076645 0.265709 0.012698 -0.007375 -5.148819 -5.801870 6.648659 0.086690 -0.010636 -0.015594 -3.544246 -3.378299 -9.991716 -0.082954 0.112472 -0.023707 -2.785923 9.814608 3.540132 -0.113228 0.046853 -0.008472 -1.505108 20.931432 46.964610 -0.260128 -0.014369 -0.031270 31.834135 66.545461 -42.645389 -0.269109 0.006794 -0.006027 -3.166809 5.384282 -5.614514 -0.088754 -0.008652 -0.010107 -4.079410 5.054542 10.175323 
-0.195672 -0.090931 2.579474 -0.000000 0.000000 -0.000000 -0.197846 0.881792 2.608058 -175.463544 -4.074341 0.348427 0.058581 -0.082280 -0.017664 -8.264079 -7.974083 -9.642024 0.043451 -0.386470 0.008037 38.243209 -14.418861 -0.730027 -0.014790 -0.426874 -0.037428 -0.340560 4.505577 -5.943847 0.041054 -0.060286 0.122042 -15.598571 2.481620 11.159899 -0.060310 -0.090513 -0.013542 -9.785760 9.887372 -4.198755 -0.043257 -0.383688 -0.004843 49.939625 13.377347 -9.528019 0.019056 -0.420046 -0.034562 -3.872182 -7.222701 12.056630 -0.034840 -0.062106 0.130323 -13.780238 10.172567 -17.362228 0.004439 0.124403 -0.038385 5.914439 -0.189656 1.477026 0.004488 0.137956 0.026821 -1.171446 -1.046059 -1.575416 -0.002265 0.056033 0.002855 7.557300 -3.192122 -3.524837 -0.013390 0.211636 -0.033467 -3.834462 -4.674169 1.025439 0.010113 0.088937 0.050411 10.779161 -2.402989 -1.441573 0.071702 0.114000 -0.018898 -6.735994 -12.985732 -5.655076 0.122921 0.045205 -0.019046 -8.025412 -27.163746 -42.270323 0.255332 -0.015649 -0.022947 30.300276 -64.909282 36.801886 0.265709 0.012698 -0.007375 -5.536705 -5.883384 6.650977 0.086690 -0.010636 -0.015594 -3.612528 -3.510683 -10.189147 -0.082954 0.112472 -0.023707 -3.314775 10.747613 2.717054 -0.113228 0.046853 -0.008472 -2.880249 22.118408 47.255903 -0.260127 -0.014369 -0.031268 33.910206 67.240699 -45.310181 -0.269108 0.006794 -0.006027 -3.067820 5.500266 -6.056115 -0.088754 -0.008652 -0.010107 -4.254958 5.082379 10.473976 
-0.195672 -0.090931 2.579474 -0.000000 0.000000 -0.000000 -0.197846 0.881792 2.608058 -175.463544 -4.074341 0.348427 0.058581 -0.082280 -0.017664 -7.853108 -7.692863 -9.616905 0.043451 -0.386469 0.008037 38.286663 -14.156940 -0.402058 -0.014790 -0.426874 -0.037428 -0.894458 4.590833 -5.861183 0.041055 -0.060286 0.122042 -15.981715 2.552073 11.043572 -0.060310 -0.090513 -0.013542 -9.691279 9.307906 -2.805825 -0.043257 -0.383688 -0.004842 48.830026 13.020089 -9.088568 0.019055 -0.420045 -0.034561 -4.907666 -7.330601 11.838614 -0.034840 -0.062106 0.130323 -13.761472 9.994686 -17.475148 0.004439 0.124403 -0.038385 5.778245 -0.055234 1.648739 0.004488 0.137957 0.026821 -1.084223 -0.857478 -1.992585 -0.002265 0.056032 0.002855 6.983837 -2.724212 -4.296084 -0.013390 0.211635 -0.033467 -2.812733 -5.611035 0.631759 0.010113 0.088938 0.050411 10.771601 -2.855198 -1.160017 0.071702 0.114000 -0.018898 -6.867063 -13.560411 -6.189350 0.122921 0.045205 -0.019046 -8.964546 -28.224172 -46.122837 0.255332 -0.015649 -0.022946 32.285532 -64.954819 38.169361 0.265709 0.012698 -0.007375 -5.934609 -6.006256 6.665188 0.086691 -0.010636 -0.015595 -3.654775 -3.623625 -10.317966 -0.082954 0.112472 -0.023707 -3.865026 11.772891 1.878197 -0.113228 0.046853 -0.008472 -4.457224 23.237040 47.153768 -0.260127 -0.014369 -0.031269 36.018589 68.042181 -48.168830 -0.269108 0.006794 -0.006027 -2.945601 5.648653 -6.515548 -0.088753 -0.008652 -0.010107 -4.408659 5.077009 10.714373 
-0.195672 -0.090931 2.579474 -0.000000 0.000000 -0.000000 -0.197846 0.881792 2.608058 -175.463544 -4.074341 0.348427 0.058581 -0.082280 -0.017664 -7.550891 -7.417668 -9.169993 0.043452 -0.386469 0.008037 38.381418 -13.979486 -0.147241 -0.014790 -0.426875 -0.037428 -1.377245 4.653232 -5.943284 0.041054 -0.060286 0.122042 -16.270682 2.556400 11.035611 -0.060310 -0.090513 -0.013542 -9.923699 8.787802 -1.449709 -0.043257 -0.383688 -0.004843 47.086692 12.805713 -8.365592 0.019056 -0.420046 -0.034562 -5.700892 -7.472181 11.719564 -0.034840 -0.062105 0.130323 -13.639309 9.770884 -17.656363 0.004439 0.124403 -0.038385 5.787896 0.168703 1.750820 0.004488 0.137956 0.026821 -1.082973 -0.557069 -2.342906 -0.002265 0.056032 0.002855 6.342833 -1.924119 -4.936207 -0.013390 0.211636 -0.033467 -1.887124 -6.256740 0.343206 0.010113 0.088937 0.050410 10.792403 -3.067068 -0.841105 0.071702 0.114000 -0.018898 -7.079311 -14.128667 -6.652072 0.122922 0.045205 -0.019046 -9.922909 -28.816729 -49.156434 0.255332 -0.015649 -0.022947 33.178938 -64.719266 38.640825 0.265710 0.012698 -0.007375 -6.284059 -6.161351 6.718173 0.086691 -0.010636 -0.015594 -3.665867 -3.703111 -10.353117 -0.082954 0.112472 -0.023707 -4.430059 12.816702 1.175738 -0.113228 0.046853 -0.008471 -6.077542 24.156168 46.617947 -0.260127 -0.014369 -0.031269 37.845576 68.769500 -50.745177 -0.269109 0.006794 -0.006027 -2.813706 5.834325 -6.969738 -0.088753 -0.008652 -0.010107 -4.513829 5.038226 10.859472 
-0.195672 -0.090931 2.579474 -0.000000 0.000000 -0.000000 -0.197846 0.881792 2.608058 -175.463544 -4.074341 0.348427 0.058581 -0.082280 -0.017664 -7.250259 -7.290232 -8.363929 0.043452 -0.386470 0.008037 38.501148 -13.856514 0.029799 -0.014791 -0.426874 -0.037428 -1.742528 4.740599 -6.151417 0.041054 -0.060286 0.122043 -16.471430 2.486501 11.096346 -0.060310 -0.090513 -0.013542 -10.356712 8.449099 -0.184587 -0.043257 -0.383688 -0.004843 45.090576 12.744391 -7.473987 0.019056 -0.420045 -0.034562 -6.211323 -7.564411 11.711308 -0.034840 -0.062105 0.130323 -13.433637 9.594432 -17.864160 0.004439 0.124403 -0.038385 5.883314 0.426577 1.736171 0.004488 0.137956 0.026820 -1.160866 -0.201384 -2.633528 -0.002265 0.056033 0.002855 5.717551 -0.959602 -5.394903 -0.013390 0.211636 -0.033467 -1.179739 -6.609655 0.159969 0.010113 0.088938 0.050411 10.845850 -3.078200 -0.551017 0.071702 0.114000 -0.018897 -7.340699 -14.681627 -7.023673 0.122922 0.045205 -0.019046 -10.681357 -28.946226 -51.082152 0.255332 -0.015649 -0.022947 33.001948 -64.293220 38.191693 0.265709 0.012698 -0.007375 -6.519734 -6.340913 6.814503 0.086691 -0.010636 -0.015594 -3.670259 -3.741215 -10.295578 -0.082954 0.112472 -0.023707 -4.982003 13.828603 0.617052 -0.113228 0.046853 -0.008472 -7.459044 24.749179 45.651659 -0.260127 -0.014369 -0.031269 39.299198 69.285241 -52.745671 -0.269108 0.006794 -0.006027 -2.673760 6.067658 -7.375109 -0.088753 -0.008651 -0.010107 -4.558774 4.982995 10.903154 
-0.195672 -0.090931 2.579474 -0.000000 0.000000 -0.000000 -0.197846 0.881792 2.608058 -175.463544 -4.074341 0.348427 0.058581 -0.082280 -0.017664 -6.871886 -7.292843 -7.375718 0.043451 -0.386469 0.008036 38.596190 -13.763892 0.110946 -0.014790 -0.426875 -0.037428 -2.013000 4.861398 -6.419795 0.041054 -0.060286 0.122042 -16.640569 2.364070 11.183140 -0.060310 -0.090513 -0.013542 -10.871780 8.274269 0.983978 -0.043257 -0.383688 -0.004843 43.207585 12.770458 -6.566282 0.019056 -0.420046 -0.034562 -6.427489 -7.604327 11.769386 -0.034840 -0.062106 0.130324 -13.167926 9.520081 -18.076813 0.004439 0.124403 -0.038385 5.988078 0.679085 1.618031 0.004488 0.137956 0.026820 -1.279414 0.152727 -2.896530 -0.002265 0.056033 0.002855 5.198902 -0.012408 -5.683051 -0.013390 0.211636 -0.033467 -0.780284 -6.698781 -0.010503 0.010113 0.088938 0.050411 10.887285 -2.959811 -0.339644 0.071702 0.114000 -0.018898 -7.633238 -15.196339 -7.317874 0.122921 0.045205 -0.019047 -11.157453 -28.768169 -52.133342 0.255332 -0.015649 -0.022946 32.193345 -63.783107 37.162841 0.265709 0.012698 -0.007375 -6.617750 -6.520218 6.933298 0.086691 -0.010636 -0.015594 -3.686934 -3.748890 -10.178535 -0.082954 0.112473 -0.023707 -5.478540 14.704168 0.182585 -0.113229 0.046853 -0.008472 -8.391449 24.977338 44.473998 -0.260127 -0.014369 -0.031269 40.517826 69.581330 -54.195365 -0.269108 0.006794 -0.006027 -2.512829 6.324272 -7.686660 -0.088754 -0.008652 -0.010107 -4.560227 4.930604 10.875995 
-0.195672 -0.090931 2.579474 -0.000000 0.000000 -0.000000 -0.197846 0.881792 2.608058 -175.463544 -4.074341 0.348427 0.058581 -0.082280 -0.017664 -6.396523 -7.299814 -6.412019 0.043451 -0.386470 0.008037 38.657412 -13.707852 0.027886 -0.014790 -0.426874 -0.037428 -2.200712 4.955923 -6.699588 0.041054 -0.060286 0.122042 -16.791339 2.207909 11.254454 -0.060310 -0.090513 -0.013542 -11.346348 8.191212 1.973532 -0.043257 -0.383688 -0.004844 41.658963 12.822349 -5.750605 0.019055 -0.420045 -0.034562 -6.391769 -7.624539 11.841320 -0.034840 -0.062105 0.130324 -12.889875 9.541069 -18.273869 0.004439 0.124403 -0.038385 6.057363 0.907435 1.451872 0.004488 0.137956 0.026820 -1.413959 0.465810 -3.129109 -0.002265 0.056032 0.002855 4.825237 0.801937 -5.823359 -0.013390 0.211636 -0.033467 -0.679179 -6.599896 -0.250567 0.010113 0.088937 0.050410 10.914030 -2.791144 -0.250892 0.071703 0.114000 -0.018898 -7.922546 -15.601662 -7.560038 0.122921 0.045205 -0.019046 -11.393334 -28.415344 -52.627929 0.255332 -0.015649 -0.022947 31.098982 -63.262763 35.914825 0.265709 0.012698 -0.007375 -6.598595 -6.666050 7.054892 0.086691 -0.010636 -0.015595 -3.713619 -3.745783 -10.049649 -0.082954 0.112473 -0.023707 -5.895698 15.351298 -0.101895 -0.113228 0.046853 -0.008472 -8.860650 24.921386 43.383716 -0.260127 -0.014369 -0.031269 41.601350 69.713077 -55.217862 -0.269108 0.006794 -0.006027 -2.344415 6.560597 -7.887112 -0.088754 -0.008651 -0.010107 -4.540909 4.892326 10.821567 
-0.195672 -0.090931 2.579474 -0.000000 0.000000 -0.000000 -0.197846 0.881792 2.608058 -175.463544 -4.074341 0.348427 0.058581 -0.082280 -0.017664 -5.829573 -7.232756 -5.497300 0.043451 -0.386469 0.008036 38.680423 -13.665896 -0.236454 -0.014790 -0.426875 -0.037428 -2.309240 4.989951 -6.991940 0.041054 -0.060286 0.122042 -16.912044 2.023492 11.296861 -0.060310 -0.090513 -0.013542 -11.701256 8.149277 2.774968 -0.043257 -0.383688 -0.004842 40.389538 12.874032 -5.012541 0.019055 -0.420046 -0.034562 -6.196513 -7.630540 11.901434 -0.034840 -0.062105 0.130323 -12.611272 9.614839 -18.449178 0.004439 0.124403 -0.038385 6.080010 1.119259 1.267248 0.004488 0.137957 0.026820 -1.555956 0.741995 -3.324050 -0.002265 0.056032 0.002855 4.542857 1.484186 -5.823205 -0.013390 0.211635 -0.033467 -0.757314 -6.393414 -0.556960 0.010113 0.088937 0.050410 10.958185 -2.587113 -0.275139 0.071703 0.114000 -0.018898 -8.221587 -15.888277 -7.778018 0.122922 0.045205 -0.019046 -11.523485 -27.969773 -52.738766 0.255332 -0.015649 -0.022946 29.899177 -62.796998 34.721663 0.265709 0.012698 -0.007375 -6.512943 -6.781749 7.174180 0.086691 -0.010636 -0.015594 -3.736872 -3.739278 -9.930147 -0.082954 0.112472 -0.023707 -6.262495 15.799332 -0.273638 -0.113228 0.046853 -0.008472 -9.054100 24.696951 42.442714 -0.260127 -0.014369 -0.031269 42.635069 69.763846 -56.039069 -0.269109 0.006794 -0.006027 -2.185661 6.773800 -8.000895 -0.088754 -0.008651 -0.010107 -4.508260 4.864469 10.762739 
-0.195672 -0.090931 2.579474 -0.000000 0.000000 -0.000000 -0.197846 0.881792 2.608058 -175.463544 -4.074341 0.348427 0.058581 -0.082280 -0.017664 -5.143572 -7.038865 -4.587394 0.043452 -0.386469 0.008038 38.656719 -13.601556 -0.673962 -0.014790 -0.426874 -0.037428 -2.329309 4.964772 -7.315937 0.041054 -0.060287 0.122043 -17.000273 1.794122 11.296520 -0.060310 -0.090513 -0.013542 -11.899196 8.102854 3.438306 -0.043257 -0.383688 -0.004843 39.273472 12.890369 -4.291932 0.019056 -0.420045 -0.034562 -5.898983 -7.652462 11.937449 -0.034840 -0.062105 0.130323 -12.312078 9.730036 -18.615267 0.004439 0.124403 -0.038385 6.042871 1.335517 1.075541 0.004488 0.137956 0.026820 -1.715158 1.005529 -3.502075 -0.002265 0.056033 0.002856 4.287626 2.091032 -5.732866 -0.013390 0.211636 -0.033468 -0.890737 -6.126704 -0.927872 0.010113 0.088938 0.050409 11.034011 -2.344966 -0.382713 0.071702 0.113999 -0.018898 -8.554495 -16.073284 -7.947068 0.122921 0.045205 -0.019046 -11.628900 -27.438340 -52.411487 0.255332 -0.015649 -0.022946 28.648153 -62.440640 33.727532 0.265710 0.012698 -0.007375 -6.387336 -6.888243 7.291562 0.086691 -0.010636 -0.015594 -3.740949 -3.728004 -9.812841 -0.082954 0.112472 -0.023707 -6.629111 16.088632 -0.434313 -0.113228 0.046853 -0.008472 -9.096397 24.338870 41.478065 -0.260128 -0.014369 -0.031269 43.603975 69.787704 -56.724205 -0.269108 0.006794 -0.006027 -2.031657 6.975720 -8.038243 -0.088753 -0.008652 -0.010107 -4.458796 4.838200 10.695699 
-0.195672 -0.090931 2.579474 -0.000000 0.000000 -0.000000 -0.197846 0.881792 2.608058 -175.463544 -4.074341 0.348427 0.058581 -0.082280 -0.017664 -4.304472 -6.670381 -3.650651 0.043451 -0.386470 0.008037 38.568265 -13.483574 -1.255760 -0.014790 -0.426874 -0.037428 -2.234169 4.891527 -7.682257 0.041054 -0.060286 0.122042 -17.046638 1.519659 11.261612 -0.060310 -0.090513 -0.013542 -11.932983 7.975556 3.937359 -0.043257 -0.383688 -0.004843 38.251153 12.823056 -3.540331 0.019056 -0.420045 -0.034562 -5.530692 -7.715430 11.961884 -0.034840 -0.062106 0.130324 -11.988033 9.871282 -18.766933 0.004439 0.124403 -0.038385 5.937585 1.566268 0.885907 0.004488 0.137957 0.026821 -1.903937 1.265234 -3.686833 -0.002265 0.056033 0.002855 4.001752 2.644912 -5.629860 -0.013390 0.211635 -0.033468 -0.951758 -5.793804 -1.364921 0.010113 0.088937 0.050410 11.139201 -2.055315 -0.552860 0.071702 0.114000 -0.018898 -8.941440 -16.171631 -8.010654 0.122921 0.045205 -0.019047 -11.781964 -26.855619 -51.530618 0.255331 -0.015649 -0.022947 27.430557 -62.273710 33.095070 0.265710 0.012698 -0.007375 -6.242763 -6.997323 7.403749 0.086690 -0.010636 -0.015594 -3.718167 -3.708505 -9.695199 -0.082954 0.112472 -0.023708 -7.007143 16.232792 -0.650062 -0.113228 0.046853 -0.008471 -9.028493 23.856628 40.359110 -0.260127 -0.014370 -0.031269 44.261924 69.782820 -57.060258 -0.269109 0.006794 -0.006027 -1.883907 7.157935 -7.994553 -0.088754 -0.008652 -0.010107 -4.398169 4.808411 10.614545 
-0.195672 -0.090931 2.579474 -0.000000 0.000000 -0.000000 -0.197846 0.881792 2.608058 -175.463544 -4.074341 0.348427 0.058581 -0.082280 -0.017664 -3.417104 -6.084298 -2.578252 0.043452 -0.386469 0.008036 38.381674 -13.293780 -1.935906 -0.014790 -0.426874 -0.037428 -2.007786 4.814838 -8.109272 0.041054 -0.060286 0.122043 -17.029986 1.214680 11.244030 -0.060310 -0.090513 -0.013542 -11.824775 7.693540 4.160418 -0.043257 -0.383688 -0.004843 37.299984 12.650415 -2.707926 0.019055 -0.420045 -0.034561 -5.059084 -7.809321 12.022978 -0.034840 -0.062106 0.130323 -11.632964 9.999743 -18.901007 0.004439 0.124403 -0.038385 5.780500 1.812218 0.667529 0.004488 0.137957 0.026820 -2.120647 1.518731 -3.897365 -0.002265 0.056032 0.002854 3.640713 3.130372 -5.561882 -0.013390 0.211636 -0.033467 -0.859955 -5.299852 -1.874378 0.010113 0.088937 0.050409 11.267233 -1.653102 -0.752250 0.071702 0.114000 -0.018897 -9.400076 -16.202419 -7.929475 0.122922 0.045205 -0.019046 -12.101974 -26.324977 -50.080450 0.255332 -0.015649 -0.022946 26.351829 -62.401503 32.954566 0.265709 0.012698 -0.007375 -6.093061 -7.122145 7.500168 0.086691 -0.010636 -0.015594 -3.669171 -3.673351 -9.574109 -0.082954 0.112472 -0.023707 -7.355368 16.182255 -0.927705 -0.113228 0.046853 -0.008472 -8.854104 23.201060 39.009150 -0.260128 -0.014369 -0.031269 44.356321 69.744059 -56.831993 -0.269108 0.006794 -0.006027 -1.751571 7.313757 -7.858064 -0.088754 -0.008652 -0.010107 -4.335552 4.767199 10.510554 
-0.195672 -0.090931 2.579474 -0.000000 0.000000 -0.000000 -0.197846 0.881792 2.608058 -175.463544 -4.074341 0.348427 0.058581 -0.082280 -0.017664 -2.706584 -5.261629 -1.283953 0.043452 -0.386469 0.008036 38.085230 -13.023206 -2.636087 -0.014790 -0.426874 -0.037428 -1.667625 4.808740 -8.580354 0.041054 -0.060286 0.122042 -16.938458 0.922949 11.300818 -0.060310 -0.090513 -0.013542 -11.593536 7.221688 3.957576 -0.043257 -0.383688 -0.004843 36.467415 12.378663 -1.803906 0.019056 -0.420046 -0.034562 -4.474332 -7.919599 12.161950 -0.034840 -0.062106 0.130324 -11.256612 10.070432 -19.016621 0.004439 0.124403 -0.038385 5.594846 2.059242 0.403500 0.004488 0.137956 0.026820 -2.344385 1.754763 -4.142887 -0.002265 0.056032 0.002855 3.203005 3.511277 -5.568084 -0.013390 0.211635 -0.033468 -0.617957 -4.575865 -2.451501 0.010113 0.088938 0.050410 11.401315 -1.108708 -0.954247 0.071703 0.113999 -0.018898 -9.897336 -16.173914 -7.693491 0.122921 0.045205 -0.019046 -12.626016 -25.967566 -48.205744 0.255332 -0.015649 -0.022946 25.517078 -62.852979 33.282231 0.265710 0.012698 -0.007375 -5.956734 -7.260372 7.551181 0.086691 -0.010636 -0.015594 -3.605602 -3.623723 -9.456740 -0.082954 0.112472 -0.023707 -7.621753 15.887008 -1.223920 -0.113228 0.046853 -0.008471 -8.592943 22.342169 37.511969 -0.260127 -0.014369 -0.031269 43.700319 69.664173 -55.925111 -0.269109 0.006794 -0.006027 -1.656833 7.428694 -7.625901 -0.088754 -0.008652 -0.010107 -4.284242 4.713137 10.388802 
-0.195672 -0.090931 2.579474 -0.000000 0.000000 -0.000000 -0.197846 0.881792 2.608058 -175.463544 -4.074341 0.348427 0.058581 -0.082280 -0.017664 -2.334503 -4.235251 0.319501 0.043451 -0.386469 0.008038 37.624080 -12.665369 -3.276059 -0.014790 -0.426874 -0.037428 -1.279424 4.925126 -9.073946 0.041054 -0.060286 0.122043 -16.782371 0.699959 11.466160 -0.060310 -0.090513 -0.013542 -11.178367 6.537555 3.230939 -0.043257 -0.383688 -0.004843 35.696935 12.040666 -0.827442 0.019055 -0.420046 -0.034562 -3.859303 -8.030005 12.374976 -0.034840 -0.062105 0.130324 -10.869618 10.032955 -19.089863 0.004439 0.124404 -0.038385 5.374076 2.302015 0.086055 0.004488 0.137957 0.026821 -2.559865 1.963335 -4.415993 -0.002265 0.056032 0.002855 2.656868 3.781797 -5.662252 -0.013390 0.211635 -0.033468 -0.278657 -3.593005 -3.043616 0.010113 0.088937 0.050410 11.533220 -0.421583 -1.134815 0.071702 0.114000 -0.018898 -10.392963 -16.094559 -7.335503 0.122922 0.045205 -0.019047 -13.329579 -25.868004 -46.056246 0.255332 -0.015649 -0.022946 25.049685 -63.616764 34.053414 0.265709 0.012698 -0.007375 -5.867355 -7.405860 7.516596 0.086691 -0.010636 -0.015594 -3.535481 -3.562420 -9.356020 -0.082954 0.112472 -0.023708 -7.805071 15.358491 -1.475342 -0.113228 0.046853 -0.008472 -8.332033 21.314237 36.033305 -0.260127 -0.014369 -0.031269 42.275937 69.529536 -54.447365 -0.269108 0.006794 -0.006027 -1.654841 7.492964 -7.300132 -0.088753 -0.008652 -0.010107 -4.245762 4.648285 10.266029 
-0.195672 -0.090931 2.579474 -0.000000 0.000000 -0.000000 -0.197846 0.881792 2.608058 -175.463544 -4.074341 0.348427 0.058581 -0.082280 -0.017664 -2.452343 -3.153138 2.148174 0.043451 -0.386469 0.008037 36.863214 -12.260126 -3.749504 -0.014790 -0.426874 -0.037428 -0.966036 5.181595 -9.554833 0.041054 -0.060287 0.122042 -16.585682 0.601966 11.752907 -0.060310 -0.090513 -0.013542 -10.514635 5.647610 1.989364 -0.043257 -0.383688 -0.004843 34.920896 11.665853 0.137589 0.019055 -0.420046 -0.034562 -3.399900 -8.177916 12.603969 -0.034840 -0.062106 0.130324 -10.497283 9.855020 -19.094622 0.004439 0.124404 -0.038385 5.092537 2.505311 -0.274783 0.004488 0.137957 0.026821 -2.766066 2.096633 -4.673504 -0.002265 0.056033 0.002855 1.959862 3.908113 -5.813832 -0.013390 0.211636 -0.033466 0.039657 -2.321310 -3.502437 0.010113 0.088938 0.050410 11.637073 0.406349 -1.241776 0.071702 0.114000 -0.018898 -10.837283 -15.955822 -6.873757 0.122921 0.045205 -0.019047 -14.162523 -26.049134 -43.734989 0.255332 -0.015649 -0.022946 24.967022 -64.615488 35.185918 0.265709 0.012698 -0.007375 -5.843610 -7.546862 7.372898 0.086691 -0.010636 -0.015594 -3.462078 -3.485252 -9.284126 -0.082954 0.112472 -0.023706 -7.935099 14.613296 -1.648882 -0.113228 0.046853 -0.008471 -8.148989 20.196574 34.774955 -0.260127 -0.014369 -0.031269 40.378180 69.348188 -52.830813 -0.269108 0.006794 -0.006027 -1.831511 7.503566 -6.881307 -0.088754 -0.008651 -0.010107 -4.205135 4.574069 10.159407 
-0.195672 -0.090931 2.579474 -0.000000 0.000000 -0.000000 -0.197846 0.881792 2.608058 -175.463544 -4.074341 0.348427 0.058581 -0.082280 -0.017664 -3.168300 -2.176908 3.957803 0.043451 -0.386469 0.008037 35.723286 -11.876772 -3.978514 -0.014790 -0.426874 -0.037428 -0.817035 5.586081 -10.020511 0.041054 -0.060287 0.122042 -16.365381 0.635442 12.191281 -0.060310 -0.090513 -0.013542 -9.656616 4.589110 0.314295 -0.043257 -0.383688 -0.004843 34.133983 11.259562 0.895715 0.019055 -0.420045 -0.034562 -3.244603 -8.461611 12.801474 -0.034840 -0.062105 0.130323 -10.172915 9.539789 -19.056240 0.004439 0.124403 -0.038385 4.742531 2.596298 -0.613524 0.004488 0.137956 0.026820 -2.971573 2.093352 -4.855723 -0.002265 0.056032 0.002855 1.112412 3.831826 -5.952500 -0.013390 0.211635 -0.033468 0.203288 -0.686129 -3.701062 0.010113 0.088937 0.050410 11.646761 1.428964 -1.238413 0.071702 0.114000 -0.018898 -11.184502 -15.711289 -6.290264 0.122921 0.045205 -0.019046 -15.064334 -26.395203 -41.280345 0.255332 -0.015649 -0.022947 25.168183 -65.765494 36.599770 0.265709 0.012698 -0.007375 -5.876445 -7.671078 7.122678 0.086690 -0.010636 -0.015594 -3.395022 -3.379397 -9.246088 -0.082954 0.112472 -0.023708 -8.037688 13.669523 -1.775544 -0.113228 0.046853 -0.008472 -8.042444 19.039132 33.782375 -0.260128 -0.014369 -0.031269 38.465341 69.193218 -51.586052 -0.269109 0.006794 -0.006027 -2.231072 7.471556 -6.377407 -0.088754 -0.008652 -0.010107 -4.151616 4.481234 10.074516 
-0.195672 -0.090931 2.579474 -0.000000 0.000000 -0.000000 -0.197846 0.881792 2.608058 -175.463544 -4.074341 0.348427 0.058581 -0.082280 -0.017664 -4.347413 -1.439543 5.538496 0.043451 -0.386469 0.008036 34.324105 -11.558242 -3.917344 -0.014790 -0.426874 -0.037429 -0.799348 6.130158 -10.493846 0.041054 -0.060286 0.122043 -16.085480 0.749017 12.805784 -0.060310 -0.090513 -0.013542 -8.780821 3.468003 -1.687863 -0.043257 -0.383688 -0.004843 33.239013 10.858402 1.276279 0.019056 -0.420046 -0.034562 -3.441661 -8.897093 12.954077 -0.034840 -0.062105 0.130324 -9.934590 9.091156 -19.008936 0.004439 0.124403 -0.038385 4.398292 2.517536 -0.815266 0.004488 0.137957 0.026821 -3.194646 1.934784 -4.924659 -0.002265 0.056033 0.002855 0.147303 3.486024 -5.994065 -0.013390 0.211635 -0.033468 0.196097 1.366583 -3.682731 0.010113 0.088937 0.050410 11.550794 2.738395 -1.175819 0.071702 0.113999 -0.018898 -11.402081 -15.296412 -5.599125 0.122922 0.045205 -0.019046 -16.058488 -26.737416 -38.654950 0.255332 -0.015649 -0.022946 25.347807 -66.947124 38.248100 0.265709 0.012698 -0.007375 -5.951348 -7.755535 6.822505 0.086691 -0.010636 -0.015594 -3.335469 -3.242074 -9.238765 -0.082954 0.112472 -0.023707 -8.154603 12.634493 -1.828374 -0.113228 0.046853 -0.008472 -8.056993 17.947837 32.935794 -0.260128 -0.014369 -0.031269 36.984112 69.218551 -51.154828 -0.269109 0.006794 -0.006027 -2.812370 7.404864 -5.834898 -0.088754 -0.008652 -0.010107 -4.089998 4.356859 10.008987 
-0.195672 -0.090931 2.579474 -0.000000 0.000000 -0.000000 -0.197846 0.881792 2.608058 -175.463544 -4.074341 0.348427 0.058581 -0.082280 -0.017664 -5.475607 -0.964082 6.882655 0.043452 -0.386469 0.008037 32.946602 -11.345874 -3.616175 -0.014790 -0.426874 -0.037427 -0.858991 6.729441 -10.942369 0.041054 -0.060286 0.122043 -15.736122 0.892452 13.497317 -0.060310 -0.090513 -0.013542 -8.111690 2.473389 -3.685717 -0.043257 -0.383688 -0.004843 32.146203 10.491104 1.247542 0.019056 -0.420046 -0.034561 -3.895695 -9.412744 13.067309 -0.034840 -0.062105 0.130323 -9.791798 8.559614 -18.974879 0.004439 0.124403 -0.038385 4.139456 2.250152 -0.867762 0.004488 0.137956 0.026821 -3.438840 1.621601 -4.878534 -0.002265 0.056032 0.002856 -0.847647 2.775983 -5.865060 -0.013390 0.211636 -0.033468 0.150258 3.658663 -3.543230 0.010113 0.088937 0.050409 11.482312 4.269941 -1.130285 0.071702 0.114000 -0.018899 -11.453310 -14.741765 -4.888775 0.122922 0.045205 -0.019046 -17.168235 -27.025889 -35.923544 0.255332 -0.015649 -0.022946 25.024751 -67.931470 39.777731 0.265709 0.012698 -0.007375 -6.042259 -7.771826 6.539906 0.086691 -0.010636 -0.015594 -3.269878 -3.094040 -9.248659 -0.082954 0.112472 -0.023708 -8.339385 11.673528 -1.750412 -0.113228 0.046853 -0.008472 -8.334619 17.064678 32.178473 -0.260128 -0.014369 -0.031269 35.965420 69.467682 -51.584778 -0.269109 0.006794 -0.006027 -3.482357 7.294419 -5.310402 -0.088754 -0.008651 -0.010107 -4.019653 4.218027 9.969040 
-0.195672 -0.090931 2.579474 -0.000000 0.000000 -0.000000 -0.197846 0.881792 2.608058 -175.463544 -4.074341 0.348427 0.058581 -0.082280 -0.017664 -6.152443 -0.625882 8.124303 0.043452 -0.386469 0.008037 31.719665 -11.290065 -3.216681 -0.014790 -0.426875 -0.037428 -1.005521 7.261101 -11.353818 0.041054 -0.060286 0.122042 -15.354728 1.032215 14.168416 -0.060310 -0.090513 -0.013542 -7.757593 1.661157 -5.487695 -0.043257 -0.383688 -0.004843 30.948745 10.087999 0.906326 0.019056 -0.420046 -0.034562 -4.453552 -10.012601 13.147211 -0.034840 -0.062106 0.130323 -9.707482 7.991314 -18.956801 0.004439 0.124404 -0.038385 3.915743 1.815171 -0.844923 0.004488 0.137956 0.026820 -3.687069 1.171208 -4.741202 -0.002265 0.056032 0.002856 -1.741485 1.703359 -5.578368 -0.013390 0.211635 -0.033468 0.128417 5.998597 -3.280158 0.010113 0.088937 0.050409 11.527648 5.885012 -1.117741 0.071702 0.114000 -0.018898 -11.336009 -14.154109 -4.223030 0.122921 0.045205 -0.019047 -18.284111 -27.325570 -33.227009 0.255332 -0.015649 -0.022947 24.297128 -68.750533 41.067404 0.265709 0.012698 -0.007375 -6.146419 -7.729807 6.256079 0.086691 -0.010636 -0.015594 -3.182730 -2.946836 -9.259947 -0.082954 0.112472 -0.023708 -8.633592 10.848963 -1.581159 -0.113228 0.046853 -0.008472 -8.944320 16.488201 31.626839 -0.260128 -0.014369 -0.031269 35.147050 69.865220 -52.575149 -0.269109 0.006794 -0.006027 -4.222552 7.137533 -4.784052 -0.088753 -0.008652 -0.010107 -3.915663 4.088805 9.951090 
-0.195672 -0.090931 2.579474 -0.000000 0.000000 -0.000000 -0.197846 0.881792 2.608058 -175.463544 -4.074341 0.348427 0.058581 -0.082280 -0.017664 -6.431851 -0.373256 9.253860 0.043452 -0.386469 0.008037 30.603370 -11.401214 -2.828470 -0.014790 -0.426875 -0.037429 -1.196157 7.612090 -11.766083 0.041054 -0.060285 0.122043 -15.020498 1.129214 14.787231 -0.060310 -0.090513 -0.013542 -7.652355 1.044502 -7.053955 -0.043257 -0.383688 -0.004843 29.973452 9.666365 0.376455 0.019056 -0.420046 -0.034562 -5.038358 -10.644003 13.195451 -0.034840 -0.062106 0.130323 -9.659026 7.439209 -18.940545 0.004439 0.124403 -0.038385 3.700951 1.296987 -0.779072 0.004488 0.137956 0.026821 -3.883809 0.658683 -4.545055 -0.002265 0.056032 0.002855 -2.407036 0.496907 -5.265053 -0.013390 0.211635 -0.033467 0.120579 8.163226 -2.893141 0.010113 0.088938 0.050410 11.687857 7.380606 -1.141311 0.071702 0.114000 -0.018898 -11.103747 -13.679165 -3.668493 0.122921 0.045205 -0.019046 -19.228275 -27.645402 -30.875986 0.255331 -0.015649 -0.022947 23.624699 -69.507871 42.242008 0.265709 0.012698 -0.007375 -6.288330 -7.663511 5.962551 0.086690 -0.010636 -0.015594 -3.069597 -2.813554 -9.279146 -0.082954 0.112472 -0.023707 -9.025376 10.216262 -1.380037 -0.113228 0.046853 -0.008472 -9.844568 16.334913 31.438210 -0.260127 -0.014369 -0.031269 34.371424 70.318771 -53.787924 -0.269108 0.006794 -0.006027 -5.022004 6.952293 -4.260830 -0.088754 -0.008652 -0.010107 -3.762939 3.986499 9.955291 
-0.195672 -0.090931 2.579474 -0.000000 0.000000 -0.000000 -0.197846 0.881792 2.608058 -175.463544 -4.074341 0.348427 0.058581 -0.082280 -0.017664 -6.503215 -0.194130 10.212072 0.043451 -0.386469 0.008037 29.594622 -11.636325 -2.526620 -0.014790 -0.426875 -0.037428 -1.350043 7.717943 -12.197680 0.041054 -0.060286 0.122043 -14.853758 1.175789 15.349387 -0.060310 -0.090513 -0.013542 -7.632913 0.613476 -8.427758 -0.043257 -0.383688 -0.004843 29.543707 9.360175 -0.163252 0.019056 -0.420046 -0.034561 -5.612127 -11.160866 13.264530 -0.034840 -0.062105 0.130324 -9.644259 6.980730 -18.938125 0.004439 0.124404 -0.038385 3.514806 0.819132 -0.657801 0.004489 0.137956 0.026820 -4.007707 0.198975 -4.338441 -0.002265 0.056032 0.002856 -2.866581 -0.510282 -5.094324 -0.013390 0.211636 -0.033467 0.080671 9.852532 -2.468003 0.010113 0.088937 0.050410 11.939286 8.524104 -1.233426 0.071702 0.114000 -0.018898 -10.807965 -13.349491 -3.312318 0.122922 0.045205 -0.019046 -19.816520 -27.894289 -29.089199 0.255332 -0.015649 -0.022947 23.975409 -70.337623 44.001998 0.265709 0.012698 -0.007375 -6.456352 -7.610786 5.707715 0.086690 -0.010636 -0.015594 -2.963811 -2.705635 -9.330608 -0.082954 0.112472 -0.023706 -9.417734 9.788200 -1.211458 -0.113228 0.046853 -0.008471 -10.811943 16.547691 31.479246 -0.260127 -0.014369 -0.031269 33.834520 70.744477 -55.103968 -0.269109 0.006794 -0.006027 -5.748048 6.787030 -3.834870 -0.088754 -0.008651 -0.010107 -3.606018 3.919817 9.994764 
-0.195672 -0.090931 2.579474 -0.000000 0.000000 -0.000000 -0.197846 0.881792 2.608058 -175.463544 -4.074341 0.348427 0.058581 -0.082280 -0.017664 -6.501872 -0.053503 11.083319 0.043451 -0.386469 0.008037 28.685008 -11.919722 -2.336105 -0.014791 -0.426875 -0.037428 -1.444983 7.610727 -12.640175 0.041054 -0.060286 0.122043 -14.872660 1.192785 15.870052 -0.060310 -0.090513 -0.013542 -7.629931 0.305415 -9.737160 -0.043257 -0.383688 -0.004843 29.583076 9.225054 -0.593295 0.019056 -0.420046 -0.034562 -6.123144 -11.496519 13.398037 -0.034840 -0.062105 0.130323 -9.608619 6.646791 -18.967562 0.004439 0.124403 -0.038385 3.376953 0.416201 -0.509199 0.004488 0.137956 0.026821 -4.058276 -0.187803 -4.176232 -0.002265 0.056032 0.002855 -3.178677 -1.251508 -5.134069 -0.013390 0.211636 -0.033467 -0.093471 11.068199 -2.037592 0.010113 0.088937 0.050410 12.207328 9.356586 -1.436618 0.071702 0.114000 -0.018897 -10.479330 -13.151898 -3.107900 0.122921 0.045205 -0.019046 -19.996241 -28.016755 -27.704499 0.255332 -0.015649 -0.022947 25.457093 -71.200494 46.420144 0.265709 0.012698 -0.007375 -6.634261 -7.595175 5.477203 0.086690 -0.010636 -0.015594 -2.881439 -2.618443 -9.409531 -0.082954 0.112473 -0.023707 -9.805262 9.548104 -1.099267 -0.113228 0.046853 -0.008471 -11.778420 17.006497 31.489631 -0.260127 -0.014369 -0.031269 33.558475 71.134651 -56.451391 -0.269108 0.006794 -0.006027 -6.311494 6.683451 -3.525054 -0.088753 -0.008651 -0.010107 -3.466634 3.880834 10.061200 
-0.195672 -0.090931 2.579474 -0.000000 0.000000 -0.000000 -0.197846 0.881792 2.608058 -175.463544 -4.074341 0.348427 0.058581 -0.082280 -0.017664 -6.439997 0.047284 11.822025 0.043451 -0.386470 0.008037 27.915477 -12.213587 -2.271650 -0.014790 -0.426874 -0.037428 -1.495509 7.328769 -13.043090 0.041054 -0.060286 0.122042 -15.010338 1.215372 16.321019 -0.060310 -0.090513 -0.013542 -7.681682 0.091165 -11.021920 -0.043257 -0.383688 -0.004843 29.921184 9.234565 -0.881915 0.019056 -0.420046 -0.034562 -6.458734 -11.632830 13.605784 -0.034840 -0.062105 0.130323 -9.548610 6.427077 -19.023146 0.004439 0.124403 -0.038385 3.295125 0.065419 -0.356428 0.004488 0.137956 0.026821 -4.025533 -0.523334 -4.069504 -0.002265 0.056032 0.002856 -3.313360 -1.821576 -5.316051 -0.013390 0.211636 -0.033466 -0.410609 11.820126 -1.591130 0.010113 0.088937 0.050409 12.428799 9.902957 -1.739178 0.071702 0.114000 -0.018898 -10.092758 -13.084556 -2.980117 0.122921 0.045205 -0.019046 -19.654831 -28.056129 -26.620874 0.255331 -0.015649 -0.022947 27.853899 -71.983657 49.145629 0.265709 0.012698 -0.007375 -6.798507 -7.617997 5.273335 0.086691 -0.010636 -0.015594 -2.824165 -2.551016 -9.491327 -0.082954 0.112473 -0.023706 -10.158298 9.508872 -1.030405 -0.113228 0.046853 -0.008472 -12.695626 17.618980 31.513342 -0.260127 -0.014369 -0.031268 33.049411 71.356195 -57.223601 -0.269109 0.006794 -0.006027 -6.672565 6.641233 -3.337554 -0.088754 -0.008652 -0.010107 -3.357671 3.872812 10.130961 
-0.195672 -0.090931 2.579474 -0.000000 0.000000 -0.000000 -0.197846 0.881792 2.608058 -175.463544 -4.074341 0.348427 0.058581 -0.082280 -0.017664 -6.277188 0.098167 12.295700 0.043451 -0.386469 0.008037 27.402097 -12.485603 -2.315621 -0.014790 -0.426874 -0.037428 -1.557532 6.946240 -13.344923 0.041054 -0.060286 0.122043 -15.205999 1.284326 16.687344 -0.060310 -0.090513 -0.013542 -7.806962 -0.033396 -12.202667 -0.043257 -0.383688 -0.004843 30.460284 9.328768 -1.047380 0.019056 -0.420046 -0.034562 -6.486050 -11.559716 13.877677 -0.034840 -0.062106 0.130324 -9.502760 6.278609 -19.060007 0.004439 0.124403 -0.038385 3.262457 -0.228426 -0.206048 0.004489 0.137956 0.026821 -3.901816 -0.805213 -3.972042 -0.002265 0.056032 0.002856 -3.191489 -2.295174 -5.471030 -0.013390 0.211636 -0.033467 -0.785678 12.119440 -1.131583 0.010113 0.088937 0.050409 12.593661 10.130104 -2.102879 0.071703 0.114000 -0.018898 -9.546847 -13.076077 -2.884931 0.122921 0.045205 -0.019046 -18.598272 -28.016319 -25.810786 0.255331 -0.015649 -0.022947 31.355657 -72.659170 52.208911 0.265710 0.012698 -0.007375 -6.940415 -7.666058 5.120638 0.086691 -0.010636 -0.015594 -2.813563 -2.504579 -9.566946 -0.082954 0.112472 -0.023707 -10.428692 9.646750 -0.922942 -0.113228 0.046853 -0.008472 -13.498703 18.289126 31.879177 -0.260127 -0.014369 -0.031269 32.171919 71.301301 -57.176162 -0.269108 0.006794 -0.006027 -6.850310 6.637242 -3.283457 -0.088754 -0.008652 -0.010107 -3.301110 3.905179 10.196269 
-0.195672 -0.090931 2.579474 -0.000000 0.000000 -0.000000 -0.197846 0.881792 2.608058 -175.463544 -4.074341 0.348427 0.058581 -0.082280 -0.017664 -6.077075 0.101880 12.489590 0.043452 -0.386470 0.008037 27.145588 -12.694970 -2.443132 -0.014790 -0.426874 -0.037428 -1.666095 6.535496 -13.536532 0.041054 -0.060286 0.122043 -15.407455 1.393396 16.977822 -0.060310 -0.090513 -0.013542 -8.062218 -0.073088 -13.184578 -0.043257 -0.383688 -0.004843 31.079089 9.463866 -1.042335 0.019056 -0.420046 -0.034562 -6.108044 -11.240358 14.201222 -0.034840 -0.062106 0.130323 -9.464839 6.167107 -19.049027 0.004439 0.124404 -0.038385 3.301508 -0.449937 -0.092496 0.004488 0.137956 0.026820 -3.654179 -1.030742 -3.871755 -0.002265 0.056033 0.002854 -2.709034 -2.700424 -5.492060 -0.013390 0.211635 -0.033467 -1.183310 11.995105 -0.618564 0.010113 0.088938 0.050411 12.652382 10.034580 -2.474595 0.071703 0.114000 -0.018898 -8.787742 -13.091753 -2.757602 0.122922 0.045205 -0.019046 -16.733229 -27.882275 -25.283260 0.255332 -0.015649 -0.022946 35.995824 -73.215059 55.581856 0.265709 0.012698 -0.007375 -7.039580 -7.738783 5.018347 0.086691 -0.010636 -0.015594 -2.865474 -2.483145 -9.629237 -0.082954 0.112472 -0.023707 -10.588258 9.931396 -0.772058 -0.113228 0.046853 -0.008472 -14.154462 18.998245 32.823389 -0.260128 -0.014369 -0.031268 31.085383 70.978096 -56.403600 -0.269109 0.006794 -0.006027 -6.896312 6.652828 -3.336731 -0.088753 -0.008651 -0.010107 -3.302669 3.977519 10.252633 
-0.195672 -0.090931 2.579474 -0.000000 0.000000 -0.000000 -0.197846 0.881792 2.608058 -175.463544 -4.074341 0.348427 0.058581 -0.082280 -0.017664 -5.903101 0.091997 12.503250 0.043451 -0.386469 0.008037 27.029487 -12.811464 -2.611140 -0.014790 -0.426874 -0.037428 -1.815716 6.173226 -13.649290 0.041054 -0.060286 0.122042 -15.581914 1.540235 17.235431 -0.060310 -0.090513 -0.013542 -8.451632 -0.078467 -13.922197 -0.043257 -0.383688 -0.004844 31.672858 9.633796 -0.794751 0.019056 -0.420045 -0.034562 -5.357622 -10.645109 14.564757 -0.034840 -0.062106 0.130323 -9.463393 6.031591 -18.977870 0.004439 0.124403 -0.038385 3.403537 -0.588072 -0.035709 0.004488 0.137956 0.026820 -3.268396 -1.204110 -3.733096 -0.002265 0.056032 0.002855 -1.822263 -3.032000 -5.271777 -0.013390 0.211636 -0.033468 -1.632113 11.467952 0.014985 0.010113 0.088938 0.050410 12.566855 9.623741 -2.794008 0.071703 0.114000 -0.018898 -7.766327 -13.061182 -2.592406 0.122921 0.045205 -0.019046 -14.035396 -27.626563 -25.091619 0.255332 -0.015649 -0.022947 42.253002 -73.664048 59.751745 0.265709 0.012698 -0.007375 -7.085549 -7.833471 4.932305 0.086690 -0.010636 -0.015594 -2.993673 -2.491112 -9.684325 -0.082954 0.112472 -0.023707 -10.587636 10.292744 -0.573248 -0.113228 0.046853 -0.008472 -14.656211 19.777948 34.565713 -0.260127 -0.014369 -0.031269 30.170926 70.449979 -55.288684 -0.269108 0.006794 -0.006027 -6.855823 6.666534 -3.456042 -0.088754 -0.008651 -0.010107 -3.375987 4.086245 10.310011 
-0.195672 -0.090931 2.579474 -0.000000 0.000000 -0.000000 -0.197846 0.881792 2.608058 -175.463544 -4.074341 0.348427 0.058581 -0.082280 -0.017664 -5.756411 0.090016 12.400937 0.043451 -0.386469 0.008037 26.972152 -12.842000 -2.777740 -0.014790 -0.426874 -0.037428 -1.994020 5.893990 -13.703128 0.041054 -0.060286 0.122043 -15.736904 1.731788 17.502594 -0.060310 -0.090513 -0.013542 -8.868591 -0.142195 -14.351793 -0.043257 -0.383688 -0.004843 32.275335 9.829825 -0.291992 0.019056 -0.420046 -0.034562 -4.331974 -9.807969 14.916425 -0.034840 -0.062105 0.130323 -9.528217 5.818473 -18.825495 0.004439 0.124404 -0.038385 3.503973 -0.627822 -0.017542 0.004488 0.137957 0.026821 -2.767726 -1.310670 -3.506472 -0.002265 0.056032 0.002856 -0.576090 -3.212499 -4.746430 -0.013390 0.211636 -0.033467 -2.095695 10.502074 0.756618 0.010113 0.088937 0.050410 12.377109 8.864587 -3.072391 0.071702 0.113999 -0.018898 -6.437117 -12.890797 -2.435625 0.122922 0.045205 -0.019046 -10.555759 -27.198624 -25.368743 0.255332 -0.015649 -0.022947 50.741602 -73.924162 65.393993 0.265709 0.012698 -0.007375 -7.110218 -7.937829 4.811436 0.086690 -0.010636 -0.015594 -3.216426 -2.523285 -9.748228 -0.082954 0.112472 -0.023707 -10.411152 10.699638 -0.298716 -0.113228 0.046853 -0.008472 -15.099836 20.730825 37.303864 -0.260128 -0.014369 -0.031269 29.753899 69.768484 -54.161266 -0.269108 0.006794 -0.006027 -6.739807 6.669278 -3.614413 -0.088753 -0.008652 -0.010107 -3.531761 4.228045 10.383762 
-0.195672 -0.090931 2.579474 -0.000000 0.000000 -0.000000 -0.197846 0.881792 2.608058 -175.463544 -4.074341 0.348427 0.058581 -0.082280 -0.017664 -5.693229 0.111984 12.280356 0.043451 -0.386469 0.008037 26.936367 -12.792773 -2.968086 -0.014790 -0.426874 -0.037428 -2.182463 5.641970 -13.739449 0.041054 -0.060286 0.122042 -15.868922 1.933418 17.799478 -0.060310 -0.090513 -0.013542 -9.204312 -0.364874 -14.563929 -0.043257 -0.383688 -0.004842 33.065106 10.054610 0.508116 0.019056 -0.420046 -0.034562 -3.189237 -8.785872 15.223004 -0.034840 -0.062105 0.130323 -9.644133 5.551441 -18.607589 0.004439 0.124403 -0.038385 3.588916 -0.552309 -0.025301 0.004488 0.137956 0.026821 -2.172691 -1.314585 -3.218341 -0.002265 0.056032 0.002855 0.974912 -3.106212 -4.002061 -0.013390 0.211636 -0.033467 -2.579983 9.008670 1.499635 0.010113 0.088937 0.050410 12.062024 7.688629 -3.393914 0.071703 0.114000 -0.018897 -4.860220 -12.535017 -2.321383 0.122921 0.045205 -0.019046 -6.524988 -26.590428 -26.378226 0.255331 -0.015649 -0.022947 61.546350 -73.865388 72.805725 0.265709 0.012698 -0.007375 -7.143057 -8.050504 4.634263 0.086690 -0.010636 -0.015594 -3.529981 -2.572668 -9.829851 -0.082954 0.112472 -0.023707 -10.084405 11.194035 0.102912 -0.113228 0.046853 -0.008472 -15.670397 21.969923 41.120505 -0.260127 -0.014369 -0.031269 29.431791 68.922496 -52.644284 -0.269109 0.006793 -0.006027 -6.512390 6.667228 -3.796951 -0.088754 -0.008651 -0.010107 -3.765748 4.394747 10.474258 
-0.195672 -0.090931 2.579474 -0.000000 0.000000 -0.000000 -0.197846 0.881792 2.608058 -175.463544 -4.074341 0.348427 0.058581 -0.082280 -0.017664 -5.759832 0.149576 12.106310 0.043451 -0.386469 0.008037 26.990995 -12.659820 -3.204837 -0.014790 -0.426874 -0.037428 -2.381182 5.412080 -13.763036 0.041054 -0.060286 0.122042 -15.980274 2.087049 18.134842 -0.060310 -0.090513 -0.013542 -9.288046 -0.870125 -14.749018 -0.043257 -0.383688 -0.004843 34.356992 10.317638 1.638791 0.019055 -0.420046 -0.034562 -2.153322 -7.721267 15.459831 -0.034840 -0.062105 0.130323 -9.843513 5.324198 -18.381106 0.004439 0.124404 -0.038385 3.652387 -0.315339 -0.026028 0.004488 0.137956 0.026821 -1.592277 -1.141268 -2.921109 -0.002265 0.056032 0.002855 2.637409 -2.543541 -3.210090 -0.013390 0.211636 -0.033468 -3.198235 6.848874 2.112732 0.010113 0.088938 0.050410 11.516377 5.970103 -3.786630 0.071702 0.114000 -0.018898 -3.168320 -11.917974 -2.341808 0.122922 0.045205 -0.019046 -2.247902 -25.811934 -28.403516 0.255332 -0.015649 -0.022947 73.623934 -73.288183 81.234752 0.265709 0.012698 -0.007374 -7.213534 -8.150283 4.395786 0.086691 -0.010636 -0.015594 -3.931794 -2.637440 -9.938762 -0.082954 0.112472 -0.023708 -9.666578 11.766067 0.728803 -0.113228 0.046853 -0.008472 -16.501867 23.317465 45.690813 -0.260127 -0.014369 -0.031269 28.298112 67.724611 -49.993153 -0.269108 0.006794 -0.006027 -6.106647 6.666453 -4.020500 -0.088754 -0.008652 -0.010107 -4.075409 4.575672 10.576957 
-0.195672 -0.090931 2.579474 -0.000000 0.000000 -0.000000 -0.197846 0.881792 2.608058 -175.463544 -4.074341 0.348427 0.058581 -0.082280 -0.017664 -6.009747 0.145554 11.705620 0.043452 -0.386469 0.008037 27.218394 -12.515438 -3.469861 -0.014790 -0.426874 -0.037428 -2.666956 5.221908 -13.732647 0.041054 -0.060286 0.122042 -16.088058 2.149005 18.522069 -0.060310 -0.090513 -0.013542 -9.027822 -1.727327 -15.156046 -0.043257 -0.383688 -0.004843 36.428964 10.649724 3.077495 0.019056 -0.420045 -0.034562 -1.273217 -6.738684 15.630459 -0.034840 -0.062105 0.130323 -10.171673 5.233492 -18.197772 0.004439 0.124404 -0.038385 3.720298 0.120870 0.020237 0.004488 0.137956 0.026821 -1.145323 -0.722697 -2.634817 -0.002265 0.056033 0.002855 4.140957 -1.427322 -2.516181 -0.013390 0.211636 -0.033467 -3.992063 4.017247 2.502857 0.010113 0.088937 0.050410 10.688170 3.584419 -4.327949 0.071702 0.114000 -0.018897 -1.397839 -10.936606 -2.488208 0.122921 0.045205 -0.019046 2.110483 -24.679224 -31.368661 0.255332 -0.015649 -0.022946 85.800078 -72.131237 89.826611 0.265710 0.012698 -0.007375 -7.285529 -8.225784 4.139641 0.086690 -0.010636 -0.015594 -4.436171 -2.702143 -10.086993 -0.082954 0.112473 -0.023707 -9.288147 12.391135 1.613442 -0.113228 0.046853 -0.008471 -17.582094 24.441934 50.277012 -0.260127 -0.014369 -0.031269 26.404072 66.098322 -46.555252 -0.269109 0.006794 -0.006027 -5.527099 6.689163 -4.334814 -0.088754 -0.008652 -0.010107 -4.450538 4.749754 10.693133 
-0.195672 -0.090931 2.579474 -0.000000 0.000000 -0.000000 -0.197846 0.881792 2.608058 -175.463544 -4.074341 0.348427 0.058581 -0.082280 -0.017664 -6.589671 0.119835 11.076776 0.043451 -0.386469 0.008037 27.590213 -12.429147 -3.799612 -0.014790 -0.426875 -0.037428 -3.131685 5.067965 -13.654889 0.041054 -0.060286 0.122043 -16.164645 2.111895 18.963146 -0.060310 -0.090513 -0.013542 -8.757585 -2.734491 -15.976916 -0.043257 -0.383688 -0.004843 38.956872 11.089682 4.641485 0.019056 -0.420045 -0.034561 -0.583428 -5.922484 15.836974 -0.034840 -0.062105 0.130323 -10.595252 5.318294 -18.151665 0.004439 0.124404 -0.038385 3.925928 0.676579 0.054494 0.004488 0.137957 0.026821 -0.863544 -0.134694 -2.334482 -0.002265 0.056033 0.002856 5.362209 0.017728 -1.969778 -0.013390 0.211636 -0.033468 -4.996715 0.836822 2.603808 0.010113 0.088938 0.050410 9.635043 0.654158 -5.036224 0.071702 0.114000 -0.018898 0.399246 -9.552872 -2.700635 0.122921 0.045205 -0.019046 6.172438 -22.985909 -34.819113 0.255332 -0.015649 -0.022946 95.521486 -70.738111 96.526453 0.265709 0.012698 -0.007375 -7.265231 -8.254465 3.909301 0.086690 -0.010636 -0.015594 -5.027753 -2.750263 -10.265318 -0.082954 0.112473 -0.023708 -9.039931 12.951625 2.768184 -0.113228 0.046853 -0.008472 -18.438616 25.007397 53.847272 -0.260128 -0.014369 -0.031269 24.108759 64.195452 -42.984184 -0.269109 0.006794 -0.006027 -4.894329 6.732663 -4.703559 -0.088754 -0.008652 -0.010107 -4.869384 4.884083 10.819932 
-0.195672 -0.090931 2.579474 -0.000000 0.000000 -0.000000 -0.197846 0.881792 2.608058 -175.463544 -4.074341 0.348427 0.058581 -0.082280 -0.017664 -7.554770 0.089117 10.279363 0.043451 -0.386470 0.008037 28.040920 -12.404187 -4.204418 -0.014790 -0.426874 -0.037428 -3.649849 4.956339 -13.530199 0.041054 -0.060286 0.122043 -16.215994 2.022337 19.406680 -0.060310 -0.090513 -0.013542 -8.864803 -3.575206 -16.875941 -0.043257 -0.383688 -0.004843 41.677411 11.634714 6.156970 0.019055 -0.420046 -0.034562 -0.089936 -5.242466 16.124760 -0.034840 -0.062106 0.130323 -11.045930 5.583587 -18.255800 0.004439 0.124404 -0.038385 4.344329 1.250964 0.024491 0.004488 0.137957 0.026820 -0.712401 0.529826 -1.989306 -0.002265 0.056032 0.002855 6.321250 1.512539 -1.515815 -0.013390 0.211636 -0.033467 -6.308482 -2.362835 2.481328 0.010113 0.088937 0.050411 8.430072 -2.557993 -5.787689 0.071702 0.114000 -0.018898 2.234386 -7.911848 -3.029470 0.122921 0.045205 -0.019047 9.901711 -20.830376 -38.365132 0.255332 -0.015649 -0.022947 103.392508 -69.347887 102.021108 0.265709 0.012698 -0.007375 -7.078090 -8.246549 3.719800 0.086690 -0.010636 -0.015594 -5.678043 -2.781047 -10.460105 -0.082954 0.112472 -0.023706 -8.877526 13.347389 4.039871 -0.113228 0.046853 -0.008471 -18.524899 24.864578 55.852130 -0.260127 -0.014369 -0.031269 22.028567 62.279700 -40.009284 -0.269108 0.006794 -0.006027 -4.297531 6.796032 -5.078962 -0.088753 -0.008652 -0.010107 -5.303557 4.976370 10.969804 
-0.195672 -0.090931 2.579474 -0.000000 0.000000 -0.000000 -0.197846 0.881792 2.608058 -175.463544 -4.074341 0.348427 0.058581 -0.082280 -0.017664 -8.814165 0.092017 9.398356 0.043451 -0.386469 0.008038 28.529576 -12.418401 -4.716212 -0.014790 -0.426874 -0.037428 -4.076174 4.873184 -13.351342 0.041054 -0.060286 0.122043 -16.234059 1.957806 19.800121 -0.060310 -0.090513 -0.013542 -9.569211 -4.062705 -17.571389 -0.043257 -0.383688 -0.004843 44.443518 12.211754 7.486267 0.019056 -0.420046 -0.034562 0.195004 -4.685928 16.468259 -0.034840 -0.062106 0.130323 -11.467931 5.987174 -18.478882 0.004439 0.124404 -0.038385 4.937734 1.779640 -0.042301 0.004488 0.137956 0.026820 -0.640411 1.216143 -1.609465 -0.002265 0.056033 0.002855 7.016322 2.852132 -1.138320 -0.013390 0.211636 -0.033467 -7.888466 -5.266637 2.209740 0.010113 0.088937 0.050410 7.209811 -5.713702 -6.442974 0.071702 0.114000 -0.018898 4.044319 -6.150784 -3.579677 0.122921 0.045205 -0.019045 13.280512 -18.613230 -41.721381 0.255332 -0.015649 -0.022946 110.191421 -67.909846 106.909256 0.265709 0.012698 -0.007375 -6.666940 -8.210135 3.575964 0.086691 -0.010635 -0.015594 -6.372479 -2.797235 -10.653023 -0.082954 0.112472 -0.023708 -8.635319 13.493723 5.336297 -0.113228 0.046853 -0.008472 -17.528132 24.070616 56.309838 -0.260127 -0.014369 -0.031269 20.555885 60.583423 -37.875445 -0.269108 0.006794 -0.006027 -3.708709 6.864632 -5.422258 -0.088754 -0.008652 -0.010107 -5.748219 5.038502 11.136597 
-0.195672 -0.090931 2.579474 -0.000000 0.000000 -0.000000 -0.197846 0.881792 2.608058 -175.463544 -4.074341 0.348427 0.058581 -0.082280 -0.017664 -10.160201 0.169195 8.486922 0.043451 -0.386469 0.008036 28.993658 -12.446028 -5.358199 -0.014790 -0.426874 -0.037428 -4.371796 4.796339 -13.091164 0.041054 -0.060286 0.122043 -16.177996 1.936062 20.084661 -0.060310 -0.090513 -0.013542 -10.763561 -4.193506 -18.065570 -0.043257 -0.383688 -0.004843 47.111192 12.757559 8.586360 0.019056 -0.420046 -0.034562 0.351704 -4.270762 16.816470 -0.034840 -0.062106 0.130323 -11.803913 6.493511 -18.790521 0.004439 0.124403 -0.038385 5.638852 2.191184 -0.112943 0.004488 0.137956 0.026820 -0.618505 1.831467 -1.173381 -0.002265 0.056032 0.002855 7.392320 3.823925 -0.693549 -0.013390 0.211636 -0.033467 -9.634049 -7.619436 1.751210 0.010113 0.088938 0.050410 6.153419 -8.517470 -6.961214 0.071702 0.114000 -0.018898 5.631607 -4.352543 -4.406319 0.122921 0.045205 -0.019046 16.092908 -16.528989 -44.492901 0.255332 -0.015650 -0.022946 114.900557 -66.618380 110.021452 0.265709 0.012698 -0.007375 -6.021983 -8.142658 3.457499 0.086690 -0.010636 -0.015594 -7.109878 -2.813435 -10.833614 -0.082954 0.112473 -0.023707 -8.223213 13.268377 6.755776 -0.113229 0.046853 -0.008472 -15.528386 22.774936 55.579070 -0.260128 -0.014369 -0.031270 19.899485 59.394376 -36.613120 -0.269108 0.006794 -0.006027 -3.031763 6.920088 -5.718531 -0.088754 -0.008652 -0.010107 -6.207238 5.078144 11.300319 
-0.195672 -0.090931 2.579474 -0.000000 0.000000 -0.000000 -0.197846 0.881792 2.608058 -175.463544 -4.074341 0.348427 0.058581 -0.082280 -0.017664 -11.368141 0.283634 7.576380 0.043451 -0.386469 0.008037 29.411990 -12.479691 -6.088565 -0.014790 -0.426874 -0.037428 -4.383146 4.662683 -12.738206 0.041054 -0.060286 0.122043 -16.033138 1.994520 20.191439 -0.060310 -0.090513 -0.013542 -12.025415 -3.996542 -18.290833 -0.043257 -0.383688 -0.004843 49.434140 13.184337 9.279720 0.019056 -0.420046 -0.034562 0.306980 -4.099477 17.033047 -0.034840 -0.062106 0.130323 -12.006673 7.037435 -19.101077 0.004439 0.124404 -0.038385 6.419943 2.424210 -0.145219 0.004488 0.137956 0.026820 -0.618124 2.259730 -0.716521 -0.002265 0.056032 0.002855 7.328129 4.313964 -0.133875 -0.013390 0.211636 -0.033468 -11.231255 -9.111711 1.128057 0.010113 0.088937 0.050410 5.462779 -10.546359 -7.282168 0.071702 0.114000 -0.018898 6.641745 -2.877821 -5.314067 0.122921 0.045205 -0.019045 17.735208 -14.749372 -46.284685 0.255332 -0.015649 -0.022946 116.348926 -65.894783 110.470694 0.265709 0.012698 -0.007375 -5.332782 -8.044562 3.379353 0.086690 -0.010636 -0.015594 -7.781855 -2.841964 -10.998128 -0.082954 0.112472 -0.023707 -7.728326 12.781462 8.104739 -0.113229 0.046853 -0.008472 -13.103796 21.324040 53.974986 -0.260127 -0.014369 -0.031270 20.193413 59.059963 -36.429722 -0.269108 0.006794 -0.006027 -2.286752 6.975604 -6.003431 -0.088754 -0.008652 -0.010107 -6.613276 5.101972 11.445860 
-0.195672 -0.090931 2.579474 -0.000000 0.000000 -0.000000 -0.197846 0.881792 2.608058 -175.463544 -4.074341 0.348427 0.058581 -0.082280 -0.017664 -12.340195 0.435305 6.617111 0.043451 -0.386469 0.008037 29.819561 -12.474186 -6.866632 -0.014790 -0.426874 -0.037428 -4.086373 4.459306 -12.294368 0.041054 -0.060286 0.122042 -15.806303 2.142825 20.042348 -0.060310 -0.090513 -0.013542 -13.069335 -3.552483 -18.096272 -0.043257 -0.383688 -0.004843 51.109520 13.344055 9.465881 0.019056 -0.420045 -0.034562 -0.040691 -4.298344 17.005363 -0.034840 -0.062106 0.130323 -12.067375 7.566000 -19.311091 0.004439 0.124403 -0.038385 7.267001 2.463017 -0.140550 0.004488 0.137957 0.026821 -0.605927 2.414682 -0.281909 -0.002265 0.056032 0.002855 6.986849 4.319243 0.506244 -0.013390 0.211636 -0.033467 -12.603484 -9.728904 0.415026 0.010113 0.088937 0.050410 5.110489 -11.679387 -7.399763 0.071703 0.114000 -0.018898 7.043742 -1.941648 -6.168404 0.122921 0.045206 -0.019046 18.216053 -13.415219 -47.196156 0.255332 -0.015649 -0.022947 114.799456 -65.833270 108.486832 0.265709 0.012698 -0.007375 -4.697331 -7.927005 3.384335 0.086691 -0.010636 -0.015594 -8.323812 -2.891235 -11.137716 -0.082954 0.112473 -0.023707 -7.272909 12.141983 9.254646 -0.113228 0.046853 -0.008471 -10.664997 19.910963 51.896553 -0.260128 -0.014369 -0.031269 21.172695 59.483469 -37.109955 -0.269108 0.006794 -0.006027 -1.540410 7.036095 -6.284913 -0.088753 -0.008652 -0.010107 -6.930911 5.124558 11.573514 
-0.195672 -0.090931 2.579474 -0.000000 0.000000 -0.000000 -0.197846 0.881792 2.608058 -175.463544 -4.074341 0.348427 0.058581 -0.082280 -0.017664 -13.044664 0.614460 5.693757 0.043451 -0.386469 0.008037 30.148243 -12.389964 -7.591550 -0.014790 -0.426874 -0.037428 -3.562253 4.240819 -11.817190 0.041054 -0.060286 0.122042 -15.510559 2.334654 19.675465 -0.060310 -0.090513 -0.013542 -13.864426 -2.970052 -17.450049 -0.043257 -0.383688 -0.004843 51.947963 13.170597 9.225095 0.019056 -0.420046 -0.034562 -0.680943 -4.861152 16.722856 -0.034840 -0.062106 0.130323 -11.997116 8.029926 -19.360747 0.004439 0.124403 -0.038385 8.110856 2.314620 -0.151060 0.004488 0.137957 0.026820 -0.595583 2.278780 0.080643 -0.002265 0.056033 0.002855 6.550025 3.901220 1.131474 -0.013390 0.211636 -0.033467 -13.710383 -9.617278 -0.282226 0.010113 0.088937 0.050410 5.022535 -12.021273 -7.370177 0.071703 0.114000 -0.018898 6.992131 -1.540908 -6.911887 0.122921 0.045205 -0.019046 17.903370 -12.550839 -47.366815 0.255332 -0.015649 -0.022946 110.944805 -66.313904 104.507912 0.265710 0.012698 -0.007375 -4.107865 -7.809760 3.493155 0.086691 -0.010636 -0.015594 -8.735060 -2.952493 -11.224679 -0.082954 0.112472 -0.023707 -6.917065 11.411836 10.162800 -0.113228 0.046853 -0.008473 -8.440572 18.636400 49.697481 -0.260127 -0.014370 -0.031269 22.545884 60.361148 -38.248291 -0.269109 0.006794 -0.006027 -0.883456 7.102240 -6.540169 -0.088754 -0.008652 -0.010107 -7.148844 5.146923 11.666079 
-0.195672 -0.090931 2.579474 -0.000000 0.000000 -0.000000 -0.197846 0.881792 2.608058 -175.463544 -4.074341 0.348427 0.058581 -0.082280 -0.017664 -13.525893 0.780165 4.804898 0.043451 -0.386470 0.008038 30.393765 -12.220076 -8.207581 -0.014790 -0.426874 -0.037428 -2.827798 4.034342 -11.320189 0.041054 -0.060286 0.122042 -15.185013 2.566823 19.145099 -0.060310 -0.090513 -0.013542 -14.458232 -2.280138 -16.347855 -0.043257 -0.383688 -0.004842 51.876253 12.712031 8.632957 0.019056 -0.420046 -0.034562 -1.614215 -5.704313 16.197205 -0.034840 -0.062106 0.130323 -11.832626 8.423007 -19.259469 0.004439 0.124404 -0.038385 8.911937 1.999974 -0.176702 0.004488 0.137957 0.026821 -0.610925 1.892152 0.362051 -0.002265 0.056032 0.002855 6.050396 3.151889 1.655823 -0.013390 0.211636 -0.033467 -14.506031 -9.026367 -0.810896 0.010113 0.088937 0.050410 5.171646 -11.742274 -7.207877 0.071702 0.114000 -0.018897 6.616607 -1.614296 -7.536812 0.122921 0.045205 -0.019046 16.974434 -12.037466 -47.020733 0.255332 -0.015649 -0.022946 105.096626 -67.073878 98.831266 0.265709 0.012698 -0.007375 -3.579544 -7.696533 3.699070 0.086690 -0.010636 -0.015594 -9.014113 -3.013637 -11.251338 -0.082954 0.112473 -0.023707 -6.641941 10.713245 10.796784 -0.113228 0.046853 -0.008470 -6.445127 17.438180 47.384086 -0.260127 -0.014370 -0.031269 24.339632 61.491312 -39.821430 -0.269109 0.006794 -0.006027 -0.362207 7.191238 -6.763149 -0.088754 -0.008651 -0.010107 -7.264350 5.167529 11.719705 
-0.195672 -0.090931 2.579474 -0.000000 0.000000 -0.000000 -0.197846 0.881792 2.608058 -175.463544 -4.074341 0.348427 0.058581 -0.082280 -0.017664 -13.713478 0.877953 3.955561 0.043451 -0.386470 0.008037 30.520878 -12.000442 -8.629173 -0.014790 -0.426874 -0.037428 -1.900711 3.910722 -10.821579 0.041054 -0.060286 0.122042 -14.861506 2.809110 18.481524 -0.060310 -0.090513 -0.013542 -14.876075 -1.491402 -14.666153 -0.043257 -0.383688 -0.004843 50.642403 12.018094 7.800078 0.019056 -0.420046 -0.034562 -2.820066 -6.709252 15.472339 -0.034840 -0.062105 0.130324 -11.582372 8.747440 -19.024039 0.004439 0.124404 -0.038385 9.581227 1.531491 -0.264761 0.004488 0.137957 0.026821 -0.696119 1.290804 0.514194 -0.002265 0.056032 0.002855 5.417736 2.129667 1.972064 -0.013390 0.211636 -0.033467 -14.964152 -8.095269 -0.990271 0.010113 0.088937 0.050410 5.586778 -10.900321 -6.873084 0.071702 0.114000 -0.018897 5.929830 -2.175896 -8.011231 0.122921 0.045205 -0.019046 15.489872 -11.808518 -46.238069 0.255332 -0.015649 -0.022947 97.067411 -67.894717 91.294358 0.265709 0.012698 -0.007375 -3.120411 -7.614721 3.996818 0.086691 -0.010636 -0.015594 -9.136496 -3.078925 -11.214247 -0.082954 0.112472 -0.023707 -6.494457 10.161476 11.095927 -0.113228 0.046853 -0.008472 -4.824653 16.365120 44.988035 -0.260128 -0.014369 -0.031268 26.918993 62.880238 -42.261966 -0.269108 0.006794 -0.006027 -0.036336 7.337729 -6.961507 -0.088754 -0.008652 -0.010107 -7.254740 5.184620 11.745186 
-0.195672 -0.090931 2.579474 -0.000000 0.000000 -0.000000 -0.197846 0.881792 2.608058 -175.463544 -4.074341 0.348427 0.058581 -0.082280 -0.017664 -13.755011 0.793822 3.382101 0.043451 -0.386469 0.008036 30.469481 -11.807605 -8.795362 -0.014790 -0.426874 -0.037428 -0.807554 3.868423 -10.429854 0.041054 -0.060286 0.122043 -14.517224 2.986739 17.829620 -0.060310 -0.090513 -0.013542 -15.149981 -0.680451 -12.574961 -0.043257 -0.383688 -0.004843 48.394277 11.149858 6.821400 0.019056 -0.420046 -0.034562 -4.178259 -7.763590 14.642985 -0.034840 -0.062105 0.130323 -11.256148 8.949739 -18.661040 0.004439 0.124403 -0.038385 10.077927 0.988683 -0.469148 0.004488 0.137956 0.026820 -0.911093 0.600614 0.498518 -0.002265 0.056032 0.002856 4.501461 0.968748 2.038058 -0.013390 0.211636 -0.033467 -14.965283 -6.928321 -0.746428 0.010113 0.088937 0.050410 6.242277 -9.577719 -6.360425 0.071702 0.114000 -0.018898 4.930080 -3.191187 -8.224306 0.122921 0.045205 -0.019046 13.427287 -11.862187 -44.856079 0.255332 -0.015649 -0.022946 86.943588 -68.512487 82.048385 0.265709 0.012698 -0.007375 -2.760591 -7.578393 4.353147 0.086691 -0.010636 -0.015594 -9.099966 -3.143316 -11.106230 -0.082954 0.112472 -0.023707 -6.566464 9.897876 10.963658 -0.113228 0.046853 -0.008472 -3.843943 15.594039 42.364819 -0.260128 -0.014369 -0.031269 30.406414 64.447623 -45.743764 -0.269109 0.006794 -0.006027 0.051840 7.551215 -7.130201 -0.088754 -0.008651 -0.010107 -7.109373 5.183160 11.725980 
-0.195672 -0.090931 2.579474 -0.000000 0.000000 -0.000000 -0.197846 0.881792 2.608058 -175.463544 -4.074341 0.348427 0.058581 -0.082280 -0.017664 -13.870183 0.474333 3.225163 0.043451 -0.386469 0.008036 30.257605 -11.649100 -8.680814 -0.014790 -0.426874 -0.037429 0.463828 3.885719 -10.174653 0.041054 -0.060286 0.122042 -14.097867 3.090473 17.197325 -0.060310 -0.090513 -0.013542 -15.221691 0.108841 -10.249221 -0.043257 -0.383688 -0.004843 45.291633 10.103765 5.665433 0.019056 -0.420045 -0.034562 -5.652083 -8.829378 13.704492 -0.034840 -0.062105 0.130323 -10.885331 8.984947 -18.156608 0.004439 0.124403 -0.038385 10.437097 0.406213 -0.782023 0.004488 0.137956 0.026821 -1.272436 -0.115828 0.335811 -0.002265 0.056033 0.002855 3.123934 -0.309737 1.856104 -0.013390 0.211636 -0.033467 -14.382418 -5.597578 -0.120376 0.010113 0.088937 0.050410 7.101556 -7.873498 -5.620949 0.071703 0.114000 -0.018898 3.601517 -4.565000 -8.167457 0.122921 0.045205 -0.019045 10.576837 -12.235443 -42.651212 0.255332 -0.015649 -0.022946 74.896931 -68.609824 71.484610 0.265709 0.012698 -0.007375 -2.512821 -7.584614 4.760248 0.086691 -0.010636 -0.015594 -8.881344 -3.197672 -10.933756 -0.082954 0.112472 -0.023707 -6.858446 9.947417 10.403096 -0.113228 0.046853 -0.008471 -3.540945 15.143720 39.323510 -0.260127 -0.014369 -0.031269 34.907574 66.094047 -50.392627 -0.269109 0.006794 -0.006027 -0.079645 7.817001 -7.245056 -0.088754 -0.008652 -0.010107 -6.834185 5.152338 11.657697 
-0.195672 -0.090931 2.579474 -0.000000 0.000000 -0.000000 -0.197846 0.881792 2.608058 -175.463544 -4.074341 0.348427 0.058581 -0.082280 -0.017664 -14.227023 -0.052501 3.611098 0.043451 -0.386469 0.008036 29.985179 -11.501911 -8.260597 -0.014790 -0.426875 -0.037428 1.944664 3.977728 -10.070736 0.041054 -0.060286 0.122042 -13.567918 3.115760 16.584901 -0.060310 -0.090513 -0.013542 -15.059503 0.829983 -7.777997 -0.043257 -0.383688 -0.004842 41.569354 8.924750 4.318251 0.019055 -0.420046 -0.034562 -7.241680 -9.830363 12.651057 -0.034840 -0.062105 0.130323 -10.534125 8.821418 -17.519456 0.004439 0.124403 -0.038385 10.696386 -0.162417 -1.192453 0.004488 0.137956 0.026820 -1.744060 -0.779022 0.063729 -0.002265 0.056032 0.002855 1.188340 -1.621246 1.441516 -0.013390 0.211635 -0.033467 -13.174467 -4.170226 0.774431 0.010113 0.088937 0.050410 8.097977 -5.950279 -4.622013 0.071702 0.114000 -0.018898 2.026352 -6.109404 -7.940802 0.122921 0.045205 -0.019047 6.976829 -13.048570 -39.763872 0.255332 -0.015649 -0.022946 62.671494 -68.003324 61.342844 0.265708 0.012698 -0.007375 -2.343529 -7.647738 5.239048 0.086690 -0.010636 -0.015594 -8.496362 -3.233119 -10.722577 -0.082954 0.112472 -0.023707 -7.270951 10.179565 9.531304 -0.113228 0.046854 -0.008472 -3.864761 15.098989 36.153035 -0.260128 -0.014369 -0.031270 40.948384 67.794538 -56.666589 -0.269108 0.006794 -0.006027 -0.385811 8.114790 -7.309268 -0.088754 -0.008652 -0.010107 -6.464696 5.084421 11.560347 
-0.195672 -0.090931 2.579474 -0.000000 0.000000 -0.000000 -0.197846 0.881792 2.608058 -175.463544 -4.074341 0.348427 0.058581 -0.082280 -0.017664 -14.886437 -0.726502 4.593308 0.043451 -0.386469 0.008037 29.795242 -11.294642 -7.533013 -0.014790 -0.426874 -0.037428 3.554391 4.205050 -10.099382 0.041054 -0.060286 0.122043 -12.986038 3.093100 16.051703 -0.060310 -0.090513 -0.013542 -14.579198 1.377247 -5.231538 -0.043257 -0.383688 -0.004843 37.644772 7.752300 2.947881 0.019055 -0.420046 -0.034562 -8.908500 -10.617020 11.565794 -0.034840 -0.062106 0.130324 -10.264538 8.489495 -16.802812 0.004439 0.124404 -0.038385 10.871107 -0.610111 -1.689510 0.004488 0.137956 0.026820 -2.267611 -1.288058 -0.321887 -0.002265 0.056032 0.002855 -1.158530 -2.758331 0.736268 -0.013390 0.211635 -0.033467 -11.539570 -2.754645 1.834090 0.010113 0.088938 0.050410 9.088657 -3.988890 -3.361069 0.071703 0.114000 -0.018898 0.293146 -7.630920 -7.758505 0.122921 0.045205 -0.019046 2.926720 -14.445579 -36.671504 0.255332 -0.015650 -0.022946 52.318610 -66.924844 53.472667 0.265710 0.012698 -0.007375 -2.211028 -7.784163 5.832361 0.086691 -0.010636 -0.015594 -7.998262 -3.248660 -10.509727 -0.082954 0.112472 -0.023707 -7.677333 10.480296 8.533299 -0.113228 0.046853 -0.008471 -4.596441 15.533828 33.405475 -0.260127 -0.014369 -0.031269 48.772055 69.314980 -64.685559 -0.269108 0.006794 -0.006027 -0.781991 8.428233 -7.362568 -0.088754 -0.008652 -0.010107 -6.056678 4.995726 11.457117 
-0.195672 -0.090931 2.579474 -0.000000 0.000000 -0.000000 -0.197846 0.881792 2.608058 -175.463544 -4.074341 0.348427 0.058581 -0.082280 -0.017664 -15.765748 -1.537703 5.976306 0.043451 -0.386469 0.008037 29.822378 -11.029039 -6.530279 -0.014790 -0.426874 -0.037428 4.948201 4.624805 -10.216518 0.041054 -0.060286 0.122042 -12.529398 3.076834 15.745031 -0.060310 -0.090513 -0.013542 -13.738660 1.657246 -2.905289 -0.043257 -0.383688 -0.004843 34.152971 6.813879 1.926817 0.019056 -0.420045 -0.034562 -10.417627 -11.037276 10.682825 -0.034840 -0.062106 0.130323 -10.108270 8.077459 -16.129905 0.004439 0.124404 -0.038385 10.972263 -0.803796 -2.170571 0.004488 0.137956 0.026820 -2.754125 -1.523873 -0.800733 -0.002265 0.056033 0.002856 -3.366943 -3.397112 -0.210238 -0.013390 0.211636 -0.033468 -9.978535 -1.524321 2.877689 0.010113 0.088937 0.050410 9.847855 -2.254885 -2.019238 0.071703 0.114000 -0.018898 -1.382581 -8.906422 -7.871327 0.122921 0.045205 -0.019046 -0.846290 -16.260850 -34.252173 0.255332 -0.015649 -0.022947 44.806953 -65.801175 48.275022 0.265710 0.012698 -0.007375 -2.136906 -7.951682 6.479182 0.086691 -0.010636 -0.015594 -7.520989 -3.254691 -10.345606 -0.082954 0.112472 -0.023707 -7.964269 10.830052 7.657946 -0.113228 0.046853 -0.008472 -5.403966 16.464221 31.722049 -0.260127 -0.014369 -0.031270 56.936669 70.292298 -72.876896 -0.269109 0.006794 -0.006027 -1.179626 8.706666 -7.460107 -0.088754 -0.008651 -0.010107 -5.701288 4.916745 11.376487 
-0.195672 -0.090931 2.579474 -0.000000 0.000000 -0.000000 -0.197846 0.881792 2.608058 -175.463544 -4.074341 0.348427 0.058581 -0.082280 -0.017664 -16.613189 -2.690047 7.317775 0.043451 -0.386469 0.008037 30.011448 -10.842445 -5.201433 -0.014790 -0.426874 -0.037428 5.956708 5.171334 -10.321566 0.041054 -0.060286 0.122042 -12.280928 3.071576 15.652261 -0.060310 -0.090513 -0.013542 -12.746304 1.776130 -0.770825 -0.043257 -0.383688 -0.004843 31.213032 6.121552 1.346101 0.019056 -0.420045 -0.034562 -11.616174 -11.138147 10.029347 -0.034840 -0.062105 0.130323 -10.022702 7.636186 -15.486660 0.004439 0.124404 -0.038385 11.108667 -0.776430 -2.593499 0.004488 0.137957 0.026821 -3.160217 -1.527947 -1.329198 -0.002265 0.056032 0.002855 -5.100581 -3.541382 -1.256057 -0.013390 0.211636 -0.033467 -8.870200 -0.480917 3.859719 0.010113 0.088937 0.050410 10.243965 -0.760110 -0.754963 0.071703 0.114000 -0.018898 -2.886824 -9.940645 -8.387631 0.122921 0.045205 -0.019047 -3.959324 -18.243963 -32.904225 0.255332 -0.015649 -0.022947 39.000571 -64.617893 44.115891 0.265709 0.012698 -0.007375 -2.100730 -8.074623 7.074946 0.086691 -0.010636 -0.015595 -7.161186 -3.263567 -10.237570 -0.082954 0.112472 -0.023707 -8.043080 11.289731 6.974093 -0.113228 0.046853 -0.008472 -5.925995 17.909005 31.280450 -0.260128 -0.014369 -0.031269 64.107889 70.734402 -79.630478 -0.269108 0.006794 -0.006027 -1.563088 8.905965 -7.576291 -0.088754 -0.008652 -0.010107 -5.429325 4.859806 11.326720 
-0.195672 -0.090931 2.579474 -0.000000 0.000000 -0.000000 -0.197846 0.881792 2.608058 -175.463544 -4.074341 0.348427 0.058581 -0.082280 -0.017664 -17.094483 -4.208372 8.328599 0.043451 -0.386469 0.008037 30.225097 -10.840642 -3.671605 -0.014791 -0.426874 -0.037429 6.569038 5.662401 -10.361031 0.041054 -0.060286 0.122042 -12.240399 3.043080 15.712948 -0.060310 -0.090513 -0.013542 -12.037159 1.787362 1.132924 -0.043257 -0.383688 -0.004843 28.853420 5.574742 1.180955 0.019056 -0.420045 -0.034562 -12.407601 -10.993504 9.559301 -0.034840 -0.062105 0.130323 -9.949538 7.175017 -14.847551 0.004439 0.124403 -0.038385 11.385461 -0.624955 -3.021389 0.004488 0.137956 0.026821 -3.410402 -1.400656 -1.894571 -0.002265 0.056032 0.002856 -6.188729 -3.363866 -2.328006 -0.013390 0.211635 -0.033467 -8.303913 0.403899 4.831352 0.010113 0.088937 0.050410 10.259174 0.557967 0.321274 0.071703 0.114000 -0.018897 -4.033199 -10.837879 -9.213312 0.122921 0.045205 -0.019046 -6.100414 -20.181496 -32.611404 0.255332 -0.015649 -0.022946 34.620767 -63.395029 40.360045 0.265710 0.012698 -0.007375 -2.051269 -8.128136 7.512393 0.086691 -0.010636 -0.015594 -6.970523 -3.272819 -10.174844 -0.082954 0.112472 -0.023706 -7.894964 11.921628 6.481060 -0.113228 0.046853 -0.008472 -5.970726 19.785497 32.023878 -0.260127 -0.014369 -0.031269 69.687225 70.806440 -84.130247 -0.269109 0.006794 -0.006027 -1.935016 9.014438 -7.623750 -0.088753 -0.008651 -0.010107 -5.251880 4.825653 11.308901 
-0.195672 -0.090931 2.579474 -0.000000 0.000000 -0.000000 -0.197846 0.881792 2.608058 -175.463544 -4.074341 0.348427 0.058581 -0.082280 -0.017664 -17.272351 -5.908671 8.888851 0.043451 -0.386470 0.008037 30.538636 -10.938895 -2.095568 -0.014790 -0.426875 -0.037427 6.900433 6.070363 -10.347389 0.041054 -0.060286 0.122042 -12.383264 3.002993 15.874150 -0.060310 -0.090513 -0.013542 -11.776496 1.686504 2.705887 -0.043257 -0.383688 -0.004844 26.836592 5.060328 1.320820 0.019056 -0.420046 -0.034563 -12.875653 -10.667520 9.212576 -0.034840 -0.062105 0.130324 -9.898172 6.638686 -14.189499 0.004439 0.124404 -0.038385 11.818821 -0.416721 -3.479815 0.004488 0.137956 0.026821 -3.484473 -1.208579 -2.511118 -0.002265 0.056033 0.002855 -6.656281 -2.942260 -3.450524 -0.013390 0.211636 -0.033467 -8.073793 1.097085 5.867713 0.010113 0.088938 0.050410 10.030607 1.734110 1.232259 0.071702 0.114000 -0.018898 -4.664636 -11.671460 -10.323543 0.122921 0.045205 -0.019046 -7.138459 -21.995245 -33.334626 0.255332 -0.015649 -0.022946 31.920684 -62.419282 37.189738 0.265709 0.012698 -0.007375 -1.953175 -8.138172 7.811734 0.086691 -0.010636 -0.015594 -6.950413 -3.284622 -10.165514 -0.082954 0.112472 -0.023707 -7.612152 12.692704 6.223007 -0.113228 0.046853 -0.008471 -5.700964 22.094195 33.951590 -0.260128 -0.014369 -0.031269 73.973128 70.632728 -86.650799 -0.269109 0.006794 -0.006027 -2.299059 9.062450 -7.617188 -0.088754 -0.008652 -0.010107 -5.181581 4.815788 11.341396 
-0.195672 -0.090931 2.579474 -0.000000 0.000000 -0.000000 -0.197846 0.881792 2.608058 -175.463544 -4.074341 0.348427 0.058581 -0.082280 -0.017664 -17.354128 -7.533118 8.677731 0.043451 -0.386469 0.008037 31.093528 -11.010632 -0.576664 -0.014790 -0.426874 -0.037427 6.976169 6.447869 -10.236652 0.041054 -0.060286 0.122043 -12.723143 3.015280 16.046146 -0.060310 -0.090513 -0.013542 -12.005984 1.556885 3.784951 -0.043257 -0.383688 -0.004842 25.152607 4.611103 1.582075 0.019056 -0.420045 -0.034562 -13.085778 -10.215773 8.991683 -0.034840 -0.062105 0.130323 -9.961862 6.040279 -13.570961 0.004439 0.124403 -0.038385 12.341222 -0.258343 -3.838120 0.004488 0.137956 0.026820 -3.419637 -1.036087 -3.050525 -0.002265 0.056033 0.002855 -6.545632 -2.450571 -4.445421 -0.013390 0.211635 -0.033467 -8.198163 1.451067 6.893798 0.010113 0.088937 0.050410 9.597832 2.630678 1.949778 0.071702 0.114000 -0.018898 -4.592724 -12.308640 -11.694979 0.122921 0.045205 -0.019047 -6.908567 -23.545532 -35.232657 0.255332 -0.015649 -0.022946 31.224234 -61.985469 34.853257 0.265709 0.012698 -0.007375 -1.809544 -8.107644 8.023620 0.086691 -0.010636 -0.015595 -7.091322 -3.311634 -10.232831 -0.082954 0.112472 -0.023707 -7.233315 13.382653 6.292141 -0.113228 0.046853 -0.008471 -5.260640 24.621746 37.067515 -0.260127 -0.014369 -0.031269 76.522455 70.302154 -86.901767 -0.269109 0.006794 -0.006027 -2.590092 9.046454 -7.636035 -0.088754 -0.008652 -0.010107 -5.247199 4.843523 11.447377 
-0.195672 -0.090931 2.579474 -0.000000 0.000000 -0.000000 -0.197846 0.881792 2.608058 -175.463544 -4.074341 0.348427 0.058581 -0.082280 -0.017664 -17.347453 -8.782551 7.633450 0.043452 -0.386470 0.008036 31.824358 -11.004727 0.809345 -0.014790 -0.426874 -0.037428 6.773044 6.847292 -9.967928 0.041054 -0.060286 0.122042 -13.263035 3.106763 16.131490 -0.060310 -0.090513 -0.013542 -12.603526 1.580427 4.306848 -0.043257 -0.383688 -0.004843 24.182886 4.407678 1.759095 0.019055 -0.420046 -0.034561 -13.126851 -9.731992 8.911303 -0.034840 -0.062106 0.130323 -10.194193 5.558629 -13.126901 0.004439 0.124403 -0.038385 12.732982 -0.246490 -3.916108 0.004488 0.137956 0.026820 -3.328833 -0.952478 -3.255273 -0.002265 0.056032 0.002856 -6.021934 -2.177933 -4.906883 -0.013390 0.211636 -0.033468 -8.807729 1.344964 7.690045 0.010113 0.088937 0.050410 9.037013 3.044480 2.372517 0.071703 0.114000 -0.018898 -3.832108 -12.414490 -13.012217 0.122921 0.045205 -0.019046 -5.513472 -24.442039 -37.858523 0.255332 -0.015649 -0.022946 32.271561 -62.002579 33.514932 0.265709 0.012698 -0.007375 -1.708221 -8.021041 8.154132 0.086691 -0.010636 -0.015594 -7.332137 -3.366147 -10.370105 -0.082954 0.112472 -0.023707 -6.713433 13.549603 6.681421 -0.113228 0.046853 -0.008472 -4.713651 26.660301 40.532084 -0.260127 -0.014369 -0.031270 77.337303 70.015115 -85.542812 -0.269109 0.006794 -0.006027 -2.678287 8.948404 -7.746896 -0.088754 -0.008652 -0.010107 -5.416769 4.903016 11.605941 
-0.195672 -0.090931 2.579474 -0.000000 0.000000 -0.000000 -0.197846 0.881792 2.608058 -175.463544 -4.074341 0.348427 0.058581 -0.082280 -0.017664 -17.226220 -9.528124 6.247239 0.043451 -0.386470 0.008036 32.365613 -10.997544 1.876896 -0.014791 -0.426875 -0.037427 6.391355 7.183442 -9.633465 0.041054 -0.060286 0.122043 -13.850600 3.192285 16.156196 -0.060310 -0.090513 -0.013542 -13.140620 1.769287 4.378294 -0.043257 -0.383688 -0.004842 24.167458 4.464380 1.794843 0.019056 -0.420045 -0.034562 -13.166225 -9.350967 8.896729 -0.034840 -0.062106 0.130323 -10.473089 5.364397 -12.876809 0.004439 0.124404 -0.038385 12.825302 -0.250885 -3.741415 0.004488 0.137957 0.026820 -3.309441 -0.853697 -3.132850 -0.002265 0.056032 0.002855 -5.340295 -1.967743 -4.778401 -0.013390 0.211635 -0.033467 -9.659798 0.875670 8.085413 0.010113 0.088938 0.050410 8.626356 2.943831 2.485444 0.071703 0.114000 -0.018898 -2.889682 -11.981386 -13.827185 0.122922 0.045205 -0.019046 -3.577016 -24.537924 -40.010067 0.255332 -0.015649 -0.022947 34.249420 -62.364804 33.435671 0.265709 0.012698 -0.007375 -1.749841 -7.906400 8.190394 0.086690 -0.010636 -0.015594 -7.546775 -3.425331 -10.509702 -0.082954 0.112472 -0.023707 -6.177580 13.200072 7.142498 -0.113228 0.046853 -0.008472 -4.274622 27.810046 42.831344 -0.260127 -0.014369 -0.031269 77.091744 69.920066 -83.989040 -0.269109 0.006794 -0.006027 -2.506508 8.814857 -7.942464 -0.088754 -0.008651 -0.010108 -5.566982 4.959292 11.728874 
