HIERARCHY
ROOT m_avg_root
{
	OFFSET 0.000000 0.000000 0.000000
	CHANNELS 6 Xposition Yposition Zposition Xrotation Yrotation Zrotation
	JOINT m_avg_Pelvis
	{
		OFFSET -0.002174 0.972724 0.028584
		CHANNELS 6 Xposition Yposition Zposition Xrotation Yrotation Zrotation
		JOINT m_avg_L_Hip
		{
			OFFSET 0.058581 -0.082280 -0.017664
			CHANNELS 6 Xposition Yposition Zposition Xrotation Yrotation Zrotation
			JOINT m_avg_L_Knee
			{
				OFFSET 0.043451 -0.386469 0.008037
				CHANNELS 6 Xposition Yposition Zposition Xrotation Yrotation Zrotation
				JOINT m_avg_L_Ankle
				{
					OFFSET -0.014790 -0.426874 -0.037428
					CHANNELS 6 Xposition Yposition Zposition Xrotation Yrotation Zrotation
					JOINT m_avg_L_Foot
					{
						OFFSET 0.041054 -0.060286 0.122042
						CHANNELS 6 Xposition Yposition Zposition Xrotation Yrotation Zrotation
						End Site
						{
							OFFSET 0.000000 0.142177 0.000000
						}
					}
				}
			}
		}
		JOINT m_avg_R_Hip
		{
			OFFSET -0.060310 -0.090513 -0.013543
			CHANNELS 6 Xposition Yposition Zposition Xrotation Yrotation Zrotation
			JOINT m_avg_R_Knee
			{
				OFFSET -0.043257 -0.383688 -0.004843
				CHANNELS 6 Xposition Yposition Zposition Xrotation Yrotation Zrotation
				JOINT m_avg_R_Ankle
				{
					OFFSET 0.019056 -0.420046 -0.034562
					CHANNELS 6 Xposition Yposition Zposition Xrotation Yrotation Zrotation
					JOINT m_avg_R_Foot
					{
						OFFSET -0.034840 -0.062106 0.130323
						CHANNELS 6 Xposition Yposition Zposition Xrotation Yrotation Zrotation
						End Site
						{
							OFFSET 0.000000 0.148510 0.000000
						}
					}
				}
			}
		}
		JOINT m_avg_Spine1
		{
			OFFSET 0.004439 0.124404 -0.038385
			CHANNELS 6 Xposition Yposition Zposition Xrotation Yrotation Zrotation
			JOINT m_avg_Spine2
			{
				OFFSET 0.004488 0.137956 0.026820
				CHANNELS 6 Xposition Yposition Zposition Xrotation Yrotation Zrotation
				JOINT m_avg_Spine3
				{
					OFFSET -0.002265 0.056032 0.002855
					CHANNELS 6 Xposition Yposition Zposition Xrotation Yrotation Zrotation
					JOINT m_avg_Neck
					{
						OFFSET -0.013390 0.211635 -0.033468
						CHANNELS 6 Xposition Yposition Zposition Xrotation Yrotation Zrotation
						JOINT m_avg_Head
						{
							OFFSET 0.010113 0.088937 0.050410
							CHANNELS 6 Xposition Yposition Zposition Xrotation Yrotation Zrotation
							End Site
							{
								OFFSET 0.000000 0.102729 0.000000
							}
						}
					}
					JOINT m_avg_L_Collar
					{
						OFFSET 0.071702 0.114000 -0.018898
						CHANNELS 6 Xposition Yposition Zposition Xrotation Yrotation Zrotation
						JOINT m_avg_L_Shoulder
						{
							OFFSET 0.122921 0.045205 -0.019046
							CHANNELS 6 Xposition Yposition Zposition Xrotation Yrotation Zrotation
							JOINT m_avg_L_Elbow
							{
								OFFSET 0.255332 -0.015649 -0.022946
								CHANNELS 6 Xposition Yposition Zposition Xrotation Yrotation Zrotation
								JOINT m_avg_L_Wrist
								{
									OFFSET 0.265709 0.012698 -0.007375
									CHANNELS 6 Xposition Yposition Zposition Xrotation Yrotation Zrotation
									JOINT m_avg_L_Hand
									{
										OFFSET 0.086691 -0.010636 -0.015594
										CHANNELS 6 Xposition Yposition Zposition Xrotation Yrotation Zrotation
										End Site
										{
											OFFSET 0.000000 0.088722 0.000000
										}
									}
								}
							}
						}
					}
					JOINT m_avg_R_Collar
					{
						OFFSET -0.082954 0.112472 -0.023707
						CHANNELS 6 Xposition Yposition Zposition Xrotation Yrotation Zrotation
						JOINT m_avg_R_Shoulder
						{
							OFFSET -0.113228 0.046853 -0.008472
							CHANNELS 6 Xposition Yposition Zposition Xrotation Yrotation Zrotation
							JOINT m_avg_R_Elbow
							{
								OFFSET -0.260127 -0.014369 -0.031269
								CHANNELS 6 Xposition Yposition Zposition Xrotation Yrotation Zrotation
								JOINT m_avg_R_Wrist
								{
									OFFSET -0.269108 0.006794 -0.006027
									CHANNELS 6 Xposition Yposition Zposition Xrotation Yrotation Zrotation
									JOINT m_avg_R_Hand
									{
										OFFSET -0.088754 -0.008652 -0.010107
										CHANNELS 6 Xposition Yposition Zposition Xrotation Yrotation Zrotation
										End Site
										{
											OFFSET 0.000000 0.089745 0.000000
										}
									}
								}
							}
						}
					}
				}
			}
		}
	}
}
MOTION
Frames: 180
Frame Time: 0.041667
-0.195672 -0.090931 2.579474 -0.000000 0.000000 -0.000000 -0.197846 0.881792 2.608058 -175.463544 -4.074341 0.348427 0.058581 -0.082280 -0.017664 8.211558 2.356232 -8.372845 0.043451 -0.386469 0.008037 18.929181 -8.781573 -5.074904 -0.014790 -0.426875 -0.037428 -1.159264 13.680545 -1.270530 0.041054 -0.060286 0.122043 -12.721837 5.993149 7.046033 -0.060310 -0.090513 -0.013542 -8.286515 6.978860 -1.497116 -0.043257 -0.383688 -0.004843 51.868269 10.645011 -6.776267 0.019055 -0.420045 -0.034562 9.016660 -13.254279 14.167569 -0.034840 -0.062106 0.130323 -8.379338 15.791459 -20.999234 0.004439 0.124403 -0.038385 4.973301 -4.099737 1.373061 0.004488 0.137956 0.026821 -0.226944 -3.318784 0.891452 -0.002265 0.056032 0.002854 5.330535 -4.199112 -2.304698 -0.013390 0.211636 -0.033467 0.560014 -17.244775 10.526645 0.010113 0.088937 0.050410 16.591248 -13.757066 9.459661 0.071703 0.114000 -0.018898 -3.527080 3.307476 -14.536786 0.122921 0.045205 -0.019046 -8.433205 -10.194172 -31.559982 0.255332 -0.015649 -0.022946 2.464897 -46.123841 16.489601 0.265709 0.012698 -0.007375 -0.363464 -4.310268 4.984936 0.086691 -0.010636 -0.015594 -6.122782 -2.650297 -10.428040 -0.082954 0.112473 -0.023707 3.219932 3.743806 10.671695 -0.113228 0.046853 -0.008472 19.621971 15.021176 41.487874 -0.260127 -0.014369 -0.031269 36.697729 62.125960 -21.553560 -0.269109 0.006794 -0.006027 3.081798 6.252732 -1.276209 -0.088753 -0.008652 -0.010107 -4.807858 5.997484 9.527166 
-0.195672 -0.090931 2.579474 -0.000000 0.000000 -0.000000 -0.197846 0.881792 2.608058 -175.463544 -4.074341 0.348427 0.058581 -0.082280 -0.017664 8.372038 2.321929 -8.460333 0.043451 -0.386469 0.008037 18.774867 -8.686826 -5.045649 -0.014790 -0.426875 -0.037428 -1.312715 13.774906 -1.128190 0.041054 -0.060287 0.122043 -12.725845 6.065876 6.941842 -0.060310 -0.090513 -0.013542 -8.449870 6.908681 -1.481084 -0.043257 -0.383688 -0.004842 52.318368 10.605738 -6.546320 0.019056 -0.420046 -0.034562 9.127662 -13.198530 14.291747 -0.034840 -0.062105 0.130324 -8.296525 15.934674 -21.113976 0.004439 0.124403 -0.038385 4.936790 -4.200360 1.379574 0.004488 0.137957 0.026820 -0.284946 -3.366018 0.890940 -0.002264 0.056033 0.002855 5.180650 -4.289929 -2.186571 -0.013390 0.211636 -0.033467 0.189913 -17.788077 10.899428 0.010113 0.088937 0.050409 16.582053 -13.962240 9.839288 0.071702 0.114000 -0.018898 -3.740876 3.085930 -14.625262 0.122921 0.045205 -0.019046 -8.541259 -10.258764 -32.035633 0.255332 -0.015649 -0.022947 2.570639 -46.291146 16.766863 0.265709 0.012698 -0.007375 -0.459490 -4.365823 4.925658 0.086690 -0.010636 -0.015595 -6.109822 -2.637750 -10.438890 -0.082954 0.112472 -0.023706 3.123263 4.027581 10.534811 -0.113228 0.046853 -0.008471 19.733875 15.128553 40.887479 -0.260128 -0.014370 -0.031269 37.281372 62.571520 -22.111207 -0.269108 0.006793 -0.006027 3.254330 6.356282 -1.367123 -0.088754 -0.008652 -0.010107 -4.797911 5.992112 9.522550 
-0.195672 -0.090931 2.579474 -0.000000 0.000000 -0.000000 -0.197846 0.881792 2.608058 -175.463544 -4.074341 0.348427 0.058581 -0.082280 -0.017664 8.406955 2.220997 -8.407761 0.043451 -0.386470 0.008037 18.659722 -8.638501 -5.013793 -0.014790 -0.426875 -0.037428 -1.439981 13.844290 -1.008415 0.041054 -0.060286 0.122043 -12.769302 6.185568 6.883491 -0.060310 -0.090513 -0.013542 -8.654299 6.708108 -1.556597 -0.043257 -0.383688 -0.004843 52.897667 10.504758 -6.222839 0.019056 -0.420045 -0.034562 9.175454 -13.193946 14.460040 -0.034840 -0.062106 0.130324 -8.217397 16.082350 -21.272872 0.004439 0.124403 -0.038385 4.907843 -4.257404 1.390515 0.004488 0.137957 0.026820 -0.367590 -3.361986 0.916785 -0.002265 0.056032 0.002855 5.047456 -4.333216 -1.978986 -0.013390 0.211635 -0.033468 -0.330161 -18.281899 11.394247 0.010113 0.088937 0.050409 16.470538 -14.101693 10.361497 0.071702 0.114000 -0.018898 -3.968585 2.894307 -14.725067 0.122921 0.045205 -0.019047 -8.724607 -10.313968 -32.603399 0.255332 -0.015649 -0.022947 2.688482 -46.620194 17.206486 0.265709 0.012698 -0.007375 -0.639882 -4.429399 4.901948 0.086691 -0.010636 -0.015594 -6.076678 -2.613916 -10.452238 -0.082954 0.112473 -0.023707 3.017038 4.286956 10.335230 -0.113228 0.046853 -0.008472 19.822650 15.138802 40.151738 -0.260127 -0.014369 -0.031269 38.045663 63.166955 -23.038073 -0.269108 0.006793 -0.006027 3.436858 6.473932 -1.511502 -0.088754 -0.008651 -0.010107 -4.773912 5.981777 9.502595 
-0.195672 -0.090931 2.579474 -0.000000 0.000000 -0.000000 -0.197846 0.881792 2.608058 -175.463544 -4.074341 0.348427 0.058581 -0.082280 -0.017664 8.374591 2.081088 -8.242723 0.043451 -0.386470 0.008038 18.552262 -8.644834 -4.987222 -0.014790 -0.426874 -0.037428 -1.512649 13.885719 -0.913195 0.041054 -0.060286 0.122043 -12.830885 6.323675 6.864770 -0.060310 -0.090513 -0.013542 -8.880264 6.413979 -1.680994 -0.043257 -0.383688 -0.004843 53.612040 10.379536 -5.827027 0.019055 -0.420045 -0.034562 9.198177 -13.209816 14.651297 -0.034840 -0.062106 0.130323 -8.144189 16.237036 -21.455306 0.004439 0.124404 -0.038385 4.876464 -4.280001 1.391297 0.004489 0.137956 0.026820 -0.448461 -3.322839 0.985108 -0.002265 0.056033 0.002856 4.942239 -4.342320 -1.666319 -0.013390 0.211636 -0.033468 -0.962046 -18.690384 11.997954 0.010113 0.088937 0.050410 16.282882 -14.184696 11.030925 0.071702 0.114000 -0.018898 -4.167327 2.740564 -14.840828 0.122922 0.045205 -0.019046 -8.919553 -10.360796 -33.173259 0.255332 -0.015649 -0.022946 2.850096 -46.975770 17.679035 0.265709 0.012698 -0.007375 -0.841361 -4.501389 4.883542 0.086691 -0.010636 -0.015594 -6.039642 -2.584953 -10.464063 -0.082954 0.112472 -0.023707 2.930492 4.497615 10.135587 -0.113228 0.046853 -0.008472 19.928769 15.007604 39.391094 -0.260127 -0.014369 -0.031269 38.963712 63.788551 -24.191413 -0.269108 0.006793 -0.006027 3.627160 6.598415 -1.645653 -0.088754 -0.008652 -0.010107 -4.746360 5.970544 9.469004 
-0.195672 -0.090931 2.579474 -0.000000 0.000000 -0.000000 -0.197846 0.881792 2.608058 -175.463544 -4.074341 0.348427 0.058581 -0.082280 -0.017664 8.298197 1.897742 -7.974674 0.043451 -0.386469 0.008037 18.441828 -8.716706 -4.934419 -0.014790 -0.426874 -0.037428 -1.538014 13.892239 -0.833090 0.041054 -0.060287 0.122042 -12.898649 6.470468 6.877903 -0.060310 -0.090513 -0.013542 -9.149635 6.071934 -1.829941 -0.043257 -0.383688 -0.004843 54.444906 10.262159 -5.393049 0.019056 -0.420045 -0.034562 9.208914 -13.218723 14.862633 -0.034840 -0.062105 0.130323 -8.089134 16.399025 -21.669265 0.004439 0.124403 -0.038385 4.844353 -4.272502 1.399626 0.004489 0.137957 0.026820 -0.525809 -3.249680 1.121057 -0.002265 0.056033 0.002855 4.862001 -4.318444 -1.239228 -0.013390 0.211635 -0.033467 -1.725411 -19.002959 12.714498 0.010113 0.088937 0.050410 16.015574 -14.219351 11.855572 0.071702 0.114000 -0.018898 -4.327081 2.598355 -14.949558 0.122921 0.045205 -0.019047 -9.124932 -10.405328 -33.700546 0.255332 -0.015649 -0.022946 3.033550 -47.299012 18.139572 0.265710 0.012698 -0.007375 -1.042720 -4.581001 4.877197 0.086691 -0.010636 -0.015594 -5.995549 -2.556074 -10.475214 -0.082954 0.112472 -0.023707 2.861448 4.676644 9.954172 -0.113228 0.046854 -0.008472 20.053676 14.725671 38.660920 -0.260128 -0.014369 -0.031268 40.037531 64.397435 -25.550696 -0.269109 0.006794 -0.006027 3.815663 6.724064 -1.765634 -0.088754 -0.008652 -0.010107 -4.717864 5.962134 9.425851 
-0.195672 -0.090931 2.579474 -0.000000 0.000000 -0.000000 -0.197846 0.881792 2.608058 -175.463544 -4.074341 0.348427 0.058581 -0.082280 -0.017664 8.203660 1.677505 -7.617327 0.043451 -0.386469 0.008037 18.329941 -8.849040 -4.833829 -0.014790 -0.426875 -0.037428 -1.510705 13.861482 -0.772617 0.041054 -0.060286 0.122043 -12.961020 6.621733 6.919380 -0.060310 -0.090513 -0.013542 -9.451355 5.719623 -1.996988 -0.043257 -0.383688 -0.004843 55.316462 10.169386 -4.966999 0.019055 -0.420045 -0.034562 9.214323 -13.213488 15.084314 -0.034840 -0.062106 0.130323 -8.068811 16.546104 -21.903862 0.004439 0.124403 -0.038385 4.823065 -4.224571 1.419186 0.004488 0.137956 0.026820 -0.595224 -3.146436 1.328619 -0.002265 0.056032 0.002855 4.794444 -4.261360 -0.740958 -0.013390 0.211636 -0.033467 -2.576894 -19.199686 13.496078 0.010113 0.088937 0.050410 15.676570 -14.214161 12.785428 0.071702 0.114000 -0.018897 -4.423273 2.438519 -15.025923 0.122921 0.045205 -0.019046 -9.327413 -10.457578 -34.134588 0.255332 -0.015649 -0.022947 3.214949 -47.530091 18.512171 0.265709 0.012698 -0.007375 -1.215528 -4.659931 4.889485 0.086691 -0.010636 -0.015594 -5.949842 -2.530683 -10.486609 -0.082954 0.112473 -0.023706 2.815806 4.813480 9.802398 -0.113228 0.046853 -0.008471 20.196019 14.300263 38.042180 -0.260128 -0.014369 -0.031270 41.189459 64.930722 -27.013786 -0.269108 0.006794 -0.006027 3.982124 6.833910 -1.867833 -0.088754 -0.008651 -0.010107 -4.696529 5.959200 9.380722 
-0.195672 -0.090931 2.579474 -0.000000 0.000000 -0.000000 -0.197846 0.881792 2.608058 -175.463544 -4.074341 0.348427 0.058581 -0.082280 -0.017664 8.117392 1.447284 -7.201840 0.043451 -0.386469 0.008037 18.230895 -9.019381 -4.698460 -0.014790 -0.426874 -0.037428 -1.439811 13.804394 -0.732256 0.041054 -0.060286 0.122042 -13.011282 6.772153 6.975041 -0.060310 -0.090513 -0.013542 -9.774356 5.370495 -2.176965 -0.043257 -0.383688 -0.004843 56.174604 10.093839 -4.565354 0.019055 -0.420045 -0.034562 9.206797 -13.209780 15.304379 -0.034840 -0.062106 0.130323 -8.082701 16.669582 -22.144392 0.004439 0.124403 -0.038385 4.822315 -4.137236 1.437192 0.004488 0.137956 0.026821 -0.652313 -3.027490 1.587045 -0.002265 0.056033 0.002855 4.719116 -4.176752 -0.235683 -0.013390 0.211636 -0.033468 -3.455986 -19.290449 14.272248 0.010113 0.088937 0.050410 15.279984 -14.191086 13.747421 0.071703 0.114000 -0.018897 -4.448918 2.229577 -15.051859 0.122921 0.045205 -0.019047 -9.523591 -10.540307 -34.446717 0.255332 -0.015649 -0.022947 3.392430 -47.669301 18.755935 0.265709 0.012698 -0.007375 -1.341150 -4.736483 4.915615 0.086691 -0.010636 -0.015594 -5.905972 -2.506962 -10.495710 -0.082954 0.112472 -0.023707 2.785121 4.916954 9.669123 -0.113228 0.046853 -0.008472 20.341726 13.793999 37.537504 -0.260127 -0.014369 -0.031269 42.336176 65.365942 -28.461685 -0.269108 0.006794 -0.006027 4.120999 6.921644 -1.944579 -0.088753 -0.008652 -0.010107 -4.685708 5.959499 9.336989 
-0.195672 -0.090931 2.579474 -0.000000 0.000000 -0.000000 -0.197846 0.881792 2.608058 -175.463544 -4.074341 0.348427 0.058581 -0.082280 -0.017664 8.047306 1.236617 -6.773664 0.043451 -0.386469 0.008037 18.158683 -9.212542 -4.548933 -0.014790 -0.426874 -0.037429 -1.357425 13.731903 -0.711868 0.041054 -0.060285 0.122042 -13.053304 6.903663 7.026806 -0.060310 -0.090513 -0.013542 -10.127679 5.035343 -2.321910 -0.043257 -0.383688 -0.004843 56.961944 10.021407 -4.196995 0.019055 -0.420045 -0.034562 9.144313 -13.229029 15.496069 -0.034840 -0.062106 0.130323 -8.114500 16.773792 -22.369856 0.004439 0.124403 -0.038385 4.846244 -4.026860 1.451031 0.004489 0.137957 0.026820 -0.703738 -2.907824 1.863863 -0.002265 0.056032 0.002855 4.639002 -4.072473 0.223932 -0.013390 0.211636 -0.033467 -4.323965 -19.281817 14.946199 0.010113 0.088937 0.050409 14.839235 -14.169448 14.634261 0.071703 0.114000 -0.018898 -4.417875 1.984354 -15.014240 0.122921 0.045205 -0.019046 -9.703600 -10.649499 -34.616140 0.255332 -0.015649 -0.022947 3.549954 -47.762522 18.876751 0.265709 0.012698 -0.007375 -1.412058 -4.811900 4.963013 0.086691 -0.010636 -0.015594 -5.864859 -2.482327 -10.497313 -0.082954 0.112472 -0.023707 2.751733 4.996402 9.542874 -0.113228 0.046853 -0.008471 20.469201 13.291032 37.111713 -0.260128 -0.014369 -0.031269 43.433419 65.726992 -29.836862 -0.269109 0.006794 -0.006027 4.223135 6.990926 -1.999414 -0.088753 -0.008652 -0.010107 -4.680111 5.957221 9.295820 
-0.195672 -0.090931 2.579474 -0.000000 0.000000 -0.000000 -0.197846 0.881792 2.608058 -175.463544 -4.074341 0.348427 0.058581 -0.082280 -0.017664 7.990092 1.043033 -6.336909 0.043451 -0.386469 0.008037 18.102062 -9.437369 -4.373135 -0.014790 -0.426874 -0.037428 -1.286868 13.639874 -0.707575 0.041054 -0.060287 0.122042 -13.098962 7.009812 7.068419 -0.060310 -0.090513 -0.013542 -10.548768 4.726802 -2.379489 -0.043257 -0.383688 -0.004843 57.708063 9.939492 -3.871635 0.019055 -0.420045 -0.034562 9.020128 -13.267070 15.653356 -0.034840 -0.062106 0.130323 -8.152842 16.866788 -22.586454 0.004439 0.124404 -0.038385 4.897068 -3.909899 1.462955 0.004489 0.137956 0.026820 -0.763233 -2.789834 2.147228 -0.002265 0.056032 0.002855 4.554239 -3.953650 0.640901 -0.013390 0.211636 -0.033467 -5.208532 -19.209120 15.517334 0.010113 0.088937 0.050410 14.352936 -14.169143 15.443473 0.071703 0.114000 -0.018898 -4.337366 1.711059 -14.924988 0.122921 0.045205 -0.019046 -9.861510 -10.788834 -34.682690 0.255332 -0.015649 -0.022947 3.709547 -47.858992 18.917143 0.265710 0.012698 -0.007375 -1.431771 -4.894195 5.050469 0.086691 -0.010636 -0.015594 -5.826437 -2.456203 -10.490103 -0.082953 0.112473 -0.023707 2.711872 5.059799 9.409054 -0.113228 0.046853 -0.008472 20.580745 12.803490 36.714770 -0.260127 -0.014369 -0.031269 44.594985 66.072019 -31.266950 -0.269108 0.006794 -0.006027 4.290565 7.053159 -2.052065 -0.088754 -0.008651 -0.010107 -4.676200 5.950158 9.258249 
-0.195672 -0.090931 2.579474 -0.000000 0.000000 -0.000000 -0.197846 0.881792 2.608058 -175.463544 -4.074341 0.348427 0.058581 -0.082280 -0.017664 7.944299 0.884862 -5.924126 0.043451 -0.386469 0.008037 18.088817 -9.673172 -4.188164 -0.014790 -0.426874 -0.037428 -1.253560 13.538185 -0.713625 0.041054 -0.060287 0.122042 -13.148760 7.076771 7.097312 -0.060310 -0.090513 -0.013542 -11.028906 4.484003 -2.317500 -0.043257 -0.383688 -0.004843 58.392824 9.849666 -3.620052 0.019055 -0.420046 -0.034562 8.886344 -13.324442 15.782337 -0.034840 -0.062106 0.130323 -8.185728 16.947813 -22.814804 0.004439 0.124403 -0.038385 4.973478 -3.814959 1.487369 0.004488 0.137956 0.026820 -0.829866 -2.684591 2.417730 -0.002265 0.056032 0.002854 4.475499 -3.838220 0.984045 -0.013390 0.211636 -0.033467 -6.033963 -19.103433 15.974119 0.010113 0.088937 0.050410 13.867741 -14.183830 16.129521 0.071702 0.114000 -0.018898 -4.212944 1.430811 -14.793213 0.122921 0.045205 -0.019046 -9.989053 -10.951616 -34.676693 0.255332 -0.015649 -0.022946 3.881073 -47.986792 18.907002 0.265709 0.012698 -0.007375 -1.407094 -4.981006 5.173005 0.086690 -0.010636 -0.015594 -5.791475 -2.433058 -10.478605 -0.082954 0.112472 -0.023708 2.649126 5.115156 9.250103 -0.113228 0.046853 -0.008472 20.663399 12.373881 36.337894 -0.260128 -0.014369 -0.031269 45.824098 66.410483 -32.750965 -0.269109 0.006795 -0.006027 4.325007 7.109794 -2.106443 -0.088754 -0.008652 -0.010107 -4.675629 5.939932 9.231053 
-0.195672 -0.090931 2.579474 -0.000000 0.000000 -0.000000 -0.197846 0.881792 2.608058 -175.463544 -4.074341 0.348427 0.058581 -0.082280 -0.017664 7.915021 0.771854 -5.565263 0.043451 -0.386469 0.008037 18.144544 -9.897631 -4.012613 -0.014790 -0.426874 -0.037429 -1.268030 13.446441 -0.723263 0.041054 -0.060286 0.122042 -13.200783 7.103063 7.112352 -0.060310 -0.090513 -0.013542 -11.541468 4.314507 -2.120911 -0.043257 -0.383688 -0.004842 58.969374 9.755235 -3.455199 0.019056 -0.420046 -0.034562 8.784916 -13.403700 15.892764 -0.034840 -0.062106 0.130323 -8.201582 17.018989 -23.067639 0.004439 0.124403 -0.038385 5.062154 -3.756434 1.536899 0.004488 0.137956 0.026820 -0.899648 -2.598763 2.665556 -0.002265 0.056032 0.002855 4.413125 -3.735530 1.243442 -0.013390 0.211635 -0.033468 -6.720170 -18.991665 16.315799 0.010113 0.088938 0.050410 13.441270 -14.210818 16.664108 0.071703 0.114000 -0.018898 -4.059803 1.172207 -14.618813 0.122921 0.045205 -0.019047 -10.083034 -11.128482 -34.613363 0.255332 -0.015649 -0.022946 4.050662 -48.178884 18.875231 0.265709 0.012698 -0.007375 -1.357160 -5.065275 5.322159 0.086691 -0.010636 -0.015594 -5.755418 -2.416213 -10.467210 -0.082954 0.112472 -0.023708 2.551115 5.167748 9.066541 -0.113228 0.046853 -0.008472 20.700987 12.036298 35.996292 -0.260128 -0.014370 -0.031269 47.040312 66.723087 -34.213278 -0.269109 0.006794 -0.006027 4.322243 7.157091 -2.157041 -0.088754 -0.008651 -0.010107 -4.676986 5.930593 9.217759 
-0.195672 -0.090931 2.579474 -0.000000 0.000000 -0.000000 -0.197846 0.881792 2.608058 -175.463544 -4.074341 0.348427 0.058581 -0.082280 -0.017664 7.898525 0.696575 -5.269938 0.043451 -0.386469 0.008037 18.253694 -10.096704 -3.841465 -0.014790 -0.426874 -0.037428 -1.304696 13.382787 -0.736415 0.041054 -0.060286 0.122043 -13.249157 7.102464 7.119831 -0.060310 -0.090513 -0.013542 -12.061954 4.199187 -1.819195 -0.043257 -0.383688 -0.004844 59.412920 9.660983 -3.356835 0.019056 -0.420046 -0.034562 8.730862 -13.490810 15.986698 -0.034840 -0.062105 0.130323 -8.197392 17.073299 -23.330065 0.004439 0.124404 -0.038385 5.156140 -3.722583 1.612248 0.004488 0.137957 0.026820 -0.971000 -2.525137 2.885588 -0.002264 0.056032 0.002855 4.370301 -3.638446 1.429604 -0.013390 0.211636 -0.033467 -7.224430 -18.892846 16.547865 0.010113 0.088938 0.050410 13.111267 -14.263347 17.046965 0.071703 0.114000 -0.018898 -3.897407 0.948278 -14.412956 0.122922 0.045205 -0.019045 -10.150772 -11.324384 -34.513393 0.255332 -0.015649 -0.022947 4.199768 -48.435002 18.843537 0.265710 0.012698 -0.007375 -1.298978 -5.138015 5.494407 0.086691 -0.010636 -0.015594 -5.715282 -2.405692 -10.455754 -0.082954 0.112473 -0.023707 2.423053 5.229976 8.882376 -0.113228 0.046853 -0.008471 20.683543 11.802071 35.728388 -0.260128 -0.014369 -0.031269 48.088066 66.962000 -35.486951 -0.269108 0.006794 -0.006027 4.285263 7.188046 -2.201615 -0.088754 -0.008652 -0.010107 -4.679540 5.925680 9.214490 
-0.195672 -0.090931 2.579474 -0.000000 0.000000 -0.000000 -0.197846 0.881792 2.608058 -175.463544 -4.074341 0.348427 0.058581 -0.082280 -0.017664 7.882778 0.654028 -5.053428 0.043451 -0.386469 0.008037 18.395287 -10.250826 -3.689433 -0.014790 -0.426874 -0.037428 -1.332212 13.355068 -0.755547 0.041054 -0.060286 0.122043 -13.284061 7.089714 7.123273 -0.060310 -0.090513 -0.013542 -12.538977 4.128632 -1.465395 -0.043257 -0.383688 -0.004843 59.687131 9.575141 -3.313747 0.019056 -0.420046 -0.034562 8.734921 -13.577473 16.064868 -0.034840 -0.062106 0.130324 -8.173585 17.099773 -23.581233 0.004439 0.124403 -0.038385 5.249292 -3.702506 1.709191 0.004489 0.137957 0.026821 -1.037510 -2.462328 3.073485 -0.002265 0.056033 0.002855 4.347986 -3.541070 1.548366 -0.013390 0.211636 -0.033466 -7.507156 -18.812544 16.657416 0.010113 0.088937 0.050410 12.908921 -14.342267 17.264719 0.071702 0.113999 -0.018898 -3.756966 0.763328 -14.182344 0.122921 0.045205 -0.019046 -10.222316 -11.557337 -34.398417 0.255332 -0.015649 -0.022947 4.333461 -48.755646 18.849263 0.265709 0.012698 -0.007375 -1.246958 -5.194114 5.679806 0.086691 -0.010636 -0.015594 -5.663997 -2.401319 -10.442583 -0.082954 0.112472 -0.023707 2.273646 5.306655 8.721214 -0.113228 0.046853 -0.008473 20.609877 11.684553 35.566619 -0.260127 -0.014369 -0.031270 48.796104 67.086207 -36.379087 -0.269108 0.006794 -0.006027 4.220666 7.196893 -2.237464 -0.088753 -0.008651 -0.010107 -4.682652 5.926614 9.215880 
-0.195672 -0.090931 2.579474 -0.000000 0.000000 -0.000000 -0.197846 0.881792 2.608058 -175.463544 -4.074341 0.348427 0.058581 -0.082280 -0.017664 7.878516 0.637365 -4.921407 0.043451 -0.386469 0.008036 18.552814 -10.350156 -3.581992 -0.014790 -0.426874 -0.037428 -1.337923 13.356300 -0.776896 0.041054 -0.060286 0.122042 -13.303141 7.078300 7.119097 -0.060310 -0.090513 -0.013542 -12.914288 4.102989 -1.098160 -0.043257 -0.383688 -0.004842 59.793696 9.508108 -3.327560 0.019056 -0.420046 -0.034562 8.786257 -13.661119 16.121366 -0.034840 -0.062106 0.130323 -8.135543 17.099532 -23.801968 0.004439 0.124403 -0.038385 5.320505 -3.693291 1.817307 0.004489 0.137956 0.026820 -1.091062 -2.415995 3.227088 -0.002264 0.056032 0.002855 4.339930 -3.449885 1.602792 -0.013390 0.211636 -0.033468 -7.560743 -18.757586 16.640701 0.010113 0.088937 0.050410 12.848844 -14.441644 17.317531 0.071703 0.114000 -0.018898 -3.661670 0.623284 -13.941193 0.122921 0.045205 -0.019046 -10.323684 -11.825600 -34.298136 0.255332 -0.015649 -0.022947 4.472244 -49.140141 18.933640 0.265709 0.012698 -0.007375 -1.218615 -5.233772 5.865155 0.086691 -0.010636 -0.015594 -5.594119 -2.402073 -10.426472 -0.082953 0.112472 -0.023708 2.114896 5.387427 8.594117 -0.113228 0.046853 -0.008471 20.489516 11.678008 35.516492 -0.260128 -0.014369 -0.031269 49.135807 67.093611 -36.854994 -0.269109 0.006794 -0.006027 4.134294 7.184130 -2.264090 -0.088754 -0.008652 -0.010107 -4.681924 5.933311 9.217352 
-0.195672 -0.090931 2.579474 -0.000000 0.000000 -0.000000 -0.197846 0.881792 2.608058 -175.463544 -4.074341 0.348427 0.058581 -0.082280 -0.017664 7.887135 0.633383 -4.849669 0.043451 -0.386469 0.008037 18.714426 -10.409535 -3.509800 -0.014790 -0.426875 -0.037428 -1.326073 13.381908 -0.795891 0.041054 -0.060287 0.122042 -13.307356 7.069630 7.100406 -0.060310 -0.090513 -0.013542 -13.174105 4.112306 -0.733300 -0.043257 -0.383688 -0.004843 59.803046 9.470734 -3.378540 0.019055 -0.420046 -0.034562 8.857695 -13.738167 16.145548 -0.034840 -0.062106 0.130323 -8.087401 17.077204 -23.984040 0.004439 0.124404 -0.038385 5.368538 -3.693166 1.935879 0.004489 0.137956 0.026820 -1.128776 -2.385159 3.346015 -0.002265 0.056032 0.002855 4.348115 -3.366774 1.588777 -0.013390 0.211636 -0.033468 -7.424292 -18.728170 16.498648 0.010113 0.088938 0.050410 12.912166 -14.564065 17.219776 0.071702 0.114000 -0.018898 -3.614495 0.544920 -13.702203 0.122922 0.045205 -0.019046 -10.458379 -12.095662 -34.228451 0.255332 -0.015649 -0.022947 4.618068 -49.578267 19.112852 0.265709 0.012698 -0.007375 -1.222622 -5.258805 6.044128 0.086691 -0.010636 -0.015594 -5.503620 -2.407759 -10.407614 -0.082954 0.112472 -0.023707 1.961487 5.456928 8.502955 -0.113228 0.046853 -0.008472 20.324954 11.754750 35.556974 -0.260128 -0.014369 -0.031269 49.128881 67.002073 -36.957443 -0.269108 0.006793 -0.006027 4.027450 7.150921 -2.282129 -0.088754 -0.008652 -0.010107 -4.674322 5.942594 9.216656 
-0.195672 -0.090931 2.579474 -0.000000 0.000000 -0.000000 -0.197846 0.881792 2.608058 -175.463544 -4.074341 0.348427 0.058581 -0.082280 -0.017664 7.912986 0.637317 -4.819869 0.043451 -0.386469 0.008038 18.873223 -10.436147 -3.484897 -0.014790 -0.426874 -0.037428 -1.301438 13.420212 -0.814416 0.041054 -0.060286 0.122042 -13.297772 7.060950 7.060910 -0.060310 -0.090513 -0.013542 -13.299490 4.166946 -0.400560 -0.043257 -0.383688 -0.004842 59.729075 9.470414 -3.466976 0.019056 -0.420046 -0.034562 8.962060 -13.799818 16.137254 -0.034840 -0.062106 0.130324 -8.034891 17.030725 -24.122690 0.004439 0.124403 -0.038385 5.397867 -3.703308 2.064786 0.004489 0.137956 0.026821 -1.147366 -2.372947 3.421810 -0.002265 0.056032 0.002855 4.367123 -3.301851 1.481055 -0.013390 0.211636 -0.033467 -7.101864 -18.745603 16.196921 0.010113 0.088938 0.050411 13.105660 -14.719905 16.949888 0.071703 0.114000 -0.018898 -3.611344 0.532983 -13.496637 0.122922 0.045205 -0.019046 -10.608517 -12.353154 -34.221850 0.255332 -0.015649 -0.022946 4.779518 -50.057780 19.387547 0.265709 0.012698 -0.007375 -1.273463 -5.270725 6.201199 0.086691 -0.010636 -0.015594 -5.389146 -2.421885 -10.388065 -0.082954 0.112473 -0.023707 1.821274 5.508907 8.467543 -0.113228 0.046854 -0.008472 20.106767 11.916871 35.705466 -0.260127 -0.014369 -0.031268 48.634499 66.779893 -36.553516 -0.269109 0.006794 -0.006027 3.897997 7.095549 -2.289630 -0.088754 -0.008652 -0.010107 -4.658253 5.955440 9.216346 
-0.195672 -0.090931 2.579474 -0.000000 0.000000 -0.000000 -0.197846 0.881792 2.608058 -175.463544 -4.074341 0.348427 0.058581 -0.082280 -0.017664 7.963262 0.660525 -4.836905 0.043451 -0.386469 0.008037 19.015327 -10.419281 -3.520966 -0.014790 -0.426874 -0.037428 -1.260870 13.458223 -0.844549 0.041054 -0.060286 0.122042 -13.275919 7.050640 7.010049 -0.060310 -0.090513 -0.013542 -13.281101 4.250092 -0.159452 -0.043257 -0.383688 -0.004843 59.545753 9.497147 -3.564161 0.019056 -0.420045 -0.034562 9.090248 -13.851712 16.087732 -0.034840 -0.062106 0.130323 -7.977492 16.946212 -24.189014 0.004439 0.124403 -0.038385 5.408893 -3.719210 2.189920 0.004489 0.137957 0.026821 -1.146060 -2.381262 3.446429 -0.002265 0.056032 0.002855 4.385070 -3.255676 1.284634 -0.013390 0.211636 -0.033467 -6.614825 -18.835906 15.786391 0.010113 0.088938 0.050410 13.424915 -14.900567 16.546847 0.071703 0.114000 -0.018899 -3.639780 0.551130 -13.342090 0.122922 0.045205 -0.019045 -10.743249 -12.606694 -34.277216 0.255332 -0.015649 -0.022946 4.984170 -50.535088 19.739614 0.265710 0.012698 -0.007374 -1.361314 -5.268950 6.330780 0.086690 -0.010636 -0.015594 -5.267476 -2.444619 -10.369652 -0.082954 0.112472 -0.023708 1.707141 5.542394 8.488197 -0.113228 0.046853 -0.008472 19.866823 12.135898 35.979230 -0.260127 -0.014369 -0.031269 47.591225 66.386509 -35.547484 -0.269108 0.006794 -0.006027 3.764155 7.019134 -2.286534 -0.088754 -0.008651 -0.010107 -4.640328 5.973717 9.215301 
-0.195672 -0.090931 2.579474 -0.000000 0.000000 -0.000000 -0.197846 0.881792 2.608058 -175.463544 -4.074341 0.348427 0.058581 -0.082280 -0.017664 8.024940 0.703622 -4.899054 0.043451 -0.386469 0.008037 19.120245 -10.370016 -3.560041 -0.014790 -0.426874 -0.037428 -1.203189 13.507485 -0.887743 0.041054 -0.060286 0.122042 -13.248209 7.033520 6.969483 -0.060310 -0.090513 -0.013542 -13.116426 4.315663 -0.028177 -0.043257 -0.383688 -0.004843 59.230758 9.559759 -3.617372 0.019055 -0.420046 -0.034562 9.169864 -13.876514 15.985788 -0.034840 -0.062105 0.130323 -7.914711 16.817492 -24.160638 0.004439 0.124404 -0.038385 5.379880 -3.725399 2.290647 0.004489 0.137957 0.026820 -1.144213 -2.392550 3.430327 -0.002265 0.056032 0.002855 4.392955 -3.206433 1.044962 -0.013390 0.211636 -0.033467 -6.006493 -19.008654 15.366940 0.010113 0.088937 0.050409 13.829309 -15.110959 16.106913 0.071703 0.114000 -0.018897 -3.704566 0.585656 -13.229634 0.122921 0.045205 -0.019046 -10.869000 -12.876029 -34.348226 0.255332 -0.015649 -0.022947 5.219365 -50.956336 20.125946 0.265710 0.012698 -0.007375 -1.447361 -5.247826 6.439573 0.086690 -0.010636 -0.015595 -5.164109 -2.469100 -10.353092 -0.082954 0.112472 -0.023707 1.642319 5.540642 8.547344 -0.113228 0.046853 -0.008472 19.669290 12.341854 36.341664 -0.260128 -0.014369 -0.031269 46.198023 65.840414 -34.092818 -0.269109 0.006794 -0.006027 3.645831 6.921667 -2.267297 -0.088754 -0.008652 -0.010107 -4.629105 5.993541 9.209424 
-0.195672 -0.090931 2.579474 -0.000000 0.000000 -0.000000 -0.197846 0.881792 2.608058 -175.463544 -4.074341 0.348427 0.058581 -0.082280 -0.017664 8.115043 0.765483 -5.004269 0.043451 -0.386470 0.008037 19.203297 -10.292035 -3.596205 -0.014790 -0.426874 -0.037428 -1.121847 13.579593 -0.944795 0.041054 -0.060286 0.122043 -13.214719 7.006484 6.929142 -0.060310 -0.090513 -0.013542 -12.833343 4.355714 0.042320 -0.043257 -0.383688 -0.004843 58.854975 9.646388 -3.631778 0.019056 -0.420046 -0.034562 9.214807 -13.886114 15.841355 -0.034840 -0.062105 0.130324 -7.846907 16.662269 -24.063690 0.004439 0.124403 -0.038385 5.303005 -3.727738 2.373429 0.004488 0.137957 0.026820 -1.163483 -2.409301 3.383084 -0.002265 0.056032 0.002854 4.382463 -3.156411 0.774508 -0.013390 0.211636 -0.033467 -5.326243 -19.250262 14.952537 0.010113 0.088938 0.050410 14.287362 -15.350495 15.649471 0.071703 0.114000 -0.018898 -3.813746 0.653063 -13.128727 0.122922 0.045205 -0.019046 -10.987052 -13.124597 -34.389681 0.255332 -0.015649 -0.022947 5.451936 -51.351172 20.535090 0.265709 0.012698 -0.007375 -1.536052 -5.215006 6.538021 0.086691 -0.010636 -0.015594 -5.071163 -2.495810 -10.338512 -0.082954 0.112472 -0.023707 1.598167 5.497215 8.615695 -0.113228 0.046853 -0.008471 19.508260 12.512302 36.729182 -0.260127 -0.014369 -0.031268 44.598010 65.176213 -32.377214 -0.269109 0.006794 -0.006027 3.531983 6.810978 -2.240913 -0.088754 -0.008651 -0.010107 -4.617584 6.012840 9.198866 
-0.195672 -0.090931 2.579474 -0.000000 0.000000 -0.000000 -0.197846 0.881792 2.608058 -175.463544 -4.074341 0.348427 0.058581 -0.082280 -0.017664 8.232340 0.834505 -5.165892 0.043451 -0.386470 0.008037 19.280994 -10.189803 -3.635287 -0.014790 -0.426875 -0.037427 -1.011564 13.670718 -1.023739 0.041054 -0.060286 0.122042 -13.182051 6.961895 6.890498 -0.060310 -0.090513 -0.013542 -12.425936 4.376506 0.072068 -0.043257 -0.383688 -0.004843 58.456843 9.754675 -3.637080 0.019056 -0.420045 -0.034562 9.240409 -13.884605 15.671126 -0.034840 -0.062106 0.130323 -7.789389 16.497263 -23.913551 0.004439 0.124403 -0.038385 5.167091 -3.724206 2.444883 0.004488 0.137956 0.026821 -1.208697 -2.428396 3.309988 -0.002265 0.056032 0.002856 4.350179 -3.103242 0.484415 -0.013390 0.211636 -0.033467 -4.588441 -19.537365 14.545158 0.010113 0.088937 0.050410 14.787696 -15.599549 15.180657 0.071702 0.114000 -0.018898 -3.958999 0.761348 -13.033349 0.122922 0.045205 -0.019046 -11.092746 -13.344563 -34.362569 0.255332 -0.015649 -0.022947 5.689931 -51.745711 20.963563 0.265710 0.012698 -0.007375 -1.624990 -5.177403 6.621950 0.086691 -0.010636 -0.015594 -4.985315 -2.525005 -10.326890 -0.082954 0.112472 -0.023707 1.552654 5.409758 8.681583 -0.113228 0.046853 -0.008472 19.389783 12.641483 37.111908 -0.260127 -0.014370 -0.031269 42.941543 64.434973 -30.561412 -0.269109 0.006793 -0.006027 3.420577 6.695015 -2.204803 -0.088753 -0.008652 -0.010107 -4.603927 6.030584 9.184809 
-0.195672 -0.090931 2.579474 -0.000000 0.000000 -0.000000 -0.197846 0.881792 2.608058 -175.463544 -4.074341 0.348427 0.058581 -0.082280 -0.017664 8.358780 0.874791 -5.387322 0.043451 -0.386469 0.008038 19.351039 -10.079717 -3.677691 -0.014790 -0.426874 -0.037428 -0.891488 13.747906 -1.116724 0.041054 -0.060286 0.122043 -13.167793 6.895100 6.855106 -0.060310 -0.090513 -0.013542 -11.878087 4.386969 0.063917 -0.043257 -0.383688 -0.004843 58.031384 9.874531 -3.668643 0.019055 -0.420046 -0.034562 9.257442 -13.861930 15.502371 -0.034840 -0.062106 0.130323 -7.759990 16.344482 -23.721230 0.004439 0.124403 -0.038385 4.962042 -3.697926 2.500270 0.004488 0.137957 0.026820 -1.265362 -2.431090 3.215328 -0.002265 0.056032 0.002855 4.297273 -3.044130 0.182008 -0.013390 0.211636 -0.033468 -3.824858 -19.849877 14.131336 0.010113 0.088937 0.050410 15.311956 -15.845279 14.703842 0.071703 0.114000 -0.018898 -4.099710 0.897133 -12.972262 0.122922 0.045205 -0.019046 -11.164659 -13.542224 -34.301336 0.255332 -0.015649 -0.022946 5.967355 -52.135425 21.402985 0.265709 0.012698 -0.007375 -1.714847 -5.145723 6.673502 0.086690 -0.010636 -0.015594 -4.906928 -2.555269 -10.320742 -0.082954 0.112472 -0.023708 1.501668 5.295019 8.751227 -0.113229 0.046853 -0.008472 19.335975 12.729930 37.493432 -0.260128 -0.014369 -0.031269 41.440086 63.704730 -28.856088 -0.269109 0.006794 -0.006027 3.324055 6.589921 -2.159362 -0.088754 -0.008652 -0.010107 -4.589416 6.046230 9.170453 
-0.195672 -0.090931 2.579474 -0.000000 0.000000 -0.000000 -0.197846 0.881792 2.608058 -175.463544 -4.074341 0.348427 0.058581 -0.082280 -0.017664 8.472217 0.878187 -5.656827 0.043451 -0.386469 0.008037 19.390892 -9.966889 -3.718906 -0.014790 -0.426874 -0.037428 -0.767143 13.794106 -1.218759 0.041054 -0.060287 0.122042 -13.168885 6.818662 6.820345 -0.060310 -0.090513 -0.013542 -11.206552 4.383518 0.014596 -0.043257 -0.383688 -0.004844 57.568290 9.995443 -3.730371 0.019055 -0.420045 -0.034562 9.268765 -13.826214 15.338228 -0.034840 -0.062106 0.130323 -7.751929 16.203376 -23.489143 0.004439 0.124403 -0.038385 4.710205 -3.642180 2.544731 0.004489 0.137956 0.026820 -1.325849 -2.414048 3.101918 -0.002265 0.056032 0.002855 4.238640 -2.972850 -0.132818 -0.013390 0.211636 -0.033467 -3.076970 -20.158040 13.697068 0.010113 0.088937 0.050410 15.835944 -16.086071 14.198205 0.071703 0.114000 -0.018898 -4.219427 1.057318 -12.935396 0.122921 0.045205 -0.019046 -11.193434 -13.711532 -34.245476 0.255332 -0.015649 -0.022946 6.245837 -52.483293 21.819992 0.265709 0.012698 -0.007375 -1.805616 -5.116494 6.706021 0.086691 -0.010636 -0.015594 -4.839738 -2.583139 -10.318609 -0.082954 0.112473 -0.023707 1.437276 5.160384 8.831242 -0.113228 0.046853 -0.008472 19.335637 12.805552 37.906167 -0.260128 -0.014369 -0.031268 40.166536 63.032599 -27.362213 -0.269109 0.006794 -0.006027 3.235670 6.499855 -2.121285 -0.088754 -0.008652 -0.010107 -4.574079 6.059232 9.157498 
-0.195672 -0.090931 2.579474 -0.000000 0.000000 -0.000000 -0.197846 0.881792 2.608058 -175.463544 -4.074341 0.348427 0.058581 -0.082280 -0.017664 8.569614 0.854932 -5.958941 0.043451 -0.386469 0.008036 19.386204 -9.850678 -3.763558 -0.014790 -0.426875 -0.037428 -0.628724 13.806421 -1.334988 0.041054 -0.060287 0.122042 -13.173498 6.740256 6.785073 -0.060310 -0.090513 -0.013542 -10.424064 4.365716 -0.062465 -0.043257 -0.383688 -0.004843 57.069048 10.110494 -3.822400 0.019056 -0.420045 -0.034562 9.262454 -13.790400 15.165352 -0.034840 -0.062106 0.130323 -7.760148 16.064550 -23.209821 0.004439 0.124404 -0.038385 4.428444 -3.564161 2.592302 0.004488 0.137956 0.026820 -1.389946 -2.383784 2.975443 -0.002265 0.056032 0.002855 4.191279 -2.879785 -0.452990 -0.013390 0.211635 -0.033467 -2.352623 -20.452771 13.240771 0.010113 0.088937 0.050410 16.351589 -16.335946 13.655045 0.071703 0.114000 -0.018898 -4.332150 1.243458 -12.898381 0.122922 0.045205 -0.019046 -11.192587 -13.860623 -34.204553 0.255332 -0.015649 -0.022947 6.492616 -52.800108 22.209868 0.265709 0.012698 -0.007375 -1.896821 -5.083686 6.742480 0.086691 -0.010636 -0.015594 -4.781833 -2.607064 -10.317364 -0.082954 0.112472 -0.023707 1.348914 5.013287 8.920817 -0.113228 0.046853 -0.008472 19.367377 12.897246 38.368963 -0.260127 -0.014369 -0.031269 39.065906 62.406421 -26.038559 -0.269109 0.006794 -0.006027 3.141127 6.418295 -2.096179 -0.088754 -0.008652 -0.010107 -4.555979 6.069593 9.144023 
-0.195672 -0.090931 2.579474 -0.000000 0.000000 -0.000000 -0.197846 0.881792 2.608058 -175.463544 -4.074341 0.348427 0.058581 -0.082280 -0.017664 8.619843 0.804371 -6.273661 0.043451 -0.386470 0.008037 19.337676 -9.727910 -3.824955 -0.014790 -0.426874 -0.037428 -0.479138 13.773464 -1.465572 0.041054 -0.060287 0.122043 -13.176792 6.660972 6.755267 -0.060310 -0.090513 -0.013542 -9.558309 4.337102 -0.158591 -0.043257 -0.383688 -0.004843 56.528476 10.213461 -3.949892 0.019055 -0.420045 -0.034562 9.219603 -13.760689 14.982882 -0.034840 -0.062106 0.130323 -7.786860 15.931331 -22.885718 0.004439 0.124403 -0.038385 4.133953 -3.462794 2.653251 0.004489 0.137956 0.026820 -1.456276 -2.339193 2.839309 -0.002265 0.056033 0.002854 4.177321 -2.757962 -0.765704 -0.013390 0.211635 -0.033468 -1.687125 -20.708691 12.764150 0.010114 0.088938 0.050411 16.826185 -16.580183 13.078662 0.071703 0.114000 -0.018898 -4.442845 1.447875 -12.862626 0.122921 0.045205 -0.019046 -11.158169 -13.987895 -34.193720 0.255332 -0.015649 -0.022946 6.678522 -53.076331 22.539834 0.265709 0.012698 -0.007375 -1.984622 -5.046700 6.789842 0.086691 -0.010636 -0.015594 -4.735657 -2.626456 -10.316199 -0.082954 0.112472 -0.023707 1.232963 4.865555 9.011835 -0.113228 0.046853 -0.008471 19.419678 13.019594 38.872601 -0.260127 -0.014369 -0.031269 38.126806 61.845662 -24.882075 -0.269109 0.006793 -0.006027 3.038673 6.345627 -2.085783 -0.088753 -0.008651 -0.010107 -4.536274 6.076875 9.129685 
-0.195672 -0.090931 2.579474 -0.000000 0.000000 -0.000000 -0.197846 0.881792 2.608058 -175.463544 -4.074341 0.348427 0.058581 -0.082280 -0.017664 8.574396 0.731002 -6.579482 0.043451 -0.386469 0.008037 19.261781 -9.594489 -3.912504 -0.014790 -0.426874 -0.037428 -0.334631 13.689755 -1.603474 0.041054 -0.060286 0.122042 -13.179010 6.581777 6.740875 -0.060310 -0.090513 -0.013542 -8.663404 4.301313 -0.265743 -0.043257 -0.383688 -0.004843 55.925435 10.300892 -4.115761 0.019056 -0.420045 -0.034561 9.120106 -13.740871 14.798604 -0.034840 -0.062106 0.130323 -7.834279 15.811405 -22.534756 0.004439 0.124403 -0.038385 3.847813 -3.334693 2.729511 0.004488 0.137957 0.026820 -1.524350 -2.278513 2.690972 -0.002265 0.056033 0.002854 4.217319 -2.608977 -1.067132 -0.013390 0.211636 -0.033467 -1.127887 -20.882986 12.267196 0.010114 0.088937 0.050409 17.215299 -16.776714 12.468838 0.071703 0.114000 -0.018898 -4.552576 1.664923 -12.838775 0.122921 0.045205 -0.019046 -11.076593 -14.074727 -34.226799 0.255332 -0.015649 -0.022946 6.765451 -53.273997 22.756476 0.265709 0.012698 -0.007375 -2.063436 -5.004716 6.845258 0.086690 -0.010636 -0.015594 -4.707361 -2.641366 -10.316070 -0.082953 0.112472 -0.023707 1.098482 4.723059 9.093366 -0.113228 0.046853 -0.008472 19.480786 13.179881 39.396255 -0.260128 -0.014369 -0.031269 37.347987 61.385082 -23.908124 -0.269108 0.006794 -0.006027 2.931956 6.283843 -2.093444 -0.088754 -0.008652 -0.010107 -4.519041 6.080238 9.117198 
-0.195672 -0.090931 2.579474 -0.000000 0.000000 -0.000000 -0.197846 0.881792 2.608058 -175.463544 -4.074341 0.348427 0.058581 -0.082280 -0.017664 8.402851 0.649397 -6.855202 0.043451 -0.386469 0.008037 19.180763 -9.448575 -4.024240 -0.014790 -0.426875 -0.037428 -0.216877 13.563828 -1.735426 0.041054 -0.060286 0.122043 -13.185148 6.504181 6.748592 -0.060310 -0.090513 -0.013542 -7.803675 4.277072 -0.354518 -0.043257 -0.383688 -0.004843 55.255448 10.380003 -4.323117 0.019055 -0.420045 -0.034562 8.950644 -13.726131 14.621654 -0.034840 -0.062106 0.130323 -7.902307 15.712041 -22.184530 0.004439 0.124403 -0.038385 3.592610 -3.192024 2.812317 0.004488 0.137956 0.026821 -1.584763 -2.212981 2.525697 -0.002265 0.056032 0.002855 4.326947 -2.456630 -1.363623 -0.013390 0.211635 -0.033467 -0.698420 -20.947548 11.746922 0.010113 0.088937 0.050410 17.491585 -16.892728 11.826634 0.071703 0.114000 -0.018898 -4.660136 1.897291 -12.833994 0.122922 0.045205 -0.019046 -10.936954 -14.083295 -34.306678 0.255332 -0.015649 -0.022946 6.736416 -53.369835 22.834666 0.265709 0.012698 -0.007374 -2.133789 -4.957140 6.902219 0.086691 -0.010636 -0.015594 -4.701453 -2.652618 -10.319062 -0.082954 0.112472 -0.023708 0.962637 4.580353 9.157341 -0.113228 0.046853 -0.008472 19.543345 13.368593 39.924648 -0.260127 -0.014369 -0.031268 36.739758 61.063810 -23.158057 -0.269109 0.006794 -0.006027 2.818807 6.233995 -2.122780 -0.088754 -0.008652 -0.010107 -4.507425 6.078902 9.112102 
-0.195672 -0.090931 2.579474 -0.000000 0.000000 -0.000000 -0.197846 0.881792 2.608058 -175.463544 -4.074341 0.348427 0.058581 -0.082280 -0.017664 8.095720 0.576259 -7.088195 0.043451 -0.386469 0.008037 19.109119 -9.286548 -4.160166 -0.014790 -0.426875 -0.037429 -0.136215 13.404327 -1.856250 0.041054 -0.060286 0.122042 -13.199916 6.427346 6.779445 -0.060310 -0.090513 -0.013542 -7.003340 4.290127 -0.395761 -0.043257 -0.383688 -0.004842 54.521128 10.468733 -4.578325 0.019056 -0.420045 -0.034562 8.707672 -13.705101 14.450442 -0.034840 -0.062106 0.130323 -7.986012 15.631709 -21.846182 0.004439 0.124404 -0.038385 3.377357 -3.047613 2.891169 0.004488 0.137956 0.026821 -1.628130 -2.155085 2.334990 -0.002265 0.056032 0.002855 4.517951 -2.322671 -1.670694 -0.013390 0.211636 -0.033467 -0.381008 -20.908184 11.191899 0.010113 0.088937 0.050410 17.664710 -16.928612 11.142676 0.071703 0.114000 -0.018897 -4.766185 2.153908 -12.848414 0.122921 0.045205 -0.019045 -10.738014 -13.981876 -34.433818 0.255332 -0.015649 -0.022946 6.595543 -53.365316 22.786851 0.265710 0.012698 -0.007375 -2.201388 -4.903555 6.958110 0.086691 -0.010636 -0.015594 -4.718150 -2.661868 -10.326663 -0.082953 0.112473 -0.023707 0.834061 4.425770 9.201135 -0.113228 0.046853 -0.008472 19.608329 13.574516 40.473939 -0.260127 -0.014369 -0.031269 36.291643 60.896621 -22.645036 -0.269108 0.006794 -0.006026 2.690446 6.195316 -2.176764 -0.088754 -0.008652 -0.010107 -4.500899 6.072731 9.118428 
-0.195672 -0.090931 2.579474 -0.000000 0.000000 -0.000000 -0.197846 0.881792 2.608058 -175.463544 -4.074341 0.348427 0.058581 -0.082280 -0.017664 7.666342 0.524342 -7.262182 0.043451 -0.386469 0.008037 19.058166 -9.115796 -4.317413 -0.014790 -0.426874 -0.037429 -0.101227 13.226590 -1.960899 0.041054 -0.060286 0.122042 -13.225295 6.350797 6.828941 -0.060310 -0.090513 -0.013542 -6.306188 4.361467 -0.364748 -0.043257 -0.383688 -0.004844 53.781996 10.580440 -4.870702 0.019056 -0.420046 -0.034562 8.399943 -13.670762 14.286528 -0.034840 -0.062105 0.130323 -8.071878 15.571530 -21.537991 0.004439 0.124403 -0.038385 3.215890 -2.915652 2.955489 0.004488 0.137956 0.026821 -1.649766 -2.114870 2.122782 -0.002265 0.056033 0.002855 4.792872 -2.223974 -1.984100 -0.013390 0.211636 -0.033467 -0.173088 -20.774411 10.621057 0.010113 0.088938 0.050410 17.744705 -16.885602 10.436917 0.071702 0.114000 -0.018898 -4.870950 2.433641 -12.875392 0.122921 0.045205 -0.019046 -10.500087 -13.744802 -34.600844 0.255332 -0.015649 -0.022947 6.348159 -53.262710 22.638327 0.265709 0.012698 -0.007375 -2.266567 -4.847496 7.012108 0.086690 -0.010636 -0.015594 -4.753585 -2.671574 -10.338784 -0.082954 0.112472 -0.023707 0.723883 4.253897 9.221015 -0.113228 0.046853 -0.008472 19.681045 13.772881 41.046770 -0.260128 -0.014369 -0.031268 35.990572 60.889996 -22.377832 -0.269108 0.006794 -0.006027 2.544358 6.168632 -2.253704 -0.088754 -0.008652 -0.010107 -4.495996 6.062197 9.136905 
-0.195672 -0.090931 2.579474 -0.000000 0.000000 -0.000000 -0.197846 0.881792 2.608058 -175.463544 -4.074341 0.348427 0.058581 -0.082280 -0.017664 7.151857 0.502138 -7.363933 0.043451 -0.386469 0.008037 19.030789 -8.949237 -4.477116 -0.014790 -0.426874 -0.037429 -0.121062 13.062163 -2.039171 0.041054 -0.060286 0.122043 -13.261766 6.274533 6.888646 -0.060310 -0.090513 -0.013542 -5.758500 4.511201 -0.239800 -0.043257 -0.383688 -0.004843 53.114532 10.727160 -5.177885 0.019056 -0.420046 -0.034562 8.044736 -13.619238 14.134101 -0.034840 -0.062106 0.130323 -8.143508 15.533238 -21.284765 0.004439 0.124403 -0.038385 3.125079 -2.815910 2.998214 0.004488 0.137956 0.026820 -1.648014 -2.105405 1.907650 -0.002265 0.056032 0.002855 5.141110 -2.183545 -2.283527 -0.013390 0.211636 -0.033467 -0.063593 -20.552442 10.068613 0.010113 0.088937 0.050410 17.743291 -16.761117 9.743350 0.071703 0.114000 -0.018897 -4.970664 2.729512 -12.903424 0.122921 0.045205 -0.019046 -10.253116 -13.348568 -34.783718 0.255332 -0.015649 -0.022946 6.017991 -53.075873 22.431101 0.265710 0.012698 -0.007375 -2.324912 -4.793612 7.060465 0.086691 -0.010636 -0.015594 -4.803138 -2.684630 -10.355428 -0.082954 0.112472 -0.023707 0.648605 4.055742 9.216234 -0.113228 0.046853 -0.008471 19.764716 13.906590 41.636973 -0.260128 -0.014369 -0.031269 35.804319 61.033573 -22.362919 -0.269108 0.006794 -0.006027 2.381762 6.152141 -2.346546 -0.088754 -0.008652 -0.010107 -4.489547 6.048653 9.168044 
-0.195672 -0.090931 2.579474 -0.000000 0.000000 -0.000000 -0.197846 0.881792 2.608058 -175.463544 -4.074341 0.348427 0.058581 -0.082280 -0.017664 6.571511 0.518288 -7.390003 0.043451 -0.386470 0.008037 19.017595 -8.782999 -4.622083 -0.014790 -0.426874 -0.037428 -0.191752 12.932688 -2.088340 0.041054 -0.060286 0.122043 -13.308557 6.196913 6.957824 -0.060310 -0.090513 -0.013542 -5.355832 4.753548 -0.013284 -0.043257 -0.383688 -0.004842 52.553979 10.919455 -5.494026 0.019055 -0.420045 -0.034561 7.654420 -13.550321 13.986738 -0.034840 -0.062105 0.130323 -8.195821 15.506812 -21.086764 0.004439 0.124403 -0.038385 3.114019 -2.757363 3.023699 0.004488 0.137957 0.026820 -1.625474 -2.133198 1.702651 -0.002265 0.056032 0.002855 5.548654 -2.216070 -2.560926 -0.013390 0.211636 -0.033467 -0.017249 -20.256420 9.554049 0.010113 0.088938 0.050409 17.678095 -16.564056 9.071595 0.071703 0.114000 -0.018898 -5.057367 3.037615 -12.930392 0.122921 0.045205 -0.019046 -10.002418 -12.776492 -34.974387 0.255332 -0.015649 -0.022947 5.648927 -52.825708 22.212513 0.265710 0.012698 -0.007374 -2.375648 -4.740710 7.098067 0.086690 -0.010636 -0.015594 -4.870419 -2.703737 -10.381374 -0.082954 0.112473 -0.023707 0.603936 3.818855 9.196174 -0.113228 0.046853 -0.008472 19.852351 13.922722 42.263681 -0.260128 -0.014369 -0.031268 35.644886 61.286488 -22.559939 -0.269109 0.006794 -0.006027 2.202863 6.138418 -2.452664 -0.088754 -0.008652 -0.010107 -4.483863 6.034301 9.216250 
-0.195672 -0.090931 2.579474 -0.000000 0.000000 -0.000000 -0.197846 0.881792 2.608058 -175.463544 -4.074341 0.348427 0.058581 -0.082280 -0.017664 5.938643 0.578597 -7.342019 0.043452 -0.386470 0.008037 19.016172 -8.601885 -4.734035 -0.014790 -0.426874 -0.037428 -0.309753 12.856775 -2.104401 0.041054 -0.060286 0.122043 -13.365451 6.118997 7.038437 -0.060310 -0.090513 -0.013542 -5.102428 5.096988 0.303484 -0.043257 -0.383688 -0.004844 52.141179 11.155080 -5.815876 0.019056 -0.420046 -0.034562 7.243409 -13.466196 13.841582 -0.034840 -0.062106 0.130323 -8.231203 15.481416 -20.944599 0.004439 0.124403 -0.038385 3.192850 -2.744717 3.033776 0.004489 0.137956 0.026821 -1.589638 -2.200295 1.512501 -0.002265 0.056032 0.002855 5.980087 -2.335950 -2.813938 -0.013390 0.211636 -0.033467 0.014826 -19.892607 9.115389 0.010113 0.088937 0.050410 17.566388 -16.288309 8.440338 0.071703 0.114000 -0.018898 -5.130302 3.345486 -12.958313 0.122921 0.045205 -0.019047 -9.763556 -12.028583 -35.152101 0.255332 -0.015649 -0.022947 5.279669 -52.542695 22.042151 0.265709 0.012698 -0.007375 -2.423152 -4.688969 7.125489 0.086691 -0.010636 -0.015594 -4.958875 -2.731364 -10.424677 -0.082954 0.112472 -0.023708 0.570434 3.539674 9.168125 -0.113228 0.046853 -0.008472 19.911463 13.767127 42.925727 -0.260128 -0.014369 -0.031269 35.420736 61.603860 -22.943524 -0.269109 0.006794 -0.006027 2.008542 6.122142 -2.577186 -0.088754 -0.008652 -0.010107 -4.483301 6.022747 9.288898 
-0.195672 -0.090931 2.579474 -0.000000 0.000000 -0.000000 -0.197846 0.881792 2.608058 -175.463544 -4.074341 0.348427 0.058581 -0.082280 -0.017664 5.279307 0.684022 -7.240094 0.043451 -0.386470 0.008037 19.043175 -8.384795 -4.796143 -0.014790 -0.426874 -0.037428 -0.478745 12.856675 -2.077829 0.041054 -0.060286 0.122042 -13.429461 6.045108 7.126949 -0.060310 -0.090513 -0.013542 -4.998107 5.541670 0.691302 -0.043257 -0.383688 -0.004843 51.895323 11.423368 -6.141870 0.019056 -0.420046 -0.034561 6.830681 -13.369489 13.702887 -0.034840 -0.062106 0.130324 -8.251056 15.451746 -20.864233 0.004439 0.124404 -0.038385 3.361135 -2.780306 3.028384 0.004488 0.137956 0.026820 -1.557889 -2.308587 1.337143 -0.002265 0.056032 0.002855 6.380501 -2.553619 -3.033393 -0.013390 0.211636 -0.033468 0.117855 -19.435860 8.790938 0.010113 0.088937 0.050410 17.437529 -15.899434 7.861442 0.071703 0.114000 -0.018898 -5.208789 3.639121 -12.962775 0.122921 0.045205 -0.019046 -9.590678 -11.117860 -35.245945 0.255332 -0.015649 -0.022947 4.908601 -52.275505 21.993540 0.265709 0.012698 -0.007374 -2.480160 -4.639902 7.156995 0.086691 -0.010636 -0.015594 -5.061161 -2.770062 -10.491246 -0.082954 0.112472 -0.023707 0.515140 3.214162 9.120225 -0.113228 0.046853 -0.008471 19.873771 13.378727 43.595742 -0.260127 -0.014369 -0.031269 35.046636 61.947227 -23.534515 -0.269109 0.006794 -0.006027 1.787488 6.098797 -2.732306 -0.088753 -0.008652 -0.010107 -4.488552 6.017771 9.392582 
-0.195672 -0.090931 2.579474 -0.000000 0.000000 -0.000000 -0.197846 0.881792 2.608058 -175.463544 -4.074341 0.348427 0.058581 -0.082280 -0.017664 4.625005 0.835215 -7.107347 0.043451 -0.386469 0.008037 19.121931 -8.107796 -4.801245 -0.014790 -0.426874 -0.037429 -0.710800 12.940198 -1.994356 0.041054 -0.060287 0.122042 -13.493573 5.986555 7.212353 -0.060310 -0.090513 -0.013542 -5.008886 6.081492 1.134401 -0.043257 -0.383688 -0.004843 51.796299 11.716314 -6.482435 0.019056 -0.420046 -0.034562 6.438018 -13.259877 13.571456 -0.034840 -0.062105 0.130323 -8.248927 15.409745 -20.842858 0.004439 0.124403 -0.038385 3.604129 -2.864157 3.014759 0.004489 0.137957 0.026820 -1.552720 -2.461672 1.174841 -0.002265 0.056032 0.002856 6.695546 -2.869700 -3.204621 -0.013390 0.211636 -0.033467 0.401100 -18.841613 8.602666 0.010113 0.088937 0.050410 17.341680 -15.354882 7.328756 0.071702 0.114000 -0.018898 -5.321225 3.901299 -12.911699 0.122922 0.045205 -0.019046 -9.545581 -10.051183 -35.212064 0.255332 -0.015649 -0.022946 4.510604 -52.069363 22.152551 0.265710 0.012698 -0.007374 -2.576534 -4.589045 7.211753 0.086691 -0.010636 -0.015594 -5.163483 -2.824012 -10.587333 -0.082954 0.112472 -0.023707 0.375313 2.837731 9.029147 -0.113228 0.046853 -0.008472 19.623410 12.708007 44.246006 -0.260128 -0.014370 -0.031269 34.386335 62.281025 -24.367159 -0.269108 0.006794 -0.006027 1.511947 6.056781 -2.937210 -0.088754 -0.008651 -0.010107 -4.498040 6.022962 9.536517 
-0.195672 -0.090931 2.579474 -0.000000 0.000000 -0.000000 -0.197846 0.881792 2.608058 -175.463544 -4.074341 0.348427 0.058581 -0.082280 -0.017664 4.008950 1.031746 -6.949048 0.043451 -0.386469 0.008037 19.268635 -7.750981 -4.749051 -0.014790 -0.426874 -0.037428 -1.020394 13.097746 -1.845328 0.041054 -0.060286 0.122043 -13.547632 5.955176 7.281343 -0.060310 -0.090513 -0.013542 -5.077616 6.693364 1.600919 -0.043257 -0.383688 -0.004843 51.794277 12.022720 -6.838755 0.019056 -0.420045 -0.034562 6.075713 -13.137574 13.445314 -0.034840 -0.062105 0.130323 -8.213789 15.343810 -20.866491 0.004439 0.124403 -0.038385 3.895634 -2.997673 3.000686 0.004489 0.137956 0.026820 -1.599657 -2.665040 1.021042 -0.002265 0.056032 0.002855 6.866882 -3.277732 -3.320693 -0.013390 0.211636 -0.033468 1.002155 -18.072692 8.565457 0.010113 0.088937 0.050410 17.350050 -14.626126 6.835598 0.071703 0.114000 -0.018898 -5.503592 4.106790 -12.773826 0.122921 0.045205 -0.019046 -9.695639 -8.849939 -35.016136 0.255332 -0.015649 -0.022946 4.053480 -51.972074 22.602559 0.265710 0.012698 -0.007375 -2.745951 -4.532594 7.313061 0.086691 -0.010636 -0.015594 -5.248455 -2.895843 -10.715985 -0.082954 0.112472 -0.023707 0.068338 2.417366 8.858895 -0.113228 0.046853 -0.008471 18.997766 11.717096 44.805877 -0.260127 -0.014369 -0.031269 33.305584 62.592318 -25.509811 -0.269108 0.006794 -0.006027 1.149186 5.984872 -3.212982 -0.088753 -0.008652 -0.010107 -4.506892 6.039844 9.727460 
-0.195672 -0.090931 2.579474 -0.000000 0.000000 -0.000000 -0.197846 0.881792 2.608058 -175.463544 -4.074341 0.348427 0.058581 -0.082280 -0.017664 3.439727 1.272956 -6.758079 0.043451 -0.386470 0.008037 19.490524 -7.297616 -4.648115 -0.014790 -0.426874 -0.037428 -1.406761 13.314323 -1.644799 0.041054 -0.060286 0.122041 -13.580750 5.944440 7.334473 -0.060310 -0.090513 -0.013542 -5.151618 7.334822 2.040122 -0.043257 -0.383688 -0.004843 51.824146 12.332192 -7.170404 0.019055 -0.420045 -0.034562 5.715331 -13.007498 13.323313 -0.034840 -0.062106 0.130323 -8.135974 15.244403 -20.910219 0.004439 0.124403 -0.038385 4.215691 -3.182389 2.986681 0.004488 0.137957 0.026820 -1.721739 -2.926885 0.872883 -0.002265 0.056033 0.002855 6.855498 -3.771926 -3.380722 -0.013390 0.211635 -0.033467 2.086516 -17.071388 8.667390 0.010113 0.088938 0.050410 17.528238 -13.689736 6.367877 0.071703 0.113999 -0.018898 -5.801755 4.222023 -12.494787 0.122921 0.045205 -0.019046 -10.119829 -7.555533 -34.570808 0.255332 -0.015649 -0.022946 3.503179 -52.037302 23.382272 0.265709 0.012698 -0.007375 -2.999494 -4.477905 7.486982 0.086691 -0.010636 -0.015594 -5.304028 -2.982728 -10.870902 -0.082954 0.112472 -0.023708 -0.482509 1.966614 8.550365 -0.113228 0.046854 -0.008471 17.815548 10.377625 45.128477 -0.260128 -0.014369 -0.031269 31.782376 62.936614 -27.122563 -0.269109 0.006794 -0.006027 0.674359 5.886066 -3.581618 -0.088754 -0.008651 -0.010107 -4.506799 6.062739 9.961995 
-0.195672 -0.090931 2.579474 -0.000000 0.000000 -0.000000 -0.197846 0.881792 2.608058 -175.463544 -4.074341 0.348427 0.058581 -0.082280 -0.017664 2.895212 1.562269 -6.537633 0.043451 -0.386469 0.008037 19.785035 -6.735634 -4.518081 -0.014790 -0.426875 -0.037428 -1.838747 13.571715 -1.436566 0.041054 -0.060286 0.122042 -13.584218 5.939249 7.389211 -0.060310 -0.090513 -0.013542 -5.200262 7.921252 2.377007 -0.043257 -0.383688 -0.004843 51.793516 12.620440 -7.372712 0.019055 -0.420046 -0.034562 5.302218 -12.887159 13.210510 -0.034840 -0.062105 0.130323 -8.010133 15.098495 -20.937807 0.004439 0.124403 -0.038385 4.561726 -3.407152 2.976371 0.004488 0.137956 0.026820 -1.927977 -3.243802 0.748886 -0.002265 0.056032 0.002854 6.674070 -4.334242 -3.367775 -0.013390 0.211636 -0.033467 3.780626 -15.762680 8.849485 0.010113 0.088937 0.050409 17.906389 -12.538120 5.911637 0.071702 0.114000 -0.018898 -6.246414 4.194454 -12.016511 0.122921 0.045205 -0.019046 -10.883638 -6.259774 -33.817657 0.255332 -0.015649 -0.022946 2.865440 -52.298666 24.466772 0.265709 0.012698 -0.007374 -3.324858 -4.442218 7.749093 0.086690 -0.010636 -0.015595 -5.329600 -3.075412 -11.034134 -0.082954 0.112472 -0.023707 -1.317465 1.527206 8.047242 -0.113228 0.046853 -0.008472 15.928520 8.758635 45.038339 -0.260127 -0.014369 -0.031269 29.959720 63.420123 -29.400867 -0.269108 0.006794 -0.006027 0.091524 5.781241 -4.068347 -0.088754 -0.008652 -0.010107 -4.490848 6.080253 10.222439 
-0.195672 -0.090931 2.579474 -0.000000 0.000000 -0.000000 -0.197846 0.881792 2.608058 -175.463544 -4.074341 0.348427 0.058581 -0.082280 -0.017664 2.317835 1.903491 -6.297138 0.043451 -0.386469 0.008037 20.158195 -6.053149 -4.398150 -0.014790 -0.426874 -0.037427 -2.283627 13.838546 -1.280617 0.041054 -0.060286 0.122043 -13.554633 5.931335 7.466550 -0.060310 -0.090513 -0.013542 -5.192828 8.330291 2.531497 -0.043257 -0.383688 -0.004843 51.541502 12.833365 -7.309516 0.019056 -0.420046 -0.034562 4.776120 -12.814925 13.118411 -0.034840 -0.062105 0.130323 -7.831316 14.879985 -20.902771 0.004439 0.124403 -0.038385 4.938550 -3.634240 2.976688 0.004489 0.137956 0.026820 -2.216315 -3.586497 0.680772 -0.002265 0.056032 0.002855 6.376689 -4.923813 -3.247106 -0.013390 0.211636 -0.033467 6.135455 -14.108120 9.031750 0.010114 0.088937 0.050410 18.488552 -11.190226 5.467396 0.071702 0.114000 -0.018897 -6.851534 3.953595 -11.303483 0.122921 0.045205 -0.019046 -12.024630 -5.075908 -32.805095 0.255332 -0.015649 -0.022946 2.158921 -52.739357 25.795010 0.265709 0.012698 -0.007375 -3.715073 -4.445973 8.102379 0.086691 -0.010636 -0.015594 -5.326121 -3.165386 -11.183989 -0.082954 0.112472 -0.023706 -2.451729 1.198231 7.303275 -0.113228 0.046853 -0.008472 13.234094 7.056313 44.430999 -0.260127 -0.014369 -0.031268 27.995327 64.104296 -32.425538 -0.269108 0.006794 -0.006027 -0.575267 5.703007 -4.704073 -0.088754 -0.008652 -0.010107 -4.451964 6.084664 10.485384 
-0.195672 -0.090931 2.579474 -0.000000 0.000000 -0.000000 -0.197846 0.881792 2.608058 -175.463544 -4.074341 0.348427 0.058581 -0.082280 -0.017664 1.649010 2.282620 -6.061093 0.043451 -0.386470 0.008037 20.604471 -5.289775 -4.305019 -0.014790 -0.426875 -0.037427 -2.723155 14.097896 -1.228157 0.041054 -0.060286 0.122043 -13.503100 5.935209 7.579967 -0.060310 -0.090513 -0.013542 -5.123964 8.418276 2.453517 -0.043257 -0.383688 -0.004843 50.822328 12.909807 -6.857684 0.019055 -0.420046 -0.034562 4.096856 -12.829589 13.062977 -0.034840 -0.062106 0.130324 -7.596183 14.566210 -20.776643 0.004439 0.124404 -0.038385 5.320647 -3.815350 2.980730 0.004489 0.137957 0.026820 -2.573813 -3.908584 0.683091 -0.002264 0.056032 0.002855 5.982587 -5.502525 -3.001592 -0.013390 0.211635 -0.033468 9.081309 -12.174395 9.143222 0.010113 0.088937 0.050410 19.240832 -9.717524 5.094575 0.071702 0.114000 -0.018898 -7.605632 3.427641 -10.342340 0.122921 0.045205 -0.019047 -13.523539 -4.189545 -31.614237 0.255332 -0.015649 -0.022946 1.418968 -53.329574 27.264017 0.265709 0.012698 -0.007375 -4.173712 -4.510495 8.532620 0.086691 -0.010636 -0.015594 -5.275242 -3.241248 -11.291799 -0.082954 0.112472 -0.023708 -3.835341 1.112020 6.299811 -0.113228 0.046853 -0.008472 9.764011 5.485252 43.220576 -0.260128 -0.014369 -0.031269 26.008932 64.920764 -35.996699 -0.269108 0.006794 -0.006027 -1.276621 5.688032 -5.484884 -0.088754 -0.008651 -0.010107 -4.378539 6.073824 10.715716 
-0.195672 -0.090931 2.579474 -0.000000 0.000000 -0.000000 -0.197846 0.881792 2.608058 -175.463544 -4.074341 0.348427 0.058581 -0.082280 -0.017664 0.853970 2.648612 -5.858669 0.043451 -0.386469 0.008037 21.082432 -4.556537 -4.207520 -0.014790 -0.426874 -0.037428 -3.134261 14.330828 -1.286280 0.041054 -0.060286 0.122042 -13.459795 5.991941 7.721566 -0.060310 -0.090513 -0.013542 -5.021742 8.109645 2.176532 -0.043257 -0.383688 -0.004843 49.460562 12.797784 -6.025888 0.019055 -0.420045 -0.034561 3.281050 -12.928617 13.039900 -0.034840 -0.062105 0.130323 -7.328683 14.157076 -20.549039 0.004439 0.124403 -0.038385 5.648809 -3.912477 2.973570 0.004489 0.137956 0.026820 -2.961484 -4.156515 0.745686 -0.002265 0.056032 0.002856 5.471887 -6.017750 -2.660715 -0.013390 0.211636 -0.033467 12.386043 -10.138619 9.150048 0.010113 0.088938 0.050410 20.074315 -8.241891 4.867792 0.071703 0.114000 -0.018898 -8.422961 2.608339 -9.186444 0.122921 0.045205 -0.019046 -15.194842 -3.813355 -30.362592 0.255332 -0.015649 -0.022947 0.770182 -53.978466 28.705472 0.265709 0.012698 -0.007375 -4.691013 -4.636771 8.996065 0.086691 -0.010636 -0.015594 -5.166560 -3.292975 -11.338574 -0.082954 0.112472 -0.023707 -5.328647 1.347686 5.115447 -0.113228 0.046853 -0.008472 5.765499 4.298180 41.432549 -0.260127 -0.014369 -0.031269 24.214247 65.746786 -39.749406 -0.269108 0.006794 -0.006027 -1.930031 5.751404 -6.357643 -0.088754 -0.008652 -0.010107 -4.272604 6.053020 10.886435 
-0.195672 -0.090931 2.579474 -0.000000 0.000000 -0.000000 -0.197846 0.881792 2.608058 -175.463544 -4.074341 0.348427 0.058581 -0.082280 -0.017664 -0.105398 2.930864 -5.679332 0.043451 -0.386470 0.008036 21.574028 -3.922340 -4.068588 -0.014790 -0.426874 -0.037428 -3.501328 14.494261 -1.422734 0.041054 -0.060286 0.122043 -13.455134 6.133074 7.866576 -0.060310 -0.090513 -0.013542 -4.904584 7.432237 1.765628 -0.043257 -0.383688 -0.004843 47.466403 12.448227 -4.936757 0.019055 -0.420045 -0.034562 2.402671 -13.060476 13.031513 -0.034840 -0.062106 0.130323 -7.066588 13.657963 -20.210496 0.004439 0.124403 -0.038385 5.891766 -3.904776 2.953393 0.004489 0.137957 0.026821 -3.331976 -4.295573 0.866609 -0.002265 0.056032 0.002855 4.830453 -6.378011 -2.244344 -0.013390 0.211636 -0.033468 15.820378 -8.163034 9.077421 0.010113 0.088937 0.050410 20.893549 -6.852681 4.808750 0.071702 0.114000 -0.018898 -9.204860 1.501960 -7.917490 0.122921 0.045205 -0.019047 -16.799620 -4.042773 -29.245186 0.255332 -0.015649 -0.022946 0.435802 -54.635718 30.067415 0.265710 0.012698 -0.007375 -5.254808 -4.812590 9.456036 0.086691 -0.010636 -0.015594 -5.011394 -3.324955 -11.333660 -0.082954 0.112472 -0.023708 -6.841156 1.969929 3.858092 -0.113228 0.046853 -0.008473 1.455010 3.825243 39.269531 -0.260127 -0.014369 -0.031269 22.938055 66.574632 -43.618817 -0.269108 0.006794 -0.006027 -2.477876 5.878521 -7.283585 -0.088753 -0.008651 -0.010107 -4.156711 6.031240 11.005528 
-0.195672 -0.090931 2.579474 -0.000000 0.000000 -0.000000 -0.197846 0.881792 2.608058 -175.463544 -4.074341 0.348427 0.058581 -0.082280 -0.017664 -1.269460 3.067940 -5.476990 0.043451 -0.386469 0.008036 22.111419 -3.383328 -3.874043 -0.014790 -0.426875 -0.037428 -3.828883 14.536461 -1.595068 0.041055 -0.060286 0.122042 -13.515418 6.375940 7.980676 -0.060310 -0.090513 -0.013542 -4.770123 6.440843 1.245828 -0.043257 -0.383688 -0.004843 44.969989 11.812711 -3.719100 0.019056 -0.420046 -0.034562 1.564187 -13.160281 13.016325 -0.034840 -0.062106 0.130323 -6.851175 13.061654 -19.746485 0.004439 0.124403 -0.038385 6.054152 -3.779518 2.927732 0.004489 0.137956 0.026820 -3.647807 -4.313253 1.047136 -0.002265 0.056033 0.002855 4.032396 -6.481393 -1.750935 -0.013390 0.211636 -0.033468 19.127455 -6.388958 8.945120 0.010113 0.088937 0.050410 21.589970 -5.626833 4.886580 0.071703 0.114000 -0.018898 -9.883962 0.050040 -6.624017 0.122921 0.045205 -0.019047 -18.141365 -4.951001 -28.558696 0.255332 -0.015649 -0.022946 0.816509 -55.420322 31.515101 0.265709 0.012698 -0.007375 -5.851069 -5.033489 9.894246 0.086690 -0.010636 -0.015594 -4.818350 -3.347916 -11.295390 -0.082953 0.112473 -0.023707 -8.331238 3.102021 2.638657 -0.113228 0.046853 -0.008472 -2.966091 4.409018 37.130421 -0.260128 -0.014369 -0.031269 22.643329 67.456144 -47.793470 -0.269108 0.006794 -0.006027 -2.888937 6.043884 -8.234442 -0.088754 -0.008652 -0.010107 -4.061694 6.016137 11.093820 
-0.195672 -0.090931 2.579474 -0.000000 0.000000 -0.000000 -0.197846 0.881792 2.608058 -175.463544 -4.074341 0.348427 0.058581 -0.082280 -0.017664 -2.666994 3.047910 -5.195722 0.043451 -0.386469 0.008037 22.737239 -2.913216 -3.622606 -0.014790 -0.426875 -0.037428 -4.138551 14.416798 -1.758700 0.041054 -0.060286 0.122043 -13.675661 6.744631 8.024175 -0.060310 -0.090513 -0.013542 -4.652208 5.184692 0.623310 -0.043257 -0.383688 -0.004843 42.076612 10.844468 -2.467684 0.019056 -0.420045 -0.034562 0.840174 -13.186521 12.962621 -0.034840 -0.062105 0.130323 -6.720758 12.344212 -19.137790 0.004439 0.124403 -0.038385 6.156757 -3.535248 2.899899 0.004488 0.137956 0.026821 -3.883690 -4.217975 1.269049 -0.002265 0.056032 0.002855 3.040200 -6.279042 -1.204260 -0.013390 0.211636 -0.033468 22.002471 -4.918128 8.721793 0.010113 0.088937 0.050410 22.030137 -4.624541 5.017261 0.071702 0.114000 -0.018898 -10.425517 -1.857941 -5.393178 0.122921 0.045205 -0.019047 -19.107925 -6.754696 -28.609788 0.255332 -0.015649 -0.022947 2.589194 -56.672767 33.476553 0.265709 0.012698 -0.007375 -6.459283 -5.309847 10.303721 0.086691 -0.010636 -0.015594 -4.578158 -3.367349 -11.234099 -0.082954 0.112472 -0.023707 -9.761659 4.865858 1.576695 -0.113229 0.046853 -0.008473 -7.279387 6.298882 35.542283 -0.260127 -0.014369 -0.031269 23.961637 68.437826 -52.637925 -0.269109 0.006794 -0.006027 -3.152622 6.224804 -9.174119 -0.088753 -0.008651 -0.010107 -4.011166 6.011889 11.166520 
-0.195672 -0.090931 2.579474 -0.000000 0.000000 -0.000000 -0.197846 0.881792 2.608058 -175.463544 -4.074341 0.348427 0.058581 -0.082280 -0.017664 -4.298412 2.906899 -4.750590 0.043451 -0.386469 0.008037 23.435146 -2.486387 -3.321873 -0.014790 -0.426874 -0.037428 -4.457881 14.083211 -1.869415 0.041054 -0.060286 0.122043 -13.968483 7.271179 7.960989 -0.060310 -0.090513 -0.013542 -4.663535 3.723153 -0.037934 -0.043257 -0.383688 -0.004843 38.804589 9.476157 -1.245353 0.019056 -0.420046 -0.034562 0.260481 -13.127034 12.826837 -0.034840 -0.062106 0.130323 -6.700805 11.465680 -18.357694 0.004439 0.124403 -0.038385 6.224336 -3.176621 2.861868 0.004488 0.137957 0.026821 -4.014541 -4.025023 1.493463 -0.002265 0.056032 0.002855 1.863249 -5.774609 -0.663245 -0.013390 0.211636 -0.033467 24.054857 -3.814497 8.382400 0.010113 0.088937 0.050409 22.076396 -3.892584 5.107064 0.071702 0.114000 -0.018898 -10.803319 -4.371392 -4.332493 0.122921 0.045205 -0.019046 -19.649324 -9.844190 -29.718956 0.255332 -0.015649 -0.022946 6.942548 -58.865514 36.860379 0.265709 0.012698 -0.007375 -7.030789 -5.667193 10.692198 0.086691 -0.010636 -0.015594 -4.279945 -3.385296 -11.154677 -0.082954 0.112472 -0.023707 -11.073725 7.370680 0.790878 -0.113229 0.046853 -0.008473 -11.245264 9.685207 35.118271 -0.260128 -0.014369 -0.031268 27.861503 69.526435 -58.793353 -0.269108 0.006794 -0.006026 -3.275263 6.412766 -10.062676 -0.088754 -0.008652 -0.010107 -4.022985 6.023298 11.236541 
-0.195672 -0.090931 2.579474 -0.000000 0.000000 -0.000000 -0.197846 0.881792 2.608058 -175.463544 -4.074341 0.348427 0.058581 -0.082280 -0.017664 -6.135637 2.697578 -4.060202 0.043451 -0.386469 0.008037 24.129653 -2.078582 -3.013640 -0.014790 -0.426874 -0.037428 -4.841477 13.487814 -1.880912 0.041054 -0.060286 0.122042 -14.382288 7.961785 7.773802 -0.060310 -0.090513 -0.013542 -4.940840 2.177932 -0.588697 -0.043257 -0.383688 -0.004843 35.246542 7.691124 -0.127407 0.019056 -0.420045 -0.034562 -0.190331 -12.999909 12.567797 -0.034840 -0.062105 0.130323 -6.788749 10.424570 -17.413817 0.004439 0.124403 -0.038385 6.280118 -2.719977 2.795306 0.004489 0.137957 0.026820 -4.020244 -3.763421 1.661003 -0.002265 0.056032 0.002855 0.600510 -5.012339 -0.232054 -0.013390 0.211636 -0.033467 24.782564 -3.090347 7.908601 0.010113 0.088938 0.050410 21.616222 -3.456432 5.068296 0.071703 0.114000 -0.018898 -11.008738 -7.580963 -3.584029 0.122922 0.045205 -0.019046 -19.817756 -14.482240 -32.195292 0.255331 -0.015649 -0.022947 15.578948 -62.117838 43.203521 0.265709 0.012698 -0.007375 -7.464574 -6.126236 11.074236 0.086691 -0.010636 -0.015594 -3.930917 -3.402179 -11.055478 -0.082954 0.112472 -0.023707 -12.148572 10.625004 0.384365 -0.113228 0.046853 -0.008472 -14.552133 14.490484 36.406431 -0.260127 -0.014370 -0.031269 35.168986 70.539585 -66.675180 -0.269109 0.006794 -0.006027 -3.269047 6.610553 -10.833284 -0.088754 -0.008652 -0.010107 -4.108887 6.054584 11.306056 
-0.195672 -0.090931 2.579474 -0.000000 0.000000 -0.000000 -0.197846 0.881792 2.608058 -175.463544 -4.074341 0.348427 0.058581 -0.082280 -0.017664 -8.131882 2.462720 -3.164552 0.043451 -0.386469 0.008037 24.815681 -1.671628 -2.772832 -0.014790 -0.426874 -0.037427 -5.364590 12.667611 -1.754296 0.041054 -0.060285 0.122043 -14.840152 8.778091 7.478145 -0.060310 -0.090513 -0.013542 -5.521117 0.739133 -0.869783 -0.043257 -0.383688 -0.004843 31.647921 5.625085 0.774415 0.019056 -0.420045 -0.034562 -0.602466 -12.879139 12.170023 -0.034840 -0.062105 0.130323 -6.939420 9.333153 -16.390868 0.004439 0.124404 -0.038385 6.352630 -2.201620 2.690579 0.004488 0.137956 0.026820 -3.889844 -3.480471 1.728887 -0.002265 0.056032 0.002855 -0.484107 -4.074612 -0.040233 -0.013390 0.211636 -0.033466 23.738351 -2.668884 7.292643 0.010113 0.088938 0.050410 20.590978 -3.296198 4.822569 0.071702 0.114000 -0.018897 -11.057243 -11.312833 -3.271887 0.122921 0.045205 -0.019046 -19.870115 -20.352200 -36.248360 0.255332 -0.015649 -0.022947 29.739429 -65.518672 53.941296 0.265709 0.012698 -0.007375 -7.640758 -6.670684 11.452774 0.086691 -0.010635 -0.015594 -3.575517 -3.416711 -10.932050 -0.082954 0.112472 -0.023706 -12.884662 14.378322 0.406890 -0.113228 0.046853 -0.008472 -17.049339 20.236507 39.530396 -0.260127 -0.014369 -0.031269 45.523064 71.129412 -75.759932 -0.269109 0.006794 -0.006027 -3.130613 6.836249 -11.423572 -0.088754 -0.008652 -0.010107 -4.258883 6.106798 11.362925 
-0.195672 -0.090931 2.579474 -0.000000 0.000000 -0.000000 -0.197846 0.881792 2.608058 -175.463544 -4.074341 0.348427 0.058581 -0.082280 -0.017664 -10.237283 2.213828 -2.249360 0.043451 -0.386469 0.008036 25.644729 -1.245684 -2.667103 -0.014790 -0.426874 -0.037428 -6.058838 11.749596 -1.474946 0.041054 -0.060286 0.122043 -15.259930 9.657489 7.101623 -0.060310 -0.090513 -0.013542 -6.335897 -0.412803 -0.765339 -0.043257 -0.383688 -0.004842 28.244888 3.536033 1.393397 0.019056 -0.420045 -0.034562 -1.076516 -12.850357 11.657428 -0.034840 -0.062106 0.130323 -7.091000 8.358832 -15.424565 0.004439 0.124404 -0.038385 6.554745 -1.680028 2.534960 0.004488 0.137956 0.026821 -3.584490 -3.224459 1.719253 -0.002264 0.056032 0.002855 -0.851274 -3.124426 -0.102111 -0.013390 0.211636 -0.033466 20.699138 -2.459643 6.658501 0.010113 0.088937 0.050410 18.951960 -3.338108 4.388680 0.071702 0.114000 -0.018898 -10.945539 -15.226768 -3.450232 0.122922 0.045205 -0.019046 -20.182763 -26.879354 -42.134549 0.255332 -0.015649 -0.022946 48.347453 -67.581949 68.232176 0.265709 0.012698 -0.007375 -7.473686 -7.258077 11.799439 0.086690 -0.010636 -0.015594 -3.304882 -3.432224 -10.796933 -0.082954 0.112472 -0.023707 -13.300740 18.234860 0.832687 -0.113228 0.046853 -0.008472 -18.959476 26.512959 44.366583 -0.260127 -0.014369 -0.031269 57.559999 71.103895 -84.881472 -0.269108 0.006794 -0.006026 -2.789499 7.126495 -11.850925 -0.088754 -0.008651 -0.010107 -4.459264 6.181099 11.408372 
-0.195672 -0.090931 2.579474 -0.000000 0.000000 -0.000000 -0.197846 0.881792 2.608058 -175.463544 -4.074341 0.348427 0.058581 -0.082280 -0.017664 -12.411466 2.074420 -1.446960 0.043451 -0.386469 0.008037 26.793864 -0.821821 -2.748240 -0.014790 -0.426874 -0.037428 -6.910225 10.913167 -1.124119 0.041054 -0.060286 0.122043 -15.630287 10.507765 6.759720 -0.060310 -0.090513 -0.013542 -7.197537 -1.275937 -0.354645 -0.043257 -0.383688 -0.004843 25.221937 1.685914 1.856743 0.019056 -0.420045 -0.034562 -1.683888 -12.931149 11.069093 -0.034840 -0.062106 0.130323 -7.227076 7.570210 -14.606522 0.004439 0.124404 -0.038385 7.030411 -1.169899 2.319899 0.004488 0.137956 0.026821 -3.090097 -2.971139 1.679343 -0.002265 0.056032 0.002855 -0.119359 -2.261266 -0.256736 -0.013390 0.211635 -0.033467 15.617461 -2.415687 6.146529 0.010113 0.088937 0.050410 16.574654 -3.475400 3.876278 0.071703 0.113999 -0.018898 -10.687486 -19.085642 -3.993558 0.122921 0.045205 -0.019046 -21.031121 -33.304443 -49.692894 0.255331 -0.015649 -0.022947 66.953155 -67.717016 81.843992 0.265709 0.012698 -0.007374 -6.962744 -7.835462 12.063569 0.086691 -0.010636 -0.015595 -3.230362 -3.445278 -10.673610 -0.082954 0.112472 -0.023707 -13.481247 21.940805 1.514097 -0.113228 0.046853 -0.008472 -20.677686 32.784467 50.613191 -0.260127 -0.014370 -0.031269 69.732400 70.549973 -92.966654 -0.269109 0.006794 -0.006027 -2.152572 7.496917 -12.209523 -0.088754 -0.008652 -0.010107 -4.714592 6.257058 11.449461 
-0.195672 -0.090931 2.579474 -0.000000 0.000000 -0.000000 -0.197846 0.881792 2.608058 -175.463544 -4.074341 0.348427 0.058581 -0.082280 -0.017664 -14.506543 2.253760 -0.821495 0.043451 -0.386469 0.008037 28.232590 -0.477489 -3.069892 -0.014790 -0.426874 -0.037427 -7.805106 10.390758 -0.917852 0.041054 -0.060286 0.122043 -15.942111 11.145634 6.691401 -0.060310 -0.090513 -0.013542 -7.766115 -1.968700 0.007827 -0.043257 -0.383688 -0.004843 22.970172 0.369800 2.340012 0.019056 -0.420045 -0.034561 -2.488404 -13.108209 10.489788 -0.034840 -0.062106 0.130323 -7.409682 7.036412 -14.031987 0.004439 0.124403 -0.038385 7.763243 -0.665580 2.103139 0.004488 0.137956 0.026820 -2.579256 -2.657192 1.581271 -0.002265 0.056033 0.002854 1.301364 -1.489884 -0.389604 -0.013390 0.211635 -0.033467 9.064092 -2.496088 5.778294 0.010113 0.088937 0.050410 13.561523 -3.622304 3.343614 0.071702 0.113999 -0.018898 -10.360613 -22.448634 -4.576392 0.122921 0.045205 -0.019046 -22.026653 -38.097894 -57.075694 0.255332 -0.015649 -0.022946 80.188989 -66.783787 90.438289 0.265709 0.012698 -0.007374 -6.224608 -8.317407 12.225911 0.086691 -0.010636 -0.015594 -3.415943 -3.431913 -10.581779 -0.082954 0.112472 -0.023707 -13.485944 25.188151 2.167831 -0.113228 0.046853 -0.008472 -22.224232 37.756743 56.924566 -0.260128 -0.014369 -0.031269 80.210661 69.728500 -99.170665 -0.269108 0.006794 -0.006027 -1.267015 7.920402 -12.577792 -0.088754 -0.008651 -0.010107 -5.000862 6.288264 11.469806 
-0.195672 -0.090931 2.579474 -0.000000 0.000000 -0.000000 -0.197846 0.881792 2.608058 -175.463544 -4.074341 0.348427 0.058581 -0.082280 -0.017664 -16.338936 2.654861 -0.369585 0.043451 -0.386470 0.008038 29.809159 -0.255407 -3.601598 -0.014790 -0.426875 -0.037429 -8.544434 10.205319 -0.986141 0.041054 -0.060286 0.122043 -16.135986 11.415673 6.941616 -0.060310 -0.090513 -0.013542 -8.011004 -2.545812 0.043499 -0.043257 -0.383688 -0.004844 21.629679 -0.303603 2.824270 0.019056 -0.420045 -0.034562 -3.445321 -13.310065 10.048863 -0.034840 -0.062106 0.130323 -7.695792 6.799564 -13.791373 0.004439 0.124404 -0.038385 8.618332 -0.261824 1.882818 0.004488 0.137957 0.026821 -2.265641 -2.369281 1.351205 -0.002265 0.056032 0.002855 2.520063 -0.918601 -0.594070 -0.013390 0.211636 -0.033467 2.343150 -2.612369 5.588260 0.010113 0.088937 0.050409 10.499241 -3.648755 2.902470 0.071702 0.114000 -0.018897 -10.063530 -24.876136 -4.933740 0.122921 0.045205 -0.019046 -22.378891 -40.536862 -62.072172 0.255332 -0.015648 -0.022946 87.161212 -65.945948 94.329256 0.265710 0.012698 -0.007375 -5.434928 -8.682426 12.344039 0.086690 -0.010636 -0.015594 -3.725727 -3.382638 -10.509861 -0.082954 0.112472 -0.023707 -13.359362 27.619574 2.546779 -0.113228 0.046853 -0.008473 -23.218475 40.714529 61.476907 -0.260128 -0.014369 -0.031269 87.872330 68.926191 -103.385712 -0.269108 0.006794 -0.006027 -0.337251 8.341466 -12.917492 -0.088754 -0.008651 -0.010107 -5.247983 6.250345 11.442328 
-0.195672 -0.090931 2.579474 -0.000000 0.000000 -0.000000 -0.197846 0.881792 2.608058 -175.463544 -4.074341 0.348427 0.058581 -0.082280 -0.017664 -17.809341 3.040092 0.088656 0.043451 -0.386469 0.008037 31.465787 -0.159677 -4.249438 -0.014790 -0.426874 -0.037427 -9.104530 10.219189 -1.241663 0.041054 -0.060286 0.122042 -16.217907 11.335579 7.338419 -0.060310 -0.090513 -0.013542 -8.124449 -3.009024 -0.257321 -0.043257 -0.383688 -0.004843 20.912769 -0.437339 3.233378 0.019056 -0.420045 -0.034561 -4.419654 -13.453129 9.795053 -0.034839 -0.062106 0.130323 -8.055052 6.778431 -13.839334 0.004439 0.124403 -0.038385 9.456173 -0.040414 1.593900 0.004488 0.137957 0.026821 -2.122661 -2.226479 1.023920 -0.002265 0.056033 0.002855 3.228452 -0.578242 -0.821220 -0.013390 0.211635 -0.033467 -3.517236 -2.777548 5.600627 0.010113 0.088937 0.050410 7.868688 -3.493491 2.649167 0.071702 0.114000 -0.018898 -9.833575 -26.501844 -5.018667 0.122922 0.045205 -0.019046 -22.008468 -41.360012 -64.457895 0.255332 -0.015649 -0.022947 90.430086 -65.490961 96.050328 0.265709 0.012698 -0.007375 -4.732130 -8.980176 12.436640 0.086690 -0.010636 -0.015594 -3.984395 -3.311492 -10.429322 -0.082954 0.112472 -0.023707 -13.157016 29.251989 2.548755 -0.113228 0.046853 -0.008472 -23.616250 42.154442 63.742973 -0.260128 -0.014369 -0.031269 92.940187 68.317055 -106.157122 -0.269109 0.006794 -0.006027 0.494911 8.716989 -13.161220 -0.088754 -0.008652 -0.010108 -5.416617 6.157556 11.362796 
-0.195672 -0.090931 2.579474 -0.000000 0.000000 -0.000000 -0.197846 0.881792 2.608058 -175.463544 -4.074341 0.348427 0.058581 -0.082280 -0.017664 -18.828982 3.322307 0.653858 0.043451 -0.386469 0.008037 33.095466 -0.173895 -4.937573 -0.014790 -0.426874 -0.037428 -9.540967 10.293995 -1.544251 0.041054 -0.060286 0.122042 -16.214970 11.010444 7.702061 -0.060310 -0.090513 -0.013542 -8.261090 -3.331187 -0.738532 -0.043257 -0.383688 -0.004843 20.495526 -0.195327 3.518811 0.019056 -0.420045 -0.034562 -5.210712 -13.523921 9.719764 -0.034840 -0.062105 0.130323 -8.391878 6.881125 -14.074471 0.004439 0.124404 -0.038385 10.136703 -0.004488 1.267401 0.004488 0.137956 0.026820 -2.068183 -2.256379 0.718931 -0.002265 0.056032 0.002855 3.584992 -0.449013 -0.968751 -0.013390 0.211636 -0.033468 -7.942116 -3.034278 5.715635 0.010113 0.088937 0.050410 5.848889 -3.236815 2.554762 0.071702 0.113999 -0.018899 -9.637208 -27.631167 -4.814639 0.122921 0.045205 -0.019046 -21.320504 -41.504686 -65.041460 0.255332 -0.015649 -0.022947 92.241192 -65.288624 97.153027 0.265709 0.012698 -0.007375 -4.183250 -9.238504 12.480639 0.086691 -0.010636 -0.015594 -4.120676 -3.233127 -10.320150 -0.082954 0.112472 -0.023708 -12.967994 30.263390 2.187585 -0.113228 0.046853 -0.008472 -23.609020 42.720846 64.054593 -0.260127 -0.014369 -0.031269 95.914974 68.002176 -107.864656 -0.269108 0.006794 -0.006027 1.156977 9.009308 -13.275969 -0.088754 -0.008652 -0.010107 -5.505962 6.034937 11.239352 
-0.195672 -0.090931 2.579474 -0.000000 0.000000 -0.000000 -0.197846 0.881792 2.608058 -175.463544 -4.074341 0.348427 0.058581 -0.082280 -0.017664 -19.472670 3.497888 1.292333 0.043451 -0.386469 0.008037 34.699608 -0.274953 -5.630379 -0.014790 -0.426874 -0.037428 -9.886232 10.364365 -1.830933 0.041054 -0.060286 0.122043 -16.130071 10.531400 7.955661 -0.060310 -0.090513 -0.013542 -8.497201 -3.523957 -1.256181 -0.043257 -0.383688 -0.004842 20.166559 0.252167 3.693939 0.019056 -0.420045 -0.034562 -5.703673 -13.576031 9.787415 -0.034840 -0.062106 0.130323 -8.637583 7.060651 -14.425102 0.004439 0.124403 -0.038385 10.605599 -0.101164 0.935204 0.004489 0.137957 0.026820 -2.085945 -2.424960 0.508187 -0.002265 0.056033 0.002855 3.825427 -0.512323 -1.002115 -0.013390 0.211636 -0.033467 -11.071121 -3.344562 5.825669 0.010113 0.088937 0.050410 4.310422 -2.956742 2.546446 0.071703 0.114000 -0.018898 -9.442853 -28.499451 -4.272594 0.122921 0.045205 -0.019047 -20.539268 -41.436545 -64.432583 0.255332 -0.015650 -0.022946 93.533198 -65.266440 98.083163 0.265709 0.012699 -0.007375 -3.747786 -9.475866 12.473105 0.086691 -0.010635 -0.015594 -4.146383 -3.149011 -10.168914 -0.082954 0.112473 -0.023707 -12.842744 30.882929 1.506439 -0.113228 0.046853 -0.008472 -23.296700 42.816571 62.936355 -0.260127 -0.014369 -0.031269 97.393655 67.999970 -108.754869 -0.269109 0.006793 -0.006027 1.650005 9.224398 -13.264706 -0.088754 -0.008652 -0.010107 -5.526669 5.895497 11.068262 
-0.195672 -0.090931 2.579474 -0.000000 0.000000 -0.000000 -0.197846 0.881792 2.608058 -175.463544 -4.074341 0.348427 0.058581 -0.082280 -0.017664 -19.869362 3.517557 1.954458 0.043451 -0.386469 0.008037 36.402552 -0.481568 -6.308560 -0.014790 -0.426874 -0.037428 -10.111201 10.439860 -2.117894 0.041054 -0.060286 0.122043 -15.940912 9.898974 8.107143 -0.060310 -0.090513 -0.013542 -8.895946 -3.621567 -1.762280 -0.043257 -0.383688 -0.004843 19.820063 0.816566 3.795583 0.019055 -0.420046 -0.034562 -5.855890 -13.683026 9.981774 -0.034840 -0.062106 0.130323 -8.772476 7.322988 -14.880984 0.004439 0.124404 -0.038385 10.876886 -0.282824 0.568657 0.004488 0.137957 0.026821 -2.198636 -2.698032 0.397426 -0.002264 0.056032 0.002855 4.078853 -0.744612 -0.900698 -0.013390 0.211635 -0.033468 -13.147264 -3.666259 5.889974 0.010113 0.088937 0.050410 3.099852 -2.689149 2.604766 0.071703 0.114000 -0.018898 -9.246949 -29.185873 -3.265622 0.122922 0.045205 -0.019046 -19.617111 -41.216240 -62.529262 0.255332 -0.015648 -0.022946 94.309777 -65.505790 98.725719 0.265709 0.012698 -0.007375 -3.347392 -9.705334 12.419514 0.086691 -0.010636 -0.015594 -4.093428 -3.049727 -9.961567 -0.082954 0.112472 -0.023707 -12.773936 31.240199 0.424897 -0.113228 0.046853 -0.008473 -22.642702 42.604189 60.460165 -0.260128 -0.014369 -0.031269 97.680345 68.331507 -108.864131 -0.269108 0.006794 -0.006027 2.003541 9.389927 -13.124945 -0.088754 -0.008652 -0.010107 -5.478329 5.736150 10.829732 
-0.195672 -0.090931 2.579474 -0.000000 0.000000 -0.000000 -0.197846 0.881792 2.608058 -175.463544 -4.074341 0.348427 0.058581 -0.082280 -0.017664 -20.060827 3.315305 2.611584 0.043451 -0.386469 0.008037 38.391435 -0.858297 -6.974934 -0.014790 -0.426874 -0.037428 -10.118204 10.555886 -2.473834 0.041054 -0.060286 0.122043 -15.586913 9.025622 8.208773 -0.060310 -0.090513 -0.013542 -9.584833 -3.682988 -2.252545 -0.043257 -0.383688 -0.004843 19.352783 1.450733 3.858840 0.019055 -0.420046 -0.034562 -5.615134 -13.953487 10.328626 -0.034840 -0.062106 0.130323 -8.800787 7.710378 -15.493654 0.004439 0.124403 -0.038385 10.994970 -0.521229 0.099914 0.004489 0.137956 0.026820 -2.453154 -3.050467 0.372979 -0.002265 0.056032 0.002855 4.344387 -1.111836 -0.605399 -0.013390 0.211636 -0.033467 -14.203753 -3.960639 5.891303 0.010113 0.088937 0.050411 2.132825 -2.451344 2.744985 0.071702 0.114000 -0.018898 -9.055506 -29.618559 -1.549782 0.122921 0.045205 -0.019046 -18.353198 -40.631023 -58.478024 0.255332 -0.015650 -0.022946 93.935038 -66.237720 98.614456 0.265709 0.012698 -0.007374 -2.906945 -9.925861 12.323056 0.086690 -0.010636 -0.015594 -3.985342 -2.916625 -9.677520 -0.082954 0.112472 -0.023707 -12.730106 31.318022 -1.275593 -0.113228 0.046853 -0.008472 -21.505407 42.033934 56.115632 -0.260127 -0.014369 -0.031269 96.493709 69.107424 -107.821639 -0.269109 0.006794 -0.006027 2.230192 9.522727 -12.827414 -0.088754 -0.008651 -0.010107 -5.344758 5.539041 10.489303 
-0.195672 -0.090931 2.579474 -0.000000 0.000000 -0.000000 -0.197846 0.881792 2.608058 -175.463544 -4.074341 0.348427 0.058581 -0.082280 -0.017664 -19.869765 2.950520 3.174355 0.043451 -0.386469 0.008037 40.654406 -1.430128 -7.599434 -0.014790 -0.426874 -0.037428 -9.817532 10.754882 -2.926585 0.041054 -0.060286 0.122043 -15.040476 7.916485 8.310145 -0.060310 -0.090513 -0.013542 -10.597905 -3.745968 -2.702699 -0.043257 -0.383688 -0.004843 18.780771 2.076167 3.890016 0.019056 -0.420045 -0.034562 -4.958801 -14.459534 10.866833 -0.034839 -0.062106 0.130323 -8.736137 8.237465 -16.290682 0.004439 0.124403 -0.038385 10.939100 -0.789118 -0.470566 0.004488 0.137956 0.026820 -2.901658 -3.436845 0.423696 -0.002265 0.056032 0.002855 4.447600 -1.523776 -0.057027 -0.013390 0.211636 -0.033467 -14.026748 -4.155445 5.801877 0.010113 0.088937 0.050410 1.517373 -2.254340 2.943084 0.071703 0.114000 -0.018898 -8.918514 -29.579104 0.945152 0.122921 0.045205 -0.019046 -16.702908 -39.216593 -51.594856 0.255332 -0.015649 -0.022946 91.121007 -67.655360 96.843162 0.265709 0.012698 -0.007375 -2.419304 -10.096170 12.192100 0.086691 -0.010636 -0.015595 -3.838235 -2.742801 -9.324268 -0.082953 0.112472 -0.023707 -12.668271 30.968433 -3.629958 -0.113228 0.046853 -0.008472 -19.827541 40.802345 49.606701 -0.260128 -0.014369 -0.031269 93.027368 70.399627 -104.904479 -0.269108 0.006794 -0.006026 2.300963 9.608563 -12.362103 -0.088754 -0.008652 -0.010108 -5.119647 5.301291 10.046533 
-0.195672 -0.090931 2.579474 -0.000000 0.000000 -0.000000 -0.197846 0.881792 2.608058 -175.463544 -4.074341 0.348427 0.058581 -0.082280 -0.017664 -18.853503 2.562990 3.706168 0.043451 -0.386469 0.008037 43.347693 -2.259951 -8.243921 -0.014790 -0.426874 -0.037429 -9.128859 11.033375 -3.523558 0.041054 -0.060286 0.122042 -14.242510 6.550461 8.443317 -0.060310 -0.090513 -0.013542 -12.095287 -3.810919 -3.174249 -0.043257 -0.383688 -0.004843 18.030644 2.715961 3.885445 0.019055 -0.420045 -0.034562 -3.868571 -15.220624 11.671099 -0.034840 -0.062106 0.130323 -8.575413 8.904390 -17.344717 0.004439 0.124403 -0.038385 10.644866 -1.113245 -1.168657 0.004488 0.137956 0.026820 -3.604961 -3.866709 0.514305 -0.002265 0.056032 0.002855 4.170709 -1.941065 0.789356 -0.013390 0.211636 -0.033467 -12.473756 -4.248170 5.587924 0.010113 0.088937 0.050410 1.310391 -2.078277 3.207816 0.071703 0.114000 -0.018898 -8.901190 -28.888309 4.260545 0.122922 0.045205 -0.019046 -15.019034 -36.519720 -41.507640 0.255332 -0.015649 -0.022947 83.531950 -69.845432 91.403217 0.265709 0.012698 -0.007375 -1.852517 -10.171815 11.995390 0.086691 -0.010636 -0.015594 -3.650277 -2.516268 -8.884435 -0.082953 0.112473 -0.023707 -12.541727 30.020464 -6.650270 -0.113228 0.046853 -0.008472 -17.719539 38.503569 40.565204 -0.260128 -0.014369 -0.031269 85.412970 72.234168 -98.322206 -0.269108 0.006794 -0.006027 2.235653 9.622859 -11.683291 -0.088753 -0.008652 -0.010108 -4.799259 5.009359 9.482987 
-0.195672 -0.090931 2.579474 -0.000000 0.000000 -0.000000 -0.197846 0.881792 2.608058 -175.463544 -4.074341 0.348427 0.058581 -0.082280 -0.017664 -16.454155 2.357926 4.412158 0.043451 -0.386469 0.008037 46.542941 -3.419877 -8.966255 -0.014790 -0.426874 -0.037428 -7.931013 11.284613 -4.298599 0.041054 -0.060286 0.122043 -13.154406 4.983693 8.610466 -0.060310 -0.090513 -0.013542 -14.264362 -3.866878 -3.774859 -0.043257 -0.383688 -0.004843 16.982729 3.400121 3.901220 0.019056 -0.420045 -0.034561 -2.378259 -16.160689 12.739786 -0.034839 -0.062105 0.130323 -8.294831 9.612450 -18.625386 0.004439 0.124403 -0.038385 10.048692 -1.526952 -2.002692 0.004488 0.137957 0.026820 -4.486660 -4.362303 0.584804 -0.002265 0.056032 0.002856 3.469928 -2.366754 1.886341 -0.013390 0.211636 -0.033467 -9.505926 -4.271684 5.198958 0.010113 0.088937 0.050410 1.512193 -1.885379 3.565056 0.071702 0.114000 -0.018898 -9.027008 -27.530754 8.153088 0.122921 0.045205 -0.019046 -14.141734 -32.796028 -29.148382 0.255332 -0.015649 -0.022946 67.830322 -72.157315 78.716209 0.265709 0.012698 -0.007375 -1.219222 -10.101871 11.620272 0.086691 -0.010636 -0.015594 -3.427435 -2.241868 -8.345227 -0.082954 0.112472 -0.023707 -12.278870 28.392741 -10.114225 -0.113229 0.046853 -0.008471 -15.728633 35.139165 29.580122 -0.260127 -0.014369 -0.031269 70.639982 74.105135 -84.835860 -0.269108 0.006794 -0.006027 2.097681 9.526261 -10.739647 -0.088754 -0.008652 -0.010108 -4.409051 4.666915 8.804312 
-0.195672 -0.090931 2.579474 -0.000000 0.000000 -0.000000 -0.197846 0.881792 2.608058 -175.463544 -4.074341 0.348427 0.058581 -0.082280 -0.017664 -13.100604 2.496914 5.477378 0.043451 -0.386469 0.008036 49.753980 -4.783374 -9.669155 -0.014790 -0.426874 -0.037428 -6.292892 11.405065 -5.169596 0.041054 -0.060287 0.122042 -11.916085 3.439707 8.804586 -0.060310 -0.090513 -0.013542 -16.744349 -3.915507 -4.498737 -0.043257 -0.383688 -0.004842 15.857882 4.079937 3.992284 0.019056 -0.420045 -0.034562 -0.760180 -17.110595 13.879555 -0.034840 -0.062106 0.130324 -7.932075 10.220637 -19.885363 0.004439 0.124403 -0.038385 9.215739 -1.983131 -2.824587 0.004488 0.137956 0.026820 -5.292408 -4.885770 0.600892 -0.002265 0.056032 0.002856 2.765263 -2.821410 2.978978 -0.013390 0.211635 -0.033468 -5.736348 -4.198773 4.628992 0.010113 0.088938 0.050411 1.968825 -1.661134 3.943604 0.071702 0.114000 -0.018899 -9.235451 -25.862568 11.941730 0.122921 0.045205 -0.019046 -14.492046 -29.282005 -17.188699 0.255332 -0.015649 -0.022947 45.192664 -72.740996 59.101880 0.265709 0.012698 -0.007374 -0.643215 -9.898196 11.026421 0.086691 -0.010636 -0.015594 -3.198529 -1.966363 -7.766387 -0.082954 0.112472 -0.023707 -11.905912 26.317969 -13.394249 -0.113228 0.046853 -0.008472 -14.560191 31.459407 19.047456 -0.260128 -0.014369 -0.031268 49.691638 74.606532 -65.005847 -0.269108 0.006794 -0.006027 1.895401 9.322326 -9.610820 -0.088754 -0.008652 -0.010107 -4.009472 4.319869 8.099815 
-0.195672 -0.090931 2.579474 -0.000000 0.000000 -0.000000 -0.197846 0.881792 2.608058 -175.463544 -4.074341 0.348427 0.058581 -0.082280 -0.017664 -9.624759 2.989989 6.872256 0.043451 -0.386469 0.008036 52.556783 -6.221248 -10.256177 -0.014790 -0.426875 -0.037428 -4.356041 11.425073 -6.078271 0.041054 -0.060287 0.122043 -10.629045 1.962546 9.040056 -0.060310 -0.090513 -0.013542 -19.197649 -3.977297 -5.273905 -0.043257 -0.383688 -0.004842 14.894546 4.734237 4.139890 0.019056 -0.420046 -0.034562 0.793988 -18.047134 14.999353 -0.034840 -0.062106 0.130324 -7.544581 10.780304 -21.023905 0.004439 0.124404 -0.038385 8.306406 -2.414236 -3.544909 0.004488 0.137957 0.026820 -5.941893 -5.397451 0.584870 -0.002265 0.056033 0.002855 2.474280 -3.331566 3.870860 -0.013390 0.211635 -0.033468 -1.791606 -3.917086 3.884089 0.010113 0.088937 0.050410 2.439212 -1.405310 4.296321 0.071702 0.114000 -0.018898 -9.580199 -24.146115 15.481102 0.122921 0.045205 -0.019046 -15.873636 -26.547216 -6.542496 0.255332 -0.015649 -0.022947 22.288663 -70.409599 39.210972 0.265710 0.012698 -0.007375 -0.120607 -9.595529 10.304201 0.086690 -0.010636 -0.015594 -2.982274 -1.713572 -7.191595 -0.082954 0.112472 -0.023707 -11.561162 23.934448 -16.278836 -0.113228 0.046853 -0.008472 -14.251057 27.795438 9.958307 -0.260127 -0.014369 -0.031269 28.213637 72.866726 -44.482307 -0.269108 0.006794 -0.006027 1.571641 9.032890 -8.363518 -0.088753 -0.008651 -0.010107 -3.602983 3.984731 7.406251 
-0.195672 -0.090931 2.579474 -0.000000 0.000000 -0.000000 -0.197846 0.881792 2.608058 -175.463544 -4.074341 0.348427 0.058581 -0.082280 -0.017664 -6.525768 3.802343 8.367044 0.043451 -0.386470 0.008036 54.711253 -7.661537 -10.725240 -0.014790 -0.426873 -0.037428 -2.215476 11.388291 -7.032025 0.041054 -0.060286 0.122042 -9.341938 0.535506 9.337288 -0.060310 -0.090513 -0.013542 -21.521919 -4.095027 -6.049129 -0.043257 -0.383688 -0.004844 14.203391 5.346902 4.327024 0.019056 -0.420046 -0.034561 2.151787 -19.012419 16.076754 -0.034840 -0.062105 0.130323 -7.161188 11.359942 -22.032660 0.004439 0.124404 -0.038385 7.439381 -2.767349 -4.162660 0.004488 0.137956 0.026820 -6.472108 -5.875048 0.560966 -0.002265 0.056032 0.002854 2.691995 -3.876475 4.488917 -0.013390 0.211635 -0.033467 2.019434 -3.346318 2.919343 0.010113 0.088937 0.050410 2.789629 -1.092728 4.604473 0.071703 0.113999 -0.018898 -10.151126 -22.457122 18.894293 0.122922 0.045205 -0.019046 -18.124139 -24.628786 2.976803 0.255332 -0.015649 -0.022946 4.408090 -65.296205 24.748477 0.265709 0.012699 -0.007375 0.411809 -9.207839 9.549593 0.086691 -0.010636 -0.015594 -2.793366 -1.489298 -6.641230 -0.082954 0.112472 -0.023707 -11.346081 21.265219 -18.807920 -0.113228 0.046853 -0.008472 -14.562158 24.062318 2.133888 -0.260128 -0.014369 -0.031269 11.050905 68.957856 -28.254932 -0.269109 0.006794 -0.006027 1.118542 8.673325 -7.035559 -0.088754 -0.008651 -0.010107 -3.183886 3.661505 6.726001 
-0.195672 -0.090931 2.579474 -0.000000 0.000000 -0.000000 -0.197846 0.881792 2.608058 -175.463544 -4.074341 0.348427 0.058581 -0.082280 -0.017664 -4.245350 4.804180 9.694244 0.043451 -0.386470 0.008036 56.055796 -9.029951 -11.142462 -0.014790 -0.426874 -0.037428 0.027022 11.279747 -8.059217 0.041054 -0.060287 0.122042 -8.152467 -0.797700 9.713088 -0.060310 -0.090513 -0.013542 -23.576954 -4.303099 -6.784134 -0.043257 -0.383688 -0.004842 13.958728 5.902847 4.524161 0.019056 -0.420046 -0.034562 3.131462 -20.031739 17.014392 -0.034840 -0.062106 0.130324 -6.784678 11.942751 -22.872092 0.004439 0.124403 -0.038385 6.686635 -3.024408 -4.666889 0.004488 0.137956 0.026821 -6.906013 -6.307726 0.520703 -0.002265 0.056033 0.002855 3.357396 -4.430380 4.772240 -0.013390 0.211636 -0.033467 5.477978 -2.478911 1.711138 0.010113 0.088938 0.050409 2.993011 -0.657057 4.835805 0.071702 0.114000 -0.018898 -10.891268 -20.815290 22.128804 0.122922 0.045205 -0.019046 -20.856345 -23.556383 11.218038 0.255331 -0.015649 -0.022947 -8.083560 -58.257839 16.029506 0.265709 0.012698 -0.007375 0.941027 -8.758235 8.820682 0.086690 -0.010636 -0.015594 -2.649476 -1.297462 -6.132750 -0.082954 0.112472 -0.023707 -11.312270 18.371959 -21.016902 -0.113228 0.046853 -0.008472 -15.265913 20.307938 -4.625915 -0.260128 -0.014369 -0.031269 -0.774192 63.592551 -17.335655 -0.269109 0.006794 -0.006027 0.599951 8.271327 -5.687083 -0.088754 -0.008651 -0.010107 -2.774465 3.352631 6.071119 
-0.195672 -0.090931 2.579474 -0.000000 0.000000 -0.000000 -0.197846 0.881792 2.608058 -175.463544 -4.074341 0.348427 0.058581 -0.082280 -0.017664 -3.246863 5.734446 10.705008 0.043451 -0.386470 0.008037 56.506555 -10.263838 -11.575973 -0.014790 -0.426875 -0.037428 2.306024 11.114127 -9.169257 0.041055 -0.060286 0.122043 -7.161770 -1.977966 10.166613 -0.060310 -0.090513 -0.013542 -25.127291 -4.563660 -7.447733 -0.043256 -0.383688 -0.004843 14.436179 6.462317 4.643408 0.019055 -0.420046 -0.034562 3.591854 -21.120244 17.692444 -0.034840 -0.062106 0.130323 -6.412502 12.511346 -23.503924 0.004439 0.124403 -0.038385 6.111250 -3.228328 -5.030628 0.004488 0.137957 0.026820 -7.256576 -6.719000 0.425930 -0.002265 0.056033 0.002855 4.436115 -5.013885 4.624838 -0.013390 0.211636 -0.033467 8.442197 -1.315608 0.278081 0.010113 0.088938 0.050410 3.023570 0.015003 4.915710 0.071703 0.114000 -0.018897 -11.614295 -19.262112 25.038734 0.122921 0.045205 -0.019046 -23.441947 -23.218410 17.801450 0.255332 -0.015649 -0.022947 -16.658048 -50.325182 11.093320 0.265709 0.012699 -0.007375 1.427040 -8.289816 8.128135 0.086691 -0.010637 -0.015594 -2.570335 -1.133376 -5.672012 -0.082953 0.112473 -0.023706 -11.484001 15.369408 -22.988458 -0.113228 0.046853 -0.008473 -16.182730 16.734022 -10.471801 -0.260128 -0.014369 -0.031269 -8.570165 57.629216 -10.293889 -0.269108 0.006794 -0.006027 0.107136 7.862624 -4.364486 -0.088754 -0.008651 -0.010107 -2.399512 3.055702 5.448824 
-0.195672 -0.090931 2.579474 -0.000000 0.000000 -0.000000 -0.197846 0.881792 2.608058 -175.463544 -4.074341 0.348427 0.058581 -0.082280 -0.017664 -3.915931 6.236782 11.323239 0.043451 -0.386469 0.008037 56.021574 -11.300617 -11.991678 -0.014790 -0.426875 -0.037428 4.553540 11.007874 -10.299312 0.041054 -0.060286 0.122043 -6.423991 -2.940783 10.677874 -0.060310 -0.090513 -0.013542 -25.897299 -4.797945 -7.970773 -0.043257 -0.383688 -0.004843 15.916356 7.102335 4.581725 0.019056 -0.420046 -0.034561 3.492169 -22.261678 18.042167 -0.034840 -0.062105 0.130323 -6.055108 13.093423 -23.900830 0.004439 0.124403 -0.038385 5.771235 -3.429113 -5.221998 0.004488 0.137956 0.026821 -7.519092 -7.120418 0.252839 -0.002265 0.056033 0.002856 5.879373 -5.633127 4.029648 -0.013390 0.211635 -0.033468 10.864531 0.116261 -1.324662 0.010113 0.088937 0.050410 2.883839 0.949029 4.728723 0.071703 0.114000 -0.018898 -12.166622 -17.870765 27.511486 0.122922 0.045205 -0.019046 -25.425451 -23.334322 22.605168 0.255332 -0.015649 -0.022946 -22.522955 -42.517053 8.253124 0.265709 0.012698 -0.007375 1.866547 -7.855308 7.487655 0.086691 -0.010636 -0.015594 -2.571361 -0.984101 -5.262392 -0.082954 0.112472 -0.023708 -11.829756 12.449123 -24.789948 -0.113228 0.046853 -0.008472 -17.123680 13.585228 -15.474629 -0.260128 -0.014369 -0.031269 -13.724854 51.903567 -5.639157 -0.269108 0.006794 -0.006027 -0.298308 7.492372 -3.119037 -0.088754 -0.008652 -0.010107 -2.062500 2.766160 4.863765 
-0.195672 -0.090931 2.579474 -0.000000 0.000000 -0.000000 -0.197846 0.881792 2.608058 -175.463544 -4.074341 0.348427 0.058581 -0.082280 -0.017664 -6.388080 6.048386 11.391684 0.043451 -0.386469 0.008036 54.655034 -12.100457 -12.291614 -0.014790 -0.426874 -0.037428 6.642737 11.076921 -11.344884 0.041054 -0.060286 0.122043 -5.951015 -3.637376 11.217084 -0.060310 -0.090513 -0.013542 -25.728510 -4.925441 -8.280786 -0.043257 -0.383688 -0.004843 18.562649 7.846233 4.272747 0.019056 -0.420046 -0.034561 2.901229 -23.390599 18.067928 -0.034840 -0.062105 0.130324 -5.737099 13.720451 -24.063810 0.004439 0.124403 -0.038385 5.695686 -3.628336 -5.199414 0.004488 0.137957 0.026821 -7.668389 -7.471144 0.040671 -0.002264 0.056032 0.002856 7.569730 -6.223755 3.115125 -0.013390 0.211636 -0.033468 12.782535 1.722526 -3.000184 0.010113 0.088937 0.050410 2.669440 1.991333 4.245187 0.071702 0.114000 -0.018899 -12.516066 -16.632248 29.516481 0.122921 0.045205 -0.019046 -26.720264 -23.579958 25.834521 0.255332 -0.015649 -0.022947 -26.512904 -35.480869 6.462026 0.265709 0.012698 -0.007375 2.278108 -7.482643 6.944270 0.086691 -0.010637 -0.015595 -2.658443 -0.845039 -4.917208 -0.082953 0.112472 -0.023707 -12.261667 9.743894 -26.362594 -0.113228 0.046853 -0.008472 -17.874776 10.921887 -19.577364 -0.260127 -0.014369 -0.031268 -17.179452 47.021010 -2.399896 -0.269108 0.006793 -0.006027 -0.603221 7.196410 -2.022743 -0.088753 -0.008651 -0.010107 -1.761512 2.489629 4.330651 
-0.195672 -0.090931 2.579474 -0.000000 0.000000 -0.000000 -0.197846 0.881792 2.608058 -175.463544 -4.074341 0.348427 0.058581 -0.082280 -0.017664 -10.449590 5.150454 10.739995 0.043451 -0.386469 0.008037 52.587430 -12.662744 -12.400588 -0.014790 -0.426875 -0.037428 8.403273 11.329925 -12.229532 0.041054 -0.060286 0.122043 -5.728291 -4.050777 11.769250 -0.060310 -0.090513 -0.013542 -24.665415 -4.893078 -8.404911 -0.043257 -0.383688 -0.004843 22.295940 8.648182 3.712765 0.019055 -0.420046 -0.034562 1.945703 -24.406182 17.827747 -0.034840 -0.062106 0.130323 -5.499892 14.367877 -24.017848 0.004439 0.124403 -0.038385 5.881921 -3.767644 -4.949857 0.004488 0.137956 0.026821 -7.682623 -7.691891 -0.142884 -0.002265 0.056032 0.002855 9.337393 -6.635971 2.048834 -0.013390 0.211636 -0.033468 14.241522 3.366075 -4.592959 0.010113 0.088937 0.050410 2.502688 2.944927 3.555915 0.071703 0.114000 -0.018898 -12.698071 -15.484689 31.046437 0.122921 0.045205 -0.019046 -27.405096 -23.715979 27.752298 0.255332 -0.015649 -0.022947 -29.135446 -29.664417 5.163877 0.265709 0.012698 -0.007375 2.659284 -7.182532 6.554972 0.086691 -0.010636 -0.015594 -2.816693 -0.719596 -4.653322 -0.082954 0.112473 -0.023707 -12.676181 7.327427 -27.586849 -0.113228 0.046853 -0.008472 -18.292015 8.700769 -22.634161 -0.260128 -0.014369 -0.031269 -19.457711 43.298789 -0.104588 -0.269109 0.006794 -0.006026 -0.821648 6.987230 -1.146466 -0.088754 -0.008651 -0.010107 -1.506877 2.241698 3.872049 
-0.195672 -0.090931 2.579474 -0.000000 0.000000 -0.000000 -0.197846 0.881792 2.608058 -175.463544 -4.074341 0.348427 0.058581 -0.082280 -0.017664 -15.634870 3.756958 9.346608 0.043451 -0.386470 0.008037 50.025275 -13.022752 -12.299634 -0.014790 -0.426875 -0.037428 9.741709 11.698401 -12.943127 0.041054 -0.060286 0.122042 -5.700608 -4.221459 12.348845 -0.060310 -0.090513 -0.013542 -22.890899 -4.711918 -8.480635 -0.043257 -0.383688 -0.004843 26.848731 9.436138 2.969420 0.019056 -0.420046 -0.034562 0.756093 -25.250414 17.418120 -0.034840 -0.062106 0.130323 -5.360543 14.994787 -23.807432 0.004439 0.124403 -0.038385 6.281558 -3.780118 -4.510977 0.004488 0.137957 0.026820 -7.570180 -7.723995 -0.267687 -0.002265 0.056032 0.002855 11.054496 -6.736274 0.939402 -0.013390 0.211635 -0.033468 15.301821 4.941998 -5.960686 0.010113 0.088938 0.050410 2.437559 3.710501 2.798588 0.071703 0.114000 -0.018898 -12.777519 -14.367344 32.167876 0.122921 0.045205 -0.019046 -27.596440 -23.627755 28.709963 0.255332 -0.015648 -0.022947 -30.801708 -25.232788 4.025931 0.265709 0.012698 -0.007375 2.989450 -6.961465 6.335657 0.086691 -0.010637 -0.015594 -3.008141 -0.600964 -4.461208 -0.082954 0.112472 -0.023708 -13.009618 5.210742 -28.465087 -0.113228 0.046854 -0.008472 -18.389314 6.842979 -24.741211 -0.260127 -0.014369 -0.031269 -20.938290 40.696446 1.512862 -0.269108 0.006794 -0.006027 -0.978491 6.859988 -0.494366 -0.088754 -0.008652 -0.010107 -1.297876 2.024051 3.482366 
-0.195672 -0.090931 2.579474 -0.000000 0.000000 -0.000000 -0.197846 0.881792 2.608058 -175.463544 -4.074341 0.348427 0.058581 -0.082280 -0.017664 -20.823597 2.304337 7.497512 0.043451 -0.386469 0.008036 47.356177 -13.231073 -12.018232 -0.014790 -0.426875 -0.037428 10.601019 12.085248 -13.459982 0.041054 -0.060286 0.122043 -5.799477 -4.227718 12.929517 -0.060310 -0.090513 -0.013542 -20.771058 -4.454084 -8.651529 -0.043257 -0.383688 -0.004843 31.571607 10.103260 2.198486 0.019056 -0.420045 -0.034561 -0.468755 -25.886670 16.965927 -0.034840 -0.062105 0.130323 -5.308014 15.542145 -23.510102 0.004439 0.124403 -0.038385 6.777426 -3.648541 -3.976535 0.004488 0.137956 0.026821 -7.378595 -7.564852 -0.328792 -0.002265 0.056032 0.002855 12.541352 -6.502897 -0.073763 -0.013390 0.211636 -0.033468 15.923270 6.294714 -6.938552 0.010113 0.088938 0.050410 2.443578 4.232483 2.144550 0.071702 0.114000 -0.018898 -12.804775 -13.278917 32.918865 0.122921 0.045205 -0.019046 -27.395073 -23.274213 29.006495 0.255332 -0.015649 -0.022947 -31.764491 -22.274145 2.918121 0.265709 0.012698 -0.007375 3.223058 -6.825846 6.247844 0.086691 -0.010636 -0.015594 -3.184949 -0.487464 -4.329038 -0.082954 0.112472 -0.023707 -13.222723 3.457473 -29.026484 -0.113228 0.046853 -0.008472 -18.260789 5.358078 -26.070656 -0.260128 -0.014369 -0.031269 -21.838340 39.115708 2.562211 -0.269108 0.006794 -0.006027 -1.090774 6.804949 -0.044038 -0.088754 -0.008652 -0.010107 -1.131883 1.840512 3.166979 
-0.195672 -0.090931 2.579474 -0.000000 0.000000 -0.000000 -0.197846 0.881792 2.608058 -175.463544 -4.074341 0.348427 0.058581 -0.082280 -0.017664 -24.953869 1.103270 5.592125 0.043451 -0.386469 0.008038 44.871314 -13.381506 -11.622865 -0.014790 -0.426875 -0.037428 11.042399 12.425154 -13.783724 0.041054 -0.060286 0.122042 -5.969174 -4.169551 13.490382 -0.060310 -0.090513 -0.013542 -18.593129 -4.177285 -8.971301 -0.043257 -0.383688 -0.004843 36.009949 10.622609 1.490503 0.019056 -0.420045 -0.034562 -1.588380 -26.338705 16.550300 -0.034840 -0.062105 0.130323 -5.324001 15.999249 -23.194102 0.004439 0.124403 -0.038385 7.262270 -3.412598 -3.434177 0.004488 0.137957 0.026821 -7.154507 -7.266773 -0.329713 -0.002265 0.056032 0.002855 13.728187 -6.014735 -0.883493 -0.013390 0.211636 -0.033467 16.033213 7.369621 -7.481012 0.010113 0.088938 0.050409 2.454016 4.534013 1.674794 0.071703 0.114000 -0.018897 -12.796230 -12.193763 33.362165 0.122922 0.045205 -0.019046 -26.889570 -22.657831 28.876035 0.255332 -0.015649 -0.022947 -32.262146 -20.561934 1.765120 0.265709 0.012698 -0.007375 3.347855 -6.757100 6.216792 0.086691 -0.010636 -0.015594 -3.328187 -0.379671 -4.242998 -0.082954 0.112472 -0.023707 -13.308364 2.009479 -29.311224 -0.113228 0.046853 -0.008472 -17.974869 4.218062 -26.814372 -0.260127 -0.014369 -0.031269 -22.352064 38.345143 3.212326 -0.269109 0.006794 -0.006027 -1.171885 6.799546 0.265396 -0.088753 -0.008651 -0.010107 -0.995731 1.687837 2.924580 
-0.195672 -0.090931 2.579474 -0.000000 0.000000 -0.000000 -0.197846 0.881792 2.608058 -175.463544 -4.074341 0.348427 0.058581 -0.082280 -0.017664 -27.678073 0.147874 3.833789 0.043452 -0.386470 0.008037 42.490002 -13.539862 -11.151366 -0.014790 -0.426875 -0.037428 11.165397 12.688705 -13.953311 0.041054 -0.060287 0.122043 -6.197119 -4.101035 14.072934 -0.060310 -0.090513 -0.013542 -16.288137 -3.863405 -9.446783 -0.043257 -0.383688 -0.004843 40.328661 11.063696 0.789364 0.019056 -0.420046 -0.034562 -2.539438 -26.613052 16.206027 -0.034840 -0.062106 0.130323 -5.411616 16.414205 -22.885572 0.004439 0.124403 -0.038385 7.694696 -3.114848 -2.911307 0.004488 0.137956 0.026820 -6.910515 -6.876363 -0.277948 -0.002265 0.056032 0.002855 14.673256 -5.348267 -1.460585 -0.013390 0.211636 -0.033467 15.538568 8.197862 -7.582868 0.010113 0.088938 0.050410 2.439594 4.646071 1.383413 0.071702 0.114000 -0.018898 -12.752679 -11.015172 33.523040 0.122922 0.045205 -0.019046 -26.093442 -21.716928 28.417537 0.255332 -0.015649 -0.022947 -32.452302 -19.820193 0.462930 0.265709 0.012699 -0.007375 3.380550 -6.729826 6.183243 0.086691 -0.010635 -0.015594 -3.456691 -0.276009 -4.197313 -0.082954 0.112473 -0.023708 -13.271323 0.712499 -29.302861 -0.113228 0.046853 -0.008472 -17.509779 3.306478 -27.033329 -0.260128 -0.014369 -0.031269 -22.588412 38.227056 3.620353 -0.269108 0.006794 -0.006027 -1.225956 6.827193 0.495601 -0.088753 -0.008652 -0.010107 -0.877822 1.562934 2.746860 
-0.195672 -0.090931 2.579474 -0.000000 0.000000 -0.000000 -0.197846 0.881792 2.608058 -175.463544 -4.074341 0.348427 0.058581 -0.082280 -0.017664 -28.861207 -0.587178 2.548972 0.043451 -0.386469 0.008037 40.271229 -13.678864 -10.681923 -0.014790 -0.426874 -0.037428 11.029914 12.818890 -14.001119 0.041054 -0.060286 0.122042 -6.480664 -4.030721 14.648703 -0.060310 -0.090513 -0.013542 -13.937692 -3.502323 -9.974145 -0.043256 -0.383688 -0.004843 44.317385 11.425634 0.063535 0.019056 -0.420047 -0.034562 -3.143796 -26.631177 16.010310 -0.034840 -0.062106 0.130323 -5.566489 16.784109 -22.634579 0.004439 0.124403 -0.038385 8.006169 -2.829645 -2.492145 0.004488 0.137957 0.026820 -6.679572 -6.481209 -0.184692 -0.002265 0.056032 0.002856 15.336169 -4.676488 -1.731539 -0.013390 0.211635 -0.033468 14.450667 8.689198 -7.215331 0.010113 0.088938 0.050410 2.412239 4.555663 1.289888 0.071703 0.114000 -0.018899 -12.686994 -9.782128 33.332505 0.122921 0.045205 -0.019047 -25.121887 -20.445372 27.644349 0.255331 -0.015649 -0.022946 -32.372733 -19.966402 -0.839867 0.265710 0.012698 -0.007375 3.329229 -6.725517 6.125977 0.086690 -0.010636 -0.015594 -3.593864 -0.196158 -4.210743 -0.082954 0.112472 -0.023708 -13.126874 -0.405302 -28.903988 -0.113228 0.046853 -0.008472 -16.846006 2.571076 -26.580504 -0.260128 -0.014369 -0.031270 -22.516156 38.752786 3.797977 -0.269108 0.006794 -0.006027 -1.246173 6.879319 0.643233 -0.088754 -0.008652 -0.010107 -0.800875 1.492430 2.665262 
-0.195672 -0.090931 2.579474 -0.000000 0.000000 -0.000000 -0.197846 0.881792 2.608058 -175.463544 -4.074341 0.348427 0.058581 -0.082280 -0.017664 -29.066526 -1.212631 1.786039 0.043451 -0.386469 0.008037 38.073595 -13.742522 -10.233721 -0.014790 -0.426874 -0.037428 10.699627 12.800650 -13.979377 0.041054 -0.060286 0.122042 -6.864611 -3.920583 15.219410 -0.060310 -0.090513 -0.013542 -11.545533 -3.055861 -10.440371 -0.043257 -0.383688 -0.004844 48.001244 11.685414 -0.743350 0.019056 -0.420046 -0.034562 -3.438411 -26.343326 15.949945 -0.034840 -0.062106 0.130323 -5.785146 17.100731 -22.434931 0.004439 0.124403 -0.038385 8.220036 -2.576035 -2.186776 0.004488 0.137956 0.026821 -6.455171 -6.100072 -0.045495 -0.002265 0.056032 0.002855 15.789061 -4.067475 -1.712431 -0.013390 0.211636 -0.033468 12.807562 8.868388 -6.433707 0.010113 0.088937 0.050410 2.394867 4.287744 1.357187 0.071702 0.114000 -0.018898 -12.582689 -8.427511 32.682592 0.122922 0.045205 -0.019046 -24.019969 -18.734558 26.342016 0.255332 -0.015649 -0.022946 -32.006553 -20.865212 -2.002414 0.265709 0.012699 -0.007375 3.191083 -6.718850 6.073465 0.086691 -0.010636 -0.015594 -3.780585 -0.159610 -4.310876 -0.082954 0.112472 -0.023707 -12.872063 -1.435206 -27.982868 -0.113228 0.046854 -0.008472 -15.874676 1.835751 -25.213527 -0.260127 -0.014369 -0.031269 -22.070706 39.924942 3.720502 -0.269109 0.006794 -0.006027 -1.235592 6.954223 0.674011 -0.088753 -0.008651 -0.010107 -0.792878 1.496931 2.710283 
-0.195672 -0.090931 2.579474 -0.000000 0.000000 -0.000000 -0.197846 0.881792 2.608058 -175.463544 -4.074341 0.348427 0.058581 -0.082280 -0.017664 -28.800490 -1.791719 1.501956 0.043451 -0.386469 0.008037 35.864002 -13.688211 -9.792720 -0.014790 -0.426875 -0.037428 10.218774 12.635648 -13.913571 0.041054 -0.060286 0.122042 -7.414458 -3.712137 15.780973 -0.060310 -0.090513 -0.013542 -9.294202 -2.515248 -10.714232 -0.043257 -0.383688 -0.004843 51.299451 11.796102 -1.561165 0.019055 -0.420046 -0.034562 -3.589973 -25.712295 15.941030 -0.034840 -0.062106 0.130323 -6.065079 17.305522 -22.243715 0.004439 0.124404 -0.038385 8.398279 -2.331897 -1.962381 0.004489 0.137956 0.026820 -6.214268 -5.701391 0.149972 -0.002265 0.056033 0.002855 16.090636 -3.486675 -1.435212 -0.013390 0.211635 -0.033468 10.642196 8.785076 -5.317038 0.010113 0.088938 0.050410 2.434440 3.878517 1.520676 0.071703 0.114000 -0.018898 -12.381308 -6.860900 31.372251 0.122921 0.045205 -0.019046 -22.756225 -16.455862 24.111411 0.255332 -0.015649 -0.022947 -31.245834 -22.439451 -2.857503 0.265710 0.012698 -0.007375 2.940843 -6.673550 6.078489 0.086691 -0.010636 -0.015594 -4.063776 -0.193324 -4.538789 -0.082953 0.112472 -0.023707 -12.433004 -2.467867 -26.370800 -0.113228 0.046853 -0.008472 -14.437591 0.944307 -22.561047 -0.260127 -0.014369 -0.031269 -21.165754 41.726708 3.287737 -0.269109 0.006794 -0.006027 -1.213770 7.038966 0.514316 -0.088754 -0.008652 -0.010107 -0.890564 1.599361 2.930643 
-0.195672 -0.090931 2.579474 -0.000000 0.000000 -0.000000 -0.197846 0.881792 2.608058 -175.463544 -4.074341 0.348427 0.058581 -0.082280 -0.017664 -28.343663 -2.308276 1.663304 0.043451 -0.386470 0.008038 33.886542 -13.513680 -9.363161 -0.014790 -0.426875 -0.037428 9.663326 12.379611 -13.809573 0.041054 -0.060286 0.122042 -8.115253 -3.380907 16.286031 -0.060310 -0.090513 -0.013542 -7.647724 -1.956211 -10.643750 -0.043257 -0.383688 -0.004843 53.870470 11.770345 -2.148432 0.019056 -0.420046 -0.034562 -3.751458 -24.784706 15.881406 -0.034840 -0.062106 0.130323 -6.362703 17.317434 -22.015988 0.004439 0.124404 -0.038385 8.602653 -2.076553 -1.808877 0.004488 0.137956 0.026820 -5.955619 -5.277998 0.390932 -0.002265 0.056032 0.002856 16.253396 -2.916071 -0.957596 -0.013390 0.211636 -0.033467 8.199247 8.515053 -4.039450 0.010113 0.088937 0.050410 2.579961 3.384328 1.704913 0.071702 0.114000 -0.018898 -12.029287 -5.161514 29.348363 0.122921 0.045205 -0.019047 -21.336896 -13.785676 20.837942 0.255332 -0.015649 -0.022947 -30.068019 -24.485789 -3.251831 0.265710 0.012698 -0.007375 2.597719 -6.557736 6.181758 0.086691 -0.010636 -0.015594 -4.461661 -0.311605 -4.904060 -0.082954 0.112472 -0.023707 -11.753293 -3.453087 -24.084569 -0.113228 0.046853 -0.008472 -12.546968 -0.039063 -18.537524 -0.260127 -0.014369 -0.031268 -19.861685 43.885376 2.457714 -0.269109 0.006794 -0.006027 -1.218166 7.095359 0.124849 -0.088754 -0.008651 -0.010108 -1.108706 1.800959 3.341555 
-0.195672 -0.090931 2.579474 -0.000000 0.000000 -0.000000 -0.197846 0.881792 2.608058 -175.463544 -4.074341 0.348427 0.058581 -0.082280 -0.017664 -27.751050 -2.803975 2.182853 0.043452 -0.386470 0.008037 32.109423 -13.229416 -8.877718 -0.014790 -0.426874 -0.037428 9.063279 12.057966 -13.646611 0.041054 -0.060286 0.122042 -8.972141 -2.914605 16.742337 -0.060310 -0.090513 -0.013542 -6.703470 -1.358530 -10.094245 -0.043257 -0.383688 -0.004843 55.742472 11.697974 -2.399467 0.019056 -0.420046 -0.034562 -4.004823 -23.529530 15.687795 -0.034840 -0.062105 0.130323 -6.655507 17.112726 -21.696024 0.004439 0.124403 -0.038385 8.924356 -1.774523 -1.710071 0.004488 0.137957 0.026821 -5.662957 -4.792613 0.669341 -0.002265 0.056032 0.002855 16.283333 -2.342855 -0.300786 -0.013390 0.211636 -0.033467 5.419556 8.069128 -2.584530 0.010113 0.088937 0.050410 2.857553 2.774564 1.914879 0.071703 0.114000 -0.018898 -11.454091 -3.184248 26.423224 0.122921 0.045205 -0.019046 -19.555489 -10.694161 16.288478 0.255332 -0.015649 -0.022947 -28.383097 -27.014660 -3.179604 0.265709 0.012698 -0.007375 2.164418 -6.337911 6.385053 0.086691 -0.010636 -0.015594 -5.024994 -0.520078 -5.436180 -0.082954 0.112472 -0.023707 -10.749154 -4.422394 -20.965938 -0.113228 0.046853 -0.008472 -10.109209 -0.994347 -12.837113 -0.260127 -0.014369 -0.031269 -18.141771 46.316824 1.155183 -0.269108 0.006794 -0.006027 -1.266964 7.088984 -0.512095 -0.088754 -0.008652 -0.010107 -1.464877 2.105786 3.974359 
-0.195672 -0.090931 2.579474 -0.000000 0.000000 -0.000000 -0.197846 0.881792 2.608058 -175.463544 -4.074341 0.348427 0.058581 -0.082280 -0.017664 -27.105206 -3.283939 3.024597 0.043451 -0.386470 0.008036 30.628983 -12.852921 -8.285523 -0.014790 -0.426875 -0.037427 8.551733 11.697109 -13.455985 0.041054 -0.060286 0.122042 -9.881834 -2.342980 17.145406 -0.060310 -0.090513 -0.013542 -6.611527 -0.746761 -9.036657 -0.043257 -0.383688 -0.004843 56.578470 11.675469 -2.218326 0.019056 -0.420045 -0.034562 -4.369465 -21.984982 15.355228 -0.034840 -0.062106 0.130323 -6.901594 16.682708 -21.280300 0.004439 0.124403 -0.038385 9.423342 -1.425529 -1.675161 0.004488 0.137957 0.026821 -5.358388 -4.261994 0.946518 -0.002265 0.056032 0.002854 16.110365 -1.842667 0.471973 -0.013390 0.211636 -0.033467 2.451551 7.430764 -1.018807 0.010113 0.088937 0.050409 3.213292 2.038902 2.173363 0.071702 0.114000 -0.018898 -10.606506 -1.011064 22.688101 0.122921 0.045205 -0.019046 -17.396471 -7.524298 10.748444 0.255332 -0.015649 -0.022946 -26.278615 -29.776701 -2.594403 0.265709 0.012698 -0.007375 1.704965 -6.002614 6.665919 0.086690 -0.010636 -0.015594 -5.748386 -0.796468 -6.109375 -0.082953 0.112473 -0.023706 -9.466498 -5.238986 -17.156873 -0.113228 0.046853 -0.008471 -7.326298 -1.594525 -5.795400 -0.260128 -0.014369 -0.031269 -16.124171 48.673659 -0.570214 -0.269108 0.006794 -0.006027 -1.363811 6.985804 -1.330599 -0.088754 -0.008651 -0.010107 -1.951403 2.485247 4.798712 
-0.195672 -0.090931 2.579474 -0.000000 0.000000 -0.000000 -0.197846 0.881792 2.608058 -175.463544 -4.074341 0.348427 0.058581 -0.082280 -0.017664 -26.525825 -3.716826 4.087506 0.043451 -0.386470 0.008037 29.486046 -12.394198 -7.613593 -0.014790 -0.426875 -0.037428 8.190690 11.335702 -13.287711 0.041054 -0.060286 0.122043 -10.678564 -1.738470 17.500251 -0.060310 -0.090513 -0.013542 -7.252476 -0.207788 -7.669677 -0.043257 -0.383688 -0.004843 56.333819 11.787275 -1.630871 0.019056 -0.420046 -0.034561 -4.806412 -20.266327 14.968274 -0.034840 -0.062106 0.130323 -7.072967 16.085579 -20.811776 0.004439 0.124403 -0.038385 10.053237 -1.037068 -1.707230 0.004488 0.137957 0.026821 -5.084342 -3.725578 1.208230 -0.002265 0.056032 0.002855 15.674856 -1.439022 1.287124 -0.013390 0.211636 -0.033467 -0.366149 6.672234 0.495244 0.010113 0.088938 0.050410 3.570663 1.219620 2.474263 0.071703 0.114000 -0.018897 -9.573253 1.060378 18.639694 0.122922 0.045205 -0.019046 -15.162692 -4.817902 5.132963 0.255332 -0.015649 -0.022946 -24.087919 -32.184910 -1.577905 0.265709 0.012698 -0.007375 1.328259 -5.576117 6.981262 0.086691 -0.010636 -0.015594 -6.554310 -1.092872 -6.837076 -0.082953 0.112472 -0.023706 -8.080234 -5.750494 -13.087660 -0.113229 0.046854 -0.008472 -4.653267 -1.610321 1.547532 -0.260127 -0.014369 -0.031270 -14.134576 50.447627 -2.427996 -0.269109 0.006794 -0.006027 -1.520233 6.773671 -2.171981 -0.088754 -0.008652 -0.010107 -2.515343 2.878200 5.703536 
-0.195672 -0.090931 2.579474 -0.000000 0.000000 -0.000000 -0.197846 0.881792 2.608058 -175.463544 -4.074341 0.348427 0.058581 -0.082280 -0.017664 -26.098347 -4.061392 5.272286 0.043452 -0.386470 0.008037 28.575884 -11.853198 -6.942143 -0.014790 -0.426874 -0.037428 7.942478 10.994345 -13.151399 0.041054 -0.060286 0.122043 -11.284063 -1.115118 17.817947 -0.060310 -0.090513 -0.013542 -8.306287 0.192480 -6.118644 -0.043257 -0.383688 -0.004843 55.346273 12.016260 -0.749753 0.019056 -0.420046 -0.034562 -5.273370 -18.441381 14.577080 -0.034840 -0.062106 0.130323 -7.183991 15.373045 -20.295279 0.004439 0.124403 -0.038385 10.724667 -0.631380 -1.803682 0.004488 0.137956 0.026821 -4.867063 -3.232614 1.516636 -0.002265 0.056032 0.002855 14.955247 -1.102548 2.189370 -0.013390 0.211636 -0.033467 -2.897293 5.861055 1.971335 0.010113 0.088937 0.050410 3.914758 0.319622 2.843235 0.071702 0.114000 -0.018898 -8.420259 2.884059 14.570983 0.122922 0.045205 -0.019045 -13.042809 -2.746832 -0.121732 0.255332 -0.015649 -0.022947 -21.991300 -33.970093 -0.308783 0.265709 0.012698 -0.007375 1.083426 -5.081872 7.318766 0.086690 -0.010636 -0.015594 -7.395799 -1.384061 -7.572012 -0.082954 0.112472 -0.023707 -6.728718 -5.979567 -8.966181 -0.113228 0.046853 -0.008472 -2.311411 -1.073694 8.636364 -0.260128 -0.014369 -0.031269 -12.350924 51.493332 -4.239945 -0.269108 0.006794 -0.006027 -1.754730 6.463090 -2.954243 -0.088754 -0.008652 -0.010107 -3.121005 3.260577 6.623062 
-0.195672 -0.090931 2.579474 -0.000000 0.000000 -0.000000 -0.197846 0.881792 2.608058 -175.463544 -4.074341 0.348427 0.058581 -0.082280 -0.017664 -25.883325 -4.283156 6.499288 0.043451 -0.386470 0.008036 27.855258 -11.231664 -6.332837 -0.014790 -0.426874 -0.037428 7.787575 10.746813 -13.054684 0.041054 -0.060286 0.122043 -11.671243 -0.493058 18.087070 -0.060310 -0.090513 -0.013542 -9.559114 0.417381 -4.492326 -0.043257 -0.383688 -0.004843 53.799358 12.259377 0.310384 0.019056 -0.420045 -0.034562 -5.770630 -16.658471 14.212727 -0.034840 -0.062106 0.130323 -7.246998 14.597940 -19.745302 0.004439 0.124403 -0.038385 11.342358 -0.231851 -1.939084 0.004488 0.137956 0.026820 -4.736545 -2.806706 1.895757 -0.002265 0.056033 0.002856 14.001852 -0.819408 3.187028 -0.013390 0.211636 -0.033468 -4.985397 5.075947 3.413776 0.010113 0.088938 0.050410 4.244578 -0.615504 3.308942 0.071703 0.114000 -0.018899 -7.251215 4.411067 10.741548 0.122922 0.045205 -0.019046 -11.226119 -1.350566 -4.667590 0.255332 -0.015649 -0.022947 -20.166545 -35.149728 1.029327 0.265709 0.012698 -0.007375 0.965419 -4.569434 7.673048 0.086691 -0.010636 -0.015594 -8.204913 -1.647618 -8.261459 -0.082954 0.112473 -0.023708 -5.546707 -6.028812 -5.021541 -0.113228 0.046853 -0.008472 -0.495968 -0.157258 14.923939 -0.260128 -0.014369 -0.031269 -10.924166 51.844886 -5.872507 -0.269108 0.006794 -0.006027 -2.061894 6.094274 -3.634400 -0.088754 -0.008652 -0.010107 -3.719416 3.608213 7.487766 
-0.195672 -0.090931 2.579474 -0.000000 0.000000 -0.000000 -0.197846 0.881792 2.608058 -175.463544 -4.074341 0.348427 0.058581 -0.082280 -0.017664 -25.934184 -4.327846 7.836444 0.043451 -0.386469 0.008037 27.346901 -10.481333 -5.788568 -0.014791 -0.426874 -0.037428 7.677675 10.721373 -12.993270 0.041054 -0.060286 0.122043 -11.872213 0.130626 18.298873 -0.060310 -0.090513 -0.013542 -10.854797 0.429727 -2.840836 -0.043257 -0.383688 -0.004843 51.829849 12.409562 1.543688 0.019055 -0.420045 -0.034561 -6.302913 -15.016891 13.883648 -0.034840 -0.062106 0.130324 -7.274541 13.773905 -19.158665 0.004439 0.124403 -0.038385 11.908885 0.126597 -2.116011 0.004488 0.137956 0.026820 -4.675541 -2.460142 2.344598 -0.002265 0.056032 0.002856 12.866255 -0.607723 4.307093 -0.013390 0.211636 -0.033467 -6.701935 4.303841 4.899086 0.010113 0.088937 0.050410 4.555012 -1.573685 3.919618 0.071703 0.114000 -0.018897 -6.089580 5.659984 7.138392 0.122921 0.045205 -0.019045 -9.685186 -0.495200 -8.553197 0.255332 -0.015649 -0.022946 -18.658026 -35.814090 2.303796 0.265710 0.012698 -0.007375 0.946323 -4.065654 8.022512 0.086690 -0.010636 -0.015594 -8.958247 -1.879429 -8.888227 -0.082954 0.112472 -0.023707 -4.549709 -6.017899 -1.252224 -0.113228 0.046854 -0.008473 0.793296 0.940646 20.349478 -0.260127 -0.014369 -0.031269 -9.884478 51.571821 -7.276605 -0.269109 0.006794 -0.006027 -2.412071 5.699883 -4.207121 -0.088754 -0.008651 -0.010108 -4.289043 3.917454 8.277594 
-0.195672 -0.090931 2.579474 -0.000000 0.000000 -0.000000 -0.197846 0.881792 2.608058 -175.463544 -4.074341 0.348427 0.058581 -0.082280 -0.017664 -26.267021 -4.153004 9.326232 0.043452 -0.386469 0.008037 27.105934 -9.602700 -5.291685 -0.014790 -0.426874 -0.037428 7.577496 11.024325 -12.973747 0.041054 -0.060286 0.122042 -11.934576 0.739138 18.449080 -0.060310 -0.090513 -0.013542 -12.067062 0.203449 -1.307279 -0.043257 -0.383688 -0.004843 49.631378 12.407849 2.960177 0.019055 -0.420046 -0.034562 -6.837033 -13.625671 13.616094 -0.034840 -0.062106 0.130323 -7.282230 12.933259 -18.575615 0.004439 0.124403 -0.038385 12.454870 0.396468 -2.329572 0.004488 0.137956 0.026821 -4.639622 -2.207003 2.813127 -0.002265 0.056032 0.002856 11.642115 -0.509969 5.484002 -0.013390 0.211635 -0.033468 -8.091151 3.557352 6.364078 0.010113 0.088937 0.050410 4.814945 -2.486984 4.612021 0.071703 0.113999 -0.018898 -4.979057 6.633951 3.823102 0.122921 0.045206 -0.019046 -8.349039 -0.008385 -11.800366 0.255332 -0.015649 -0.022947 -17.504793 -35.992338 3.335556 0.265709 0.012698 -0.007375 0.997425 -3.595001 8.305160 0.086691 -0.010636 -0.015594 -9.622129 -2.072265 -9.419814 -0.082954 0.112472 -0.023707 -3.755874 -6.015512 2.210385 -0.113228 0.046853 -0.008471 1.559331 2.026640 24.832768 -0.260127 -0.014369 -0.031269 -9.249737 50.814951 -8.406894 -0.269108 0.006794 -0.006026 -2.758650 5.311240 -4.647111 -0.088754 -0.008652 -0.010107 -4.799877 4.175467 8.961720 
-0.195672 -0.090931 2.579474 -0.000000 0.000000 -0.000000 -0.197846 0.881792 2.608058 -175.463544 -4.074341 0.348427 0.058581 -0.082280 -0.017664 -26.798085 -3.806691 10.936662 0.043451 -0.386469 0.008036 27.116604 -8.667820 -4.833707 -0.014790 -0.426874 -0.037429 7.454133 11.593375 -12.994469 0.041054 -0.060286 0.122042 -11.924458 1.330983 18.548396 -0.060310 -0.090513 -0.013542 -13.194368 -0.213879 -0.061922 -0.043257 -0.383688 -0.004843 47.401482 12.256125 4.496296 0.019055 -0.420045 -0.034562 -7.369042 -12.479475 13.420485 -0.034840 -0.062106 0.130323 -7.293112 12.097430 -18.036296 0.004439 0.124403 -0.038385 12.979582 0.578839 -2.546741 0.004488 0.137956 0.026820 -4.624655 -2.020383 3.247841 -0.002265 0.056032 0.002854 10.382489 -0.530306 6.620118 -0.013390 0.211636 -0.033468 -9.147599 2.924241 7.646409 0.010113 0.088938 0.050410 5.036346 -3.284883 5.245975 0.071702 0.114000 -0.018899 -3.967982 7.422368 0.811961 0.122921 0.045205 -0.019047 -7.242259 0.212407 -14.400820 0.255332 -0.015649 -0.022947 -16.692549 -35.853056 4.101288 0.265709 0.012698 -0.007375 1.078511 -3.159554 8.514673 0.086690 -0.010636 -0.015594 -10.173709 -2.228408 -9.851683 -0.082954 0.112473 -0.023708 -3.127386 -6.042823 5.312719 -0.113228 0.046853 -0.008471 1.896838 2.983072 28.401035 -0.260127 -0.014369 -0.031268 -8.916572 49.813973 -9.365000 -0.269108 0.006794 -0.006027 -3.088382 4.934165 -4.958539 -0.088754 -0.008652 -0.010107 -5.241315 4.381244 9.537827 
-0.195672 -0.090931 2.579474 -0.000000 0.000000 -0.000000 -0.197846 0.881792 2.608058 -175.463544 -4.074341 0.348427 0.058581 -0.082280 -0.017664 -27.446579 -3.320214 12.608789 0.043451 -0.386470 0.008038 27.356583 -7.732952 -4.460995 -0.014790 -0.426874 -0.037428 7.253465 12.320075 -13.038165 0.041054 -0.060286 0.122043 -11.894020 1.912058 18.599802 -0.060310 -0.090513 -0.013542 -14.190113 -0.725363 0.745457 -0.043257 -0.383688 -0.004843 45.326054 12.007707 6.011022 0.019056 -0.420045 -0.034562 -7.899177 -11.527887 13.294189 -0.034840 -0.062105 0.130322 -7.326643 11.290082 -17.562257 0.004439 0.124403 -0.038385 13.448549 0.667257 -2.742026 0.004488 0.137956 0.026821 -4.645472 -1.896749 3.592640 -0.002265 0.056032 0.002855 9.116009 -0.668718 7.609440 -0.013390 0.211635 -0.033467 -9.960211 2.472357 8.648124 0.010113 0.088937 0.050409 5.237518 -3.903798 5.715001 0.071702 0.113999 -0.018898 -3.096274 8.028200 -1.899178 0.122921 0.045205 -0.019046 -6.403964 0.185835 -16.433577 0.255332 -0.015649 -0.022947 -16.137270 -35.635774 4.691195 0.265710 0.012698 -0.007374 1.148645 -2.766332 8.664922 0.086691 -0.010636 -0.015594 -10.596821 -2.353653 -10.193351 -0.082954 0.112472 -0.023707 -2.606664 -6.072022 8.060653 -0.113228 0.046853 -0.008472 1.964534 3.777322 31.179469 -0.260128 -0.014369 -0.031269 -8.763954 48.746237 -10.222656 -0.269108 0.006794 -0.006027 -3.394402 4.573893 -5.159532 -0.088754 -0.008651 -0.010107 -5.610913 4.542364 10.012714 
-0.195672 -0.090931 2.579474 -0.000000 0.000000 -0.000000 -0.197846 0.881792 2.608058 -175.463544 -4.074341 0.348427 0.058581 -0.082280 -0.017664 -28.201561 -2.722549 14.274852 0.043451 -0.386470 0.008038 27.790996 -6.837527 -4.223875 -0.014790 -0.426874 -0.037428 6.961954 13.105154 -13.107190 0.041054 -0.060286 0.122043 -11.868525 2.465265 18.621396 -0.060310 -0.090513 -0.013542 -14.983130 -1.241982 1.012073 -0.043257 -0.383688 -0.004842 43.521019 11.747311 7.363501 0.019056 -0.420045 -0.034562 -8.414537 -10.747498 13.242710 -0.034840 -0.062105 0.130324 -7.390335 10.540481 -17.192093 0.004439 0.124404 -0.038385 13.837600 0.662096 -2.896201 0.004488 0.137957 0.026820 -4.709002 -1.839818 3.794906 -0.002265 0.056032 0.002855 7.897381 -0.912096 8.342183 -0.013390 0.211635 -0.033467 -10.647969 2.235888 9.317509 0.010113 0.088937 0.050409 5.401671 -4.262706 5.946045 0.071703 0.114000 -0.018898 -2.394898 8.450625 -4.274503 0.122921 0.045206 -0.019046 -5.840155 0.007873 -17.961465 0.255332 -0.015649 -0.022946 -15.791141 -35.445717 5.176568 0.265709 0.012698 -0.007375 1.175819 -2.423113 8.757994 0.086691 -0.010636 -0.015594 -10.887219 -2.449442 -10.449687 -0.082954 0.112472 -0.023707 -2.165993 -6.094484 10.390090 -0.113229 0.046853 -0.008472 1.873895 4.369060 33.201772 -0.260128 -0.014369 -0.031270 -8.772772 47.709408 -10.959558 -0.269108 0.006794 -0.006027 -3.662926 4.239623 -5.267813 -0.088754 -0.008651 -0.010107 -5.908363 4.660323 10.386332 
-0.195672 -0.090931 2.579474 -0.000000 0.000000 -0.000000 -0.197846 0.881792 2.608058 -175.463544 -4.074341 0.348427 0.058581 -0.082280 -0.017664 -28.990342 -2.022567 15.808941 0.043451 -0.386469 0.008037 28.336510 -6.042473 -4.182800 -0.014790 -0.426874 -0.037428 6.598428 13.803768 -13.211718 0.041054 -0.060286 0.122042 -11.868099 2.956632 18.622885 -0.060310 -0.090513 -0.013542 -15.561602 -1.667980 0.642836 -0.043257 -0.383688 -0.004842 42.018525 11.552234 8.406031 0.019056 -0.420046 -0.034562 -8.858216 -10.141058 13.295493 -0.034840 -0.062106 0.130324 -7.480200 9.895160 -16.991390 0.004439 0.124404 -0.038385 14.127351 0.571541 -2.957740 0.004488 0.137956 0.026821 -4.803343 -1.846335 3.819067 -0.002265 0.056032 0.002854 6.831355 -1.219384 8.679743 -0.013390 0.211635 -0.033468 -11.323152 2.212180 9.590115 0.010113 0.088937 0.050410 5.498751 -4.279230 5.860133 0.071703 0.114000 -0.018898 -1.874284 8.692706 -6.262526 0.122921 0.045205 -0.019047 -5.511831 -0.195940 -19.132960 0.255332 -0.015649 -0.022946 -15.602068 -35.293783 5.604514 0.265709 0.012698 -0.007374 1.125635 -2.141238 8.790360 0.086690 -0.010636 -0.015594 -11.043729 -2.519675 -10.625696 -0.082954 0.112472 -0.023708 -1.804844 -6.106791 12.181088 -0.113228 0.046853 -0.008472 1.711497 4.766510 34.492855 -0.260128 -0.014369 -0.031269 -8.937918 46.837653 -11.519977 -0.269109 0.006794 -0.006027 -3.864129 3.950022 -5.314143 -0.088754 -0.008652 -0.010108 -6.138399 4.734781 10.660207 
-0.195672 -0.090931 2.579474 -0.000000 0.000000 -0.000000 -0.197846 0.881792 2.608058 -175.463544 -4.074341 0.348427 0.058581 -0.082280 -0.017664 -29.652313 -1.218388 17.053521 0.043451 -0.386469 0.008037 28.878549 -5.414130 -4.361485 -0.014790 -0.426874 -0.037428 6.199159 14.277620 -13.336212 0.041054 -0.060286 0.122043 -11.911786 3.365724 18.588532 -0.060310 -0.090513 -0.013542 -15.991010 -1.914810 -0.332546 -0.043257 -0.383688 -0.004843 40.762166 11.463674 9.038119 0.019056 -0.420045 -0.034562 -9.163190 -9.704073 13.464568 -0.034840 -0.062106 0.130323 -7.580403 9.399633 -16.999398 0.004439 0.124403 -0.038385 14.308478 0.412143 -2.861628 0.004488 0.137956 0.026821 -4.892726 -1.897529 3.658083 -0.002265 0.056033 0.002855 6.033160 -1.534177 8.531660 -0.013390 0.211636 -0.033467 -12.007440 2.343208 9.428769 0.010113 0.088938 0.050410 5.557573 -3.961820 5.435842 0.071702 0.114000 -0.018898 -1.507280 8.783994 -7.865364 0.122921 0.045205 -0.019046 -5.346751 -0.372772 -20.143374 0.255332 -0.015649 -0.022947 -15.473905 -35.183865 6.022899 0.265709 0.012698 -0.007375 0.976304 -1.926971 8.772113 0.086690 -0.010636 -0.015594 -11.073811 -2.575888 -10.735800 -0.082954 0.112472 -0.023707 -1.524513 -6.104777 13.381563 -0.113228 0.046853 -0.008472 1.566849 5.038674 35.176550 -0.260128 -0.014369 -0.031269 -9.200489 46.248266 -11.868100 -0.269108 0.006794 -0.006027 -3.964797 3.718719 -5.341347 -0.088754 -0.008651 -0.010107 -6.311932 4.774805 10.848690 
-0.195672 -0.090931 2.579474 -0.000000 0.000000 -0.000000 -0.197846 0.881792 2.608058 -175.463544 -4.074341 0.348427 0.058581 -0.082280 -0.017664 -30.066513 -0.367046 17.871473 0.043451 -0.386470 0.008037 29.294654 -5.009671 -4.714553 -0.014790 -0.426874 -0.037428 5.804358 14.429092 -13.464774 0.041054 -0.060286 0.122042 -12.013958 3.678181 18.517930 -0.060310 -0.090513 -0.013542 -16.365439 -1.948979 -1.771044 -0.043257 -0.383688 -0.004843 39.680230 11.466409 9.207517 0.019055 -0.420045 -0.034562 -9.277812 -9.432536 13.735030 -0.034840 -0.062105 0.130324 -7.675925 9.070036 -17.205112 0.004439 0.124403 -0.038385 14.388946 0.218809 -2.590304 0.004488 0.137956 0.026820 -4.942190 -1.962137 3.343121 -0.002265 0.056032 0.002854 5.571967 -1.805007 7.895012 -0.013390 0.211635 -0.033467 -12.654502 2.565348 8.842364 0.010113 0.088937 0.050410 5.620427 -3.403820 4.703198 0.071703 0.114000 -0.018898 -1.237291 8.796599 -9.123337 0.122921 0.045205 -0.019047 -5.278709 -0.523845 -21.091260 0.255332 -0.015649 -0.022947 -15.332077 -35.114423 6.452892 0.265709 0.012698 -0.007375 0.732629 -1.773984 8.717850 0.086691 -0.010636 -0.015594 -11.001375 -2.625785 -10.797784 -0.082954 0.112472 -0.023707 -1.287463 -6.103043 14.060142 -0.113228 0.046854 -0.008472 1.537079 5.242652 35.413318 -0.260128 -0.014369 -0.031269 -9.518215 45.915253 -11.940649 -0.269108 0.006794 -0.006028 -3.949029 3.541437 -5.372790 -0.088754 -0.008651 -0.010107 -6.443515 4.791859 10.966363 
-0.195672 -0.090931 2.579474 -0.000000 0.000000 -0.000000 -0.197846 0.881792 2.608058 -175.463544 -4.074341 0.348427 0.058581 -0.082280 -0.017664 -30.205743 0.526787 18.281268 0.043451 -0.386469 0.008037 29.579087 -4.797757 -5.203378 -0.014790 -0.426874 -0.037428 5.382208 14.250900 -13.582451 0.041055 -0.060286 0.122043 -12.184401 3.933692 18.403337 -0.060310 -0.090513 -0.013542 -16.795066 -1.794467 -3.611039 -0.043257 -0.383688 -0.004842 38.647898 11.519531 8.965400 0.019056 -0.420046 -0.034561 -9.197698 -9.287153 14.100575 -0.034840 -0.062106 0.130323 -7.771037 8.863243 -17.586176 0.004439 0.124403 -0.038385 14.402139 -0.002160 -2.142460 0.004488 0.137956 0.026821 -4.934462 -2.031163 2.902796 -0.002265 0.056032 0.002855 5.392559 -2.042591 6.808282 -0.013390 0.211636 -0.033467 -13.280382 2.832680 7.861192 0.010113 0.088937 0.050410 5.715504 -2.672119 3.675566 0.071703 0.114000 -0.018897 -0.995883 8.761334 -10.193021 0.122921 0.045205 -0.019046 -5.258230 -0.696755 -22.123452 0.255332 -0.015649 -0.022946 -15.093178 -35.133673 6.970974 0.265709 0.012698 -0.007374 0.382997 -1.659317 8.629206 0.086691 -0.010636 -0.015594 -10.844895 -2.677102 -10.834645 -0.082954 0.112473 -0.023707 -1.051693 -6.086037 14.392098 -0.113228 0.046853 -0.008472 1.654397 5.443978 35.428680 -0.260128 -0.014369 -0.031269 -9.865955 45.755594 -11.770129 -0.269108 0.006794 -0.006027 -3.823288 3.390293 -5.417137 -0.088754 -0.008651 -0.010107 -6.558797 4.799571 11.041129 
-0.195672 -0.090931 2.579474 -0.000000 0.000000 -0.000000 -0.197846 0.881792 2.608058 -175.463544 -4.074341 0.348427 0.058581 -0.082280 -0.017664 -30.031649 1.439432 18.252446 0.043451 -0.386470 0.008037 29.777221 -4.747107 -5.804466 -0.014790 -0.426874 -0.037428 4.863396 13.747313 -13.659951 0.041054 -0.060286 0.122043 -12.430669 4.171022 18.230046 -0.060310 -0.090513 -0.013542 -17.361391 -1.463420 -5.818554 -0.043257 -0.383688 -0.004843 37.619050 11.596726 8.343801 0.019056 -0.420045 -0.034562 -8.907892 -9.237302 14.560783 -0.034840 -0.062106 0.130323 -7.875286 8.748808 -18.137122 0.004439 0.124404 -0.038385 14.375781 -0.258515 -1.515111 0.004488 0.137956 0.026820 -4.855816 -2.110535 2.353803 -0.002265 0.056032 0.002855 5.443698 -2.272593 5.311867 -0.013390 0.211636 -0.033466 -13.900458 3.129918 6.523939 0.010113 0.088938 0.050409 5.860644 -1.782739 2.386840 0.071702 0.113999 -0.018897 -0.736883 8.680628 -11.188093 0.122921 0.045205 -0.019046 -5.262870 -0.933011 -23.362665 0.255332 -0.015649 -0.022947 -14.685414 -35.320971 7.676230 0.265709 0.012698 -0.007375 -0.089721 -1.566098 8.505436 0.086691 -0.010636 -0.015594 -10.612943 -2.735281 -10.864363 -0.082954 0.112472 -0.023707 -0.787148 -6.032944 14.494495 -0.113228 0.046853 -0.008471 1.928631 5.651766 35.369066 -0.260128 -0.014369 -0.031269 -10.225622 45.696332 -11.412873 -0.269108 0.006794 -0.006027 -3.587070 3.240020 -5.477295 -0.088754 -0.008651 -0.010107 -6.681342 4.808060 11.094646 
-0.195672 -0.090931 2.579474 -0.000000 0.000000 -0.000000 -0.197846 0.881792 2.608058 -175.463544 -4.074341 0.348427 0.058581 -0.082280 -0.017664 -29.519251 2.263789 17.756100 0.043451 -0.386470 0.008037 29.938474 -4.840103 -6.463857 -0.014790 -0.426875 -0.037429 4.207706 12.948481 -13.677317 0.041055 -0.060286 0.122042 -12.751683 4.404590 18.015635 -0.060310 -0.090513 -0.013542 -18.080725 -0.976854 -8.266954 -0.043257 -0.383688 -0.004843 36.621791 11.680563 7.389759 0.019056 -0.420046 -0.034562 -8.411264 -9.255600 15.092934 -0.034840 -0.062106 0.130323 -7.997825 8.696972 -18.822649 0.004439 0.124403 -0.038385 14.320602 -0.535015 -0.749788 0.004488 0.137957 0.026821 -4.700362 -2.196501 1.742808 -0.002265 0.056032 0.002855 5.669812 -2.486419 3.538035 -0.013390 0.211635 -0.033467 -14.516759 3.448341 4.959328 0.010113 0.088937 0.050410 6.045752 -0.776497 0.945043 0.071703 0.113999 -0.018898 -0.438841 8.561041 -12.154867 0.122921 0.045205 -0.019046 -5.267127 -1.220572 -24.873674 0.255332 -0.015649 -0.022947 -14.072948 -35.746997 8.634129 0.265709 0.012698 -0.007374 -0.677208 -1.484066 8.357585 0.086691 -0.010636 -0.015595 -10.329829 -2.801873 -10.904088 -0.082954 0.112472 -0.023707 -0.473514 -5.926620 14.466419 -0.113228 0.046853 -0.008471 2.347675 5.826067 35.327053 -0.260127 -0.014369 -0.031269 -10.570117 45.654941 -10.947487 -0.269108 0.006794 -0.006026 -3.263421 3.077903 -5.551018 -0.088754 -0.008652 -0.010107 -6.827811 4.824105 11.144519 
-0.195672 -0.090931 2.579474 -0.000000 0.000000 -0.000000 -0.197846 0.881792 2.608058 -175.463544 -4.074341 0.348427 0.058581 -0.082280 -0.017664 -28.678390 2.919904 16.862738 0.043451 -0.386469 0.008037 30.092628 -5.056105 -7.114897 -0.014790 -0.426875 -0.037428 3.429707 11.949480 -13.641147 0.041054 -0.060286 0.122043 -13.138017 4.636043 17.806385 -0.060310 -0.090513 -0.013542 -18.897226 -0.363946 -10.795641 -0.043257 -0.383688 -0.004844 35.712249 11.762457 6.177144 0.019055 -0.420046 -0.034562 -7.742111 -9.319633 15.660589 -0.034840 -0.062106 0.130324 -8.143535 8.667419 -19.586565 0.004439 0.124403 -0.038385 14.215667 -0.813699 0.110144 0.004488 0.137956 0.026820 -4.491263 -2.275754 1.126902 -0.002265 0.056032 0.002855 5.997509 -2.656664 1.660133 -0.013390 0.211636 -0.033468 -15.101036 3.757571 3.371506 0.010113 0.088938 0.050410 6.262754 0.280452 -0.487841 0.071702 0.114000 -0.018899 -0.110986 8.433928 -13.099323 0.122921 0.045205 -0.019046 -5.240871 -1.485172 -26.699032 0.255332 -0.015649 -0.022947 -13.254299 -36.433981 9.875268 0.265709 0.012698 -0.007375 -1.354388 -1.408725 8.206404 0.086690 -0.010636 -0.015595 -10.028847 -2.878942 -10.970362 -0.082954 0.112473 -0.023708 -0.107938 -5.763939 14.364815 -0.113228 0.046853 -0.008472 2.865981 5.927294 35.367532 -0.260128 -0.014369 -0.031270 -10.859832 45.604951 -10.494542 -0.269108 0.006794 -0.006026 -2.898964 2.905739 -5.643470 -0.088754 -0.008652 -0.010107 -7.001161 4.852522 11.206482 
-0.195672 -0.090931 2.579474 -0.000000 0.000000 -0.000000 -0.197846 0.881792 2.608058 -175.463544 -4.074341 0.348427 0.058581 -0.082280 -0.017664 -27.586765 3.405387 15.662182 0.043451 -0.386469 0.008037 30.259425 -5.355416 -7.714103 -0.014790 -0.426874 -0.037428 2.604384 10.902585 -13.563490 0.041054 -0.060286 0.122043 -13.554564 4.865611 17.633938 -0.060310 -0.090513 -0.013542 -19.698657 0.344114 -13.288711 -0.043257 -0.383688 -0.004843 34.975059 11.861067 4.790185 0.019056 -0.420046 -0.034562 -6.960597 -9.401666 16.225744 -0.034840 -0.062106 0.130323 -8.301239 8.643447 -20.370341 0.004439 0.124403 -0.038385 14.036202 -1.080056 1.016552 0.004488 0.137956 0.026820 -4.281485 -2.326087 0.527373 -0.002265 0.056032 0.002855 6.350752 -2.769383 -0.210508 -0.013390 0.211636 -0.033468 -15.606914 4.009378 1.935478 0.010113 0.088938 0.050410 6.521116 1.307023 -1.786939 0.071703 0.114000 -0.018899 0.215833 8.351592 -14.026489 0.122921 0.045205 -0.019047 -5.141341 -1.651689 -28.813286 0.255332 -0.015649 -0.022946 -12.263004 -37.291081 11.355961 0.265709 0.012698 -0.007374 -2.079352 -1.339961 8.061376 0.086690 -0.010636 -0.015595 -9.746631 -2.966378 -11.074980 -0.082953 0.112473 -0.023707 0.286419 -5.558281 14.240854 -0.113228 0.046853 -0.008472 3.440376 5.965043 35.563979 -0.260128 -0.014369 -0.031269 -11.095449 45.516148 -10.117719 -0.269108 0.006794 -0.006028 -2.544575 2.734563 -5.752406 -0.088754 -0.008651 -0.010107 -7.191246 4.895253 11.291853 
-0.195672 -0.090931 2.579474 -0.000000 0.000000 -0.000000 -0.197846 0.881792 2.608058 -175.463544 -4.074341 0.348427 0.058581 -0.082280 -0.017664 -26.349784 3.773903 14.249272 0.043452 -0.386469 0.008037 30.459287 -5.705060 -8.262535 -0.014790 -0.426875 -0.037427 1.768231 9.925072 -13.441983 0.041054 -0.060286 0.122043 -13.961398 5.101295 17.496202 -0.060310 -0.090513 -0.013542 -20.416091 1.132916 -15.726215 -0.043257 -0.383688 -0.004843 34.481694 11.990079 3.312972 0.019056 -0.420046 -0.034562 -6.152959 -9.474378 16.767250 -0.034840 -0.062106 0.130323 -8.468501 8.616027 -21.140986 0.004439 0.124404 -0.038385 13.789958 -1.338174 1.917241 0.004488 0.137956 0.026820 -4.101906 -2.337710 -0.067825 -0.002265 0.056032 0.002856 6.658539 -2.842899 -2.036264 -0.013390 0.211636 -0.033468 -16.009823 4.127794 0.698436 0.010113 0.088938 0.050410 6.815606 2.211670 -2.912144 0.071703 0.114000 -0.018899 0.514877 8.329850 -14.964089 0.122921 0.045205 -0.019047 -4.962450 -1.733759 -31.132924 0.255332 -0.015649 -0.022947 -11.170865 -38.232349 12.987959 0.265709 0.012698 -0.007374 -2.827928 -1.290950 7.946154 0.086690 -0.010636 -0.015594 -9.488285 -3.061506 -11.217095 -0.082953 0.112472 -0.023707 0.662289 -5.330183 14.105725 -0.113228 0.046853 -0.008471 4.010442 5.989795 35.932563 -0.260127 -0.014370 -0.031269 -11.264610 45.475584 -9.882841 -0.269108 0.006794 -0.006027 -2.241810 2.588304 -5.891206 -0.088754 -0.008651 -0.010107 -7.377098 4.949335 11.402599 
-0.195672 -0.090931 2.579474 -0.000000 0.000000 -0.000000 -0.197846 0.881792 2.608058 -175.463544 -4.074341 0.348427 0.058581 -0.082280 -0.017664 -24.995173 4.071829 12.689867 0.043451 -0.386469 0.008037 30.665070 -6.093980 -8.788491 -0.014790 -0.426875 -0.037428 0.915082 9.007139 -13.282035 0.041054 -0.060286 0.122042 -14.355205 5.347883 17.382121 -0.060310 -0.090513 -0.013542 -21.013181 1.974696 -18.162224 -0.043257 -0.383688 -0.004843 34.273872 12.112492 1.777759 0.019055 -0.420046 -0.034562 -5.390360 -9.544389 17.282653 -0.034840 -0.062106 0.130323 -8.672120 8.583611 -21.888968 0.004439 0.124403 -0.038385 13.470292 -1.593171 2.796610 0.004488 0.137956 0.026821 -3.947845 -2.316423 -0.668381 -0.002265 0.056033 0.002855 6.882973 -2.885374 -3.836114 -0.013390 0.211636 -0.033468 -16.295071 4.064177 -0.410596 0.010113 0.088937 0.050410 7.135765 2.944576 -3.911659 0.071703 0.114000 -0.018898 0.758316 8.333529 -15.889510 0.122921 0.045205 -0.019045 -4.764893 -1.776373 -33.611334 0.255332 -0.015649 -0.022947 -10.027350 -39.294966 14.774094 0.265709 0.012698 -0.007374 -3.617353 -1.282524 7.896062 0.086690 -0.010636 -0.015595 -9.222683 -3.163775 -11.389063 -0.082954 0.112472 -0.023708 0.963244 -5.069222 13.915295 -0.113228 0.046853 -0.008471 4.516808 6.033494 36.472688 -0.260128 -0.014369 -0.031269 -11.314652 45.632364 -9.882523 -0.269109 0.006794 -0.006027 -2.009469 2.489683 -6.080836 -0.088754 -0.008651 -0.010108 -7.540875 5.013434 11.532801 
-0.195672 -0.090931 2.579474 -0.000000 0.000000 -0.000000 -0.197846 0.881792 2.608058 -175.463544 -4.074341 0.348427 0.058581 -0.082280 -0.017664 -23.528820 4.294718 11.052072 0.043451 -0.386469 0.008038 30.832697 -6.517498 -9.277408 -0.014790 -0.426875 -0.037428 0.052681 8.114115 -13.081524 0.041054 -0.060286 0.122042 -14.743570 5.613310 17.269838 -0.060310 -0.090513 -0.013542 -21.414567 2.823471 -20.536048 -0.043257 -0.383688 -0.004843 34.362241 12.183543 0.216331 0.019055 -0.420046 -0.034562 -4.700780 -9.606746 17.758263 -0.034840 -0.062105 0.130323 -8.932217 8.542918 -22.586454 0.004439 0.124403 -0.038385 13.054085 -1.828994 3.641191 0.004489 0.137956 0.026820 -3.803854 -2.257094 -1.259974 -0.002265 0.056033 0.002855 7.006563 -2.872908 -5.567852 -0.013390 0.211635 -0.033468 -16.422258 3.812734 -1.423363 0.010113 0.088938 0.050409 7.498420 3.482696 -4.811961 0.071702 0.114000 -0.018899 0.906153 8.288184 -16.759295 0.122921 0.045205 -0.019045 -4.650857 -1.854223 -36.263315 0.255332 -0.015649 -0.022946 -8.782204 -40.645824 16.840250 0.265709 0.012698 -0.007375 -4.472699 -1.334634 7.939456 0.086690 -0.010636 -0.015595 -8.907367 -3.276233 -11.581986 -0.082954 0.112472 -0.023707 1.135366 -4.707689 13.643773 -0.113229 0.046853 -0.008472 4.895184 6.139202 37.241589 -0.260128 -0.014369 -0.031269 -11.153824 46.114299 -10.243938 -0.269109 0.006794 -0.006027 -1.863257 2.449642 -6.332786 -0.088754 -0.008652 -0.010108 -7.665960 5.091597 11.677924 
-0.195672 -0.090931 2.579474 -0.000000 0.000000 -0.000000 -0.197846 0.881792 2.608058 -175.463544 -4.074341 0.348427 0.058581 -0.082280 -0.017664 -21.991973 4.444515 9.450601 0.043451 -0.386469 0.008036 30.938308 -6.955381 -9.670121 -0.014790 -0.426874 -0.037428 -0.792663 7.270502 -12.825299 0.041054 -0.060286 0.122042 -15.130206 5.901750 17.127615 -0.060310 -0.090513 -0.013542 -21.541824 3.591250 -22.634714 -0.043257 -0.383688 -0.004843 34.788059 12.165269 -1.260568 0.019056 -0.420046 -0.034561 -4.142018 -9.640855 18.153296 -0.034840 -0.062106 0.130323 -9.253884 8.501621 -23.172064 0.004439 0.124403 -0.038385 12.532638 -2.013909 4.407589 0.004489 0.137956 0.026821 -3.650397 -2.146828 -1.792410 -0.002264 0.056033 0.002855 7.036000 -2.767924 -7.118680 -0.013390 0.211635 -0.033467 -16.332463 3.391882 -2.284927 0.010113 0.088938 0.050411 7.894839 3.790284 -5.565973 0.071702 0.114000 -0.018898 0.870122 8.082213 -17.452597 0.122921 0.045205 -0.019045 -4.797128 -2.074441 -38.981471 0.255332 -0.015649 -0.022946 -7.340096 -42.544156 19.352740 0.265709 0.012698 -0.007374 -5.386774 -1.468135 8.110064 0.086690 -0.010636 -0.015595 -8.506960 -3.393596 -11.776520 -0.082954 0.112472 -0.023707 1.126928 -4.144127 13.266325 -0.113228 0.046853 -0.008471 5.088650 6.337037 38.254479 -0.260127 -0.014369 -0.031269 -10.671965 47.030405 -11.090147 -0.269108 0.006794 -0.006027 -1.824050 2.474268 -6.652160 -0.088754 -0.008651 -0.010107 -7.726639 5.186210 11.821446 
-0.195672 -0.090931 2.579474 -0.000000 0.000000 -0.000000 -0.197846 0.881792 2.608058 -175.463544 -4.074341 0.348427 0.058581 -0.082280 -0.017664 -20.418728 4.596232 7.966703 0.043451 -0.386469 0.008037 31.006706 -7.373098 -9.920939 -0.014790 -0.426874 -0.037428 -1.613792 6.559595 -12.504657 0.041054 -0.060286 0.122042 -15.538868 6.215120 16.940100 -0.060310 -0.090513 -0.013542 -21.378603 4.178361 -24.318176 -0.043257 -0.383688 -0.004844 35.632284 12.040520 -2.507448 0.019056 -0.420046 -0.034562 -3.796121 -9.639610 18.428923 -0.034840 -0.062105 0.130323 -9.635053 8.485334 -23.598247 0.004439 0.124404 -0.038385 11.900470 -2.133925 5.066943 0.004489 0.137956 0.026820 -3.490343 -1.993423 -2.220657 -0.002265 0.056032 0.002855 6.988478 -2.557081 -8.454124 -0.013390 0.211636 -0.033468 -15.950490 2.836383 -2.945976 0.010113 0.088937 0.050410 8.293960 3.868145 -6.128526 0.071702 0.113999 -0.018898 0.552942 7.633916 -17.805998 0.122921 0.045205 -0.019046 -5.395437 -2.497570 -41.524606 0.255332 -0.015649 -0.022946 -5.556142 -45.286657 22.510202 0.265709 0.012698 -0.007375 -6.345311 -1.704478 8.433602 0.086691 -0.010636 -0.015594 -7.996070 -3.497579 -11.943069 -0.082954 0.112472 -0.023707 0.911728 -3.334481 12.700744 -0.113228 0.046853 -0.008472 5.074530 6.592879 39.310413 -0.260128 -0.014369 -0.031270 -9.750271 48.557895 -12.536274 -0.269108 0.006794 -0.006027 -1.893071 2.571071 -7.044815 -0.088754 -0.008652 -0.010107 -7.692532 5.289896 11.927272 
-0.195672 -0.090931 2.579474 -0.000000 0.000000 -0.000000 -0.197846 0.881792 2.608058 -175.463544 -4.074341 0.348427 0.058581 -0.082280 -0.017664 -18.894451 4.796611 6.715462 0.043451 -0.386469 0.008036 31.080243 -7.728191 -10.015424 -0.014790 -0.426874 -0.037428 -2.405713 6.044907 -12.145680 0.041054 -0.060286 0.122043 -15.979443 6.554787 16.737788 -0.060310 -0.090513 -0.013542 -20.999784 4.495535 -25.570212 -0.043257 -0.383688 -0.004842 36.885033 11.805686 -3.339033 0.019056 -0.420046 -0.034562 -3.717873 -9.582013 18.557486 -0.034840 -0.062105 0.130324 -10.048965 8.477791 -23.820230 0.004439 0.124404 -0.038385 11.189720 -2.181873 5.592060 0.004489 0.137957 0.026821 -3.348537 -1.809016 -2.523735 -0.002265 0.056032 0.002856 6.844010 -2.250968 -9.564825 -0.013390 0.211635 -0.033468 -15.233156 2.226223 -3.362136 0.010113 0.088937 0.050410 8.673277 3.769612 -6.473987 0.071703 0.114000 -0.018898 -0.054868 6.905291 -17.762055 0.122921 0.045205 -0.019046 -6.479911 -3.148873 -43.673821 0.255332 -0.015649 -0.022947 -3.250211 -48.850059 26.389472 0.265709 0.012698 -0.007375 -7.317693 -2.043120 8.886046 0.086691 -0.010636 -0.015594 -7.398866 -3.570184 -12.061554 -0.082954 0.112472 -0.023708 0.470434 -2.275893 11.909351 -0.113228 0.046853 -0.008472 4.787656 6.974526 40.183683 -0.260127 -0.014369 -0.031269 -8.264288 50.838187 -14.694358 -0.269108 0.006794 -0.006027 -2.063072 2.747789 -7.512444 -0.088754 -0.008651 -0.010107 -7.554933 5.389200 11.974456 
-0.195672 -0.090931 2.579474 -0.000000 0.000000 -0.000000 -0.197846 0.881792 2.608058 -175.463544 -4.074341 0.348427 0.058581 -0.082280 -0.017664 -17.458344 5.002780 5.828979 0.043451 -0.386469 0.008037 31.145728 -8.018275 -9.964874 -0.014790 -0.426874 -0.037428 -3.135330 5.669158 -11.806994 0.041054 -0.060286 0.122042 -16.452012 6.920159 16.577217 -0.060310 -0.090513 -0.013542 -20.507964 4.498509 -26.435559 -0.043257 -0.383688 -0.004844 38.421515 11.458360 -3.615599 0.019056 -0.420046 -0.034562 -3.904867 -9.427398 18.535660 -0.034840 -0.062106 0.130324 -10.468467 8.411913 -23.797709 0.004439 0.124403 -0.038385 10.432648 -2.145236 5.971691 0.004489 0.137956 0.026821 -3.234840 -1.593151 -2.705155 -0.002265 0.056032 0.002855 6.537490 -1.864696 -10.428358 -0.013390 0.211636 -0.033467 -14.179040 1.654738 -3.511145 0.010113 0.088937 0.050410 9.042617 3.559567 -6.594050 0.071703 0.114000 -0.018898 -0.904172 5.841887 -17.381860 0.122921 0.045205 -0.019046 -7.979565 -4.109290 -45.416837 0.255332 -0.015649 -0.022947 -0.090663 -53.036935 31.151619 0.265709 0.012698 -0.007375 -8.301690 -2.477620 9.422619 0.086691 -0.010636 -0.015594 -6.748531 -3.609488 -12.134812 -0.082954 0.112473 -0.023707 -0.232611 -0.918714 10.936226 -0.113228 0.046853 -0.008472 4.086286 7.683299 40.888934 -0.260128 -0.014369 -0.031269 -5.965327 53.984596 -17.850411 -0.269108 0.006794 -0.006027 -2.347532 3.012891 -8.061453 -0.088754 -0.008652 -0.010107 -7.322610 5.477507 11.975984 
-0.195672 -0.090931 2.579474 -0.000000 0.000000 -0.000000 -0.197846 0.881792 2.608058 -175.463544 -4.074341 0.348427 0.058581 -0.082280 -0.017664 -16.150780 5.139555 5.441408 0.043451 -0.386469 0.008036 31.189198 -8.254121 -9.785171 -0.014790 -0.426874 -0.037427 -3.723874 5.346915 -11.542183 0.041054 -0.060286 0.122042 -16.941039 7.308259 16.498821 -0.060310 -0.090513 -0.013542 -19.960833 4.194578 -26.884985 -0.043257 -0.383688 -0.004842 40.113626 11.025651 -3.284267 0.019055 -0.420045 -0.034561 -4.348762 -9.135323 18.356883 -0.034840 -0.062106 0.130323 -10.862716 8.225919 -23.486362 0.004439 0.124403 -0.038385 9.670003 -2.011571 6.194342 0.004489 0.137956 0.026821 -3.134059 -1.349132 -2.757927 -0.002265 0.056032 0.002855 6.012306 -1.431597 -10.978802 -0.013390 0.211635 -0.033468 -12.814290 1.210708 -3.369863 0.010113 0.088937 0.050409 9.409069 3.270532 -6.457798 0.071703 0.113999 -0.018899 -1.943904 4.375208 -16.730096 0.122921 0.045205 -0.019046 -9.835700 -5.538665 -46.772166 0.255332 -0.015649 -0.022947 4.494188 -57.653640 37.202053 0.265709 0.012698 -0.007375 -9.292530 -3.006855 10.012259 0.086691 -0.010636 -0.015594 -6.064711 -3.615787 -12.168705 -0.082954 0.112472 -0.023707 -1.205725 0.798989 9.889351 -0.113228 0.046853 -0.008472 2.821195 8.922081 41.588486 -0.260127 -0.014369 -0.031269 -2.387138 57.973812 -22.502137 -0.269108 0.006794 -0.006027 -2.761532 3.367827 -8.684543 -0.088754 -0.008652 -0.010107 -7.004158 5.552113 11.949410 
-0.195672 -0.090931 2.579474 -0.000000 0.000000 -0.000000 -0.197846 0.881792 2.608058 -175.463544 -4.074341 0.348427 0.058581 -0.082280 -0.017664 -15.073784 5.134298 5.669502 0.043451 -0.386469 0.008037 31.222724 -8.430670 -9.474516 -0.014790 -0.426874 -0.037428 -4.075054 5.029107 -11.379540 0.041054 -0.060286 0.122043 -17.420876 7.720913 16.519009 -0.060310 -0.090513 -0.013542 -19.386396 3.652095 -26.805163 -0.043257 -0.383688 -0.004843 41.845075 10.560511 -2.391345 0.019056 -0.420046 -0.034562 -5.021091 -8.678057 18.008255 -0.034840 -0.062106 0.130323 -11.182362 7.887347 -22.854708 0.004439 0.124403 -0.038385 8.961853 -1.775706 6.231854 0.004489 0.137957 0.026821 -3.021021 -1.090017 -2.664374 -0.002265 0.056032 0.002855 5.261944 -1.002728 -11.092202 -0.013390 0.211636 -0.033467 -11.189272 0.982122 -2.927953 0.010113 0.088937 0.050410 9.760536 2.900826 -6.025017 0.071703 0.114000 -0.018898 -3.114154 2.478499 -15.830799 0.122921 0.045205 -0.019046 -11.974717 -7.627321 -47.715032 0.255332 -0.015649 -0.022946 11.515223 -62.478199 45.386016 0.265710 0.012698 -0.007375 -10.252373 -3.625847 10.635845 0.086690 -0.010636 -0.015595 -5.367979 -3.583066 -12.162328 -0.082954 0.112472 -0.023707 -2.396720 2.877797 8.892447 -0.113228 0.046853 -0.008472 0.888517 10.824870 42.467138 -0.260128 -0.014369 -0.031269 3.300565 62.571964 -29.457062 -0.269108 0.006794 -0.006027 -3.305639 3.803059 -9.352192 -0.088754 -0.008652 -0.010107 -6.609587 5.610421 11.906668 
-0.195672 -0.090931 2.579474 -0.000000 0.000000 -0.000000 -0.197846 0.881792 2.608058 -175.463544 -4.074341 0.348427 0.058581 -0.082280 -0.017664 -14.363333 4.940735 6.558443 0.043451 -0.386469 0.008037 31.240893 -8.519114 -9.010651 -0.014790 -0.426874 -0.037428 -4.107521 4.737178 -11.325282 0.041054 -0.060286 0.122043 -17.842505 8.140811 16.643868 -0.060310 -0.090513 -0.013542 -18.863681 3.004717 -26.142855 -0.043256 -0.383688 -0.004843 43.428296 10.143037 -1.094880 0.019056 -0.420045 -0.034562 -5.826198 -8.064434 17.523542 -0.034840 -0.062105 0.130324 -11.368262 7.418665 -21.958838 0.004439 0.124404 -0.038385 8.382991 -1.461300 6.061763 0.004488 0.137956 0.026821 -2.885537 -0.842411 -2.424672 -0.002265 0.056033 0.002855 4.376701 -0.653079 -10.634254 -0.013390 0.211636 -0.033467 -9.504496 1.009937 -2.253535 0.010113 0.088937 0.050411 10.043188 2.439897 -5.321762 0.071702 0.114000 -0.018899 -4.275617 0.308620 -14.750243 0.122921 0.045205 -0.019047 -14.131950 -10.359829 -48.249221 0.255332 -0.015649 -0.022947 22.040425 -66.887039 56.579948 0.265709 0.012698 -0.007375 -11.090805 -4.284879 11.239714 0.086690 -0.010636 -0.015594 -4.719778 -3.508679 -12.115114 -0.082954 0.112473 -0.023707 -3.642695 5.132430 8.072976 -0.113228 0.046853 -0.008472 -1.619667 13.290966 43.615781 -0.260127 -0.014369 -0.031270 12.055257 67.132714 -39.547157 -0.269108 0.006794 -0.006027 -3.934961 4.276785 -9.984682 -0.088754 -0.008651 -0.010107 -6.177399 5.644544 11.859120 
-0.195672 -0.090931 2.579474 -0.000000 0.000000 -0.000000 -0.197846 0.881792 2.608058 -175.463544 -4.074341 0.348427 0.058581 -0.082280 -0.017664 -14.016950 4.520294 8.153232 0.043451 -0.386469 0.008036 31.227017 -8.504209 -8.323511 -0.014790 -0.426874 -0.037428 -3.785194 4.505506 -11.375257 0.041054 -0.060286 0.122042 -18.179165 8.560036 16.892642 -0.060310 -0.090513 -0.013542 -18.449154 2.360826 -24.948511 -0.043257 -0.383688 -0.004843 44.831528 9.839027 0.462824 0.019055 -0.420045 -0.034562 -6.729697 -7.290552 16.931125 -0.034840 -0.062105 0.130324 -11.401825 6.833209 -20.866069 0.004439 0.124403 -0.038385 7.920837 -1.103060 5.687910 0.004488 0.137956 0.026820 -2.734197 -0.622454 -2.052554 -0.002265 0.056032 0.002855 3.443624 -0.429110 -9.540139 -0.013390 0.211636 -0.033467 -7.877687 1.234687 -1.412037 0.010113 0.088937 0.050410 10.238892 1.856188 -4.411538 0.071702 0.114000 -0.018898 -5.360452 -2.018197 -13.535730 0.122921 0.045205 -0.019046 -16.127912 -13.679108 -48.481571 0.255332 -0.015649 -0.022946 37.455675 -70.265995 72.120329 0.265709 0.012698 -0.007375 -11.797414 -4.958472 11.791886 0.086691 -0.010636 -0.015594 -4.146298 -3.393321 -12.032549 -0.082954 0.112472 -0.023707 -4.857538 7.465702 7.432653 -0.113228 0.046853 -0.008472 -4.655985 16.263030 45.080017 -0.260127 -0.014369 -0.031269 25.658593 71.115622 -54.485300 -0.269109 0.006794 -0.006027 -4.629705 4.767364 -10.534329 -0.088754 -0.008652 -0.010107 -5.728907 5.644010 11.813336 
-0.195672 -0.090931 2.579474 -0.000000 0.000000 -0.000000 -0.197846 0.881792 2.608058 -175.463544 -4.074341 0.348427 0.058581 -0.082280 -0.017664 -13.954047 3.811862 10.509324 0.043451 -0.386469 0.008037 31.185104 -8.387221 -7.336962 -0.014790 -0.426874 -0.037428 -3.089574 4.362762 -11.521878 0.041054 -0.060286 0.122042 -18.393734 8.951992 17.269534 -0.060310 -0.090513 -0.013542 -18.156769 1.785927 -23.245878 -0.043257 -0.383688 -0.004843 46.048473 9.679467 2.144644 0.019056 -0.420045 -0.034562 -7.743497 -6.397120 16.222451 -0.034840 -0.062106 0.130323 -11.278189 6.126622 -19.629289 0.004439 0.124404 -0.038385 7.538449 -0.736355 5.113606 0.004488 0.137956 0.026821 -2.572456 -0.447268 -1.568625 -0.002265 0.056032 0.002855 2.583219 -0.360387 -7.812803 -0.013390 0.211635 -0.033468 -6.329427 1.576621 -0.460324 0.010113 0.088938 0.050409 10.411918 1.146565 -3.408791 0.071703 0.113999 -0.018898 -6.333399 -4.400013 -12.253872 0.122921 0.045205 -0.019046 -17.853744 -17.399914 -48.480519 0.255332 -0.015649 -0.022947 56.969669 -71.777604 91.273273 0.265709 0.012698 -0.007375 -12.369638 -5.603236 12.251274 0.086690 -0.010636 -0.015594 -3.674685 -3.245916 -11.920660 -0.082954 0.112472 -0.023707 -5.992467 9.810344 6.978424 -0.113228 0.046853 -0.008472 -8.149145 19.689958 46.920855 -0.260128 -0.014369 -0.031269 45.273687 73.612036 -75.343564 -0.269108 0.006794 -0.006027 -5.379483 5.241941 -10.952572 -0.088754 -0.008652 -0.010107 -5.282450 5.602815 11.773716 
-0.195672 -0.090931 2.579474 -0.000000 0.000000 -0.000000 -0.197846 0.881792 2.608058 -175.463544 -4.074341 0.348427 0.058581 -0.082280 -0.017664 -14.065949 2.720050 13.584843 0.043451 -0.386469 0.008037 31.123663 -8.193745 -6.011245 -0.014790 -0.426875 -0.037429 -2.044716 4.347650 -11.721959 0.041054 -0.060286 0.122042 -18.450472 9.275940 17.739565 -0.060310 -0.090513 -0.013542 -17.915374 1.276143 -21.020556 -0.043257 -0.383688 -0.004843 46.989714 9.637434 3.822942 0.019055 -0.420045 -0.034562 -8.816557 -5.485277 15.386391 -0.034840 -0.062106 0.130323 -11.012708 5.312292 -18.290422 0.004439 0.124403 -0.038385 7.216606 -0.379873 4.358371 0.004488 0.137957 0.026821 -2.374371 -0.318750 -1.001488 -0.002265 0.056033 0.002855 1.993700 -0.433633 -5.559794 -0.013390 0.211636 -0.033468 -4.878810 1.964866 0.556009 0.010113 0.088937 0.050410 10.661605 0.339975 -2.430760 0.071702 0.114000 -0.018898 -7.170585 -6.710443 -10.978145 0.122921 0.045205 -0.019046 -19.273476 -21.192467 -48.287023 0.255331 -0.015649 -0.022946 75.348851 -71.230240 108.963599 0.265709 0.012698 -0.007375 -12.805917 -6.159351 12.582516 0.086691 -0.010636 -0.015594 -3.305732 -3.086990 -11.776512 -0.082954 0.112472 -0.023708 -6.983209 12.081584 6.779938 -0.113228 0.046853 -0.008472 -11.897761 23.366024 49.246596 -0.260128 -0.014369 -0.031269 66.569243 73.834680 -97.634720 -0.269109 0.006794 -0.006027 -6.146940 5.651332 -11.201506 -0.088753 -0.008652 -0.010107 -4.846194 5.530461 11.727010 
-0.195672 -0.090931 2.579474 -0.000000 0.000000 -0.000000 -0.197846 0.881792 2.608058 -175.463544 -4.074341 0.348427 0.058581 -0.082280 -0.017664 -14.255501 1.162474 17.456241 0.043451 -0.386469 0.008037 31.077139 -7.963910 -4.273333 -0.014790 -0.426874 -0.037428 -0.689956 4.650127 -11.909429 0.041054 -0.060286 0.122043 -18.386702 9.530850 18.289648 -0.060310 -0.090513 -0.013542 -17.577343 0.722485 -18.235596 -0.043257 -0.383688 -0.004842 47.614710 9.674283 5.559978 0.019056 -0.420046 -0.034562 -9.930627 -4.611526 14.403967 -0.034840 -0.062106 0.130323 -10.659237 4.412824 -16.827052 0.004439 0.124403 -0.038385 6.938301 -0.022251 3.437082 0.004488 0.137956 0.026820 -2.113026 -0.204268 -0.365398 -0.002265 0.056032 0.002855 1.828207 -0.602116 -2.871972 -0.013390 0.211636 -0.033468 -3.626754 2.341970 1.749023 0.010113 0.088938 0.050410 11.005638 -0.575198 -1.403087 0.071702 0.114000 -0.018898 -7.870781 -8.931887 -9.707765 0.122921 0.045205 -0.019046 -20.365275 -24.817170 -47.954611 0.255332 -0.015648 -0.022946 88.865563 -69.532036 121.590194 0.265709 0.012699 -0.007375 -13.144688 -6.599396 12.784639 0.086691 -0.010636 -0.015594 -2.992350 -2.930875 -11.580944 -0.082954 0.112472 -0.023707 -7.787472 14.280349 6.893035 -0.113228 0.046853 -0.008472 -15.786987 27.000419 52.242870 -0.260128 -0.014369 -0.031269 83.073262 72.372924 -114.807106 -0.269108 0.006794 -0.006027 -6.897487 5.968094 -11.294151 -0.088754 -0.008652 -0.010107 -4.385056 5.443246 11.635716 
-0.195672 -0.090931 2.579474 -0.000000 0.000000 -0.000000 -0.197846 0.881792 2.608058 -175.463544 -4.074341 0.348427 0.058581 -0.082280 -0.017664 -14.393866 -0.640971 21.806719 0.043451 -0.386469 0.008037 31.120746 -7.751057 -2.272476 -0.014790 -0.426874 -0.037428 0.766842 5.475783 -12.033139 0.041054 -0.060286 0.122042 -18.297889 9.724866 18.866333 -0.060310 -0.090513 -0.013542 -17.048989 0.102375 -15.219647 -0.043257 -0.383688 -0.004843 47.987550 9.788182 7.331444 0.019056 -0.420046 -0.034562 -11.045370 -3.868096 13.399868 -0.034840 -0.062106 0.130323 -10.328633 3.560353 -15.367405 0.004439 0.124403 -0.038385 6.730635 0.319665 2.438654 0.004488 0.137957 0.026820 -1.816789 -0.080553 0.278145 -0.002265 0.056032 0.002855 2.062746 -0.809230 -0.064479 -0.013390 0.211636 -0.033467 -2.761179 2.674202 3.188902 0.010113 0.088938 0.050410 11.304411 -1.514084 -0.213271 0.071702 0.114000 -0.018897 -8.414025 -10.957168 -8.491873 0.122921 0.045205 -0.019046 -21.018507 -27.799546 -47.524040 0.255332 -0.015649 -0.022946 97.154537 -67.810596 128.945734 0.265709 0.012698 -0.007375 -13.387214 -6.903102 12.876180 0.086691 -0.010636 -0.015595 -2.725576 -2.795222 -11.350583 -0.082954 0.112472 -0.023707 -8.367303 16.255917 7.239598 -0.113228 0.046853 -0.008472 -19.400377 29.919596 55.553583 -0.260127 -0.014369 -0.031269 92.879030 70.552036 -125.000822 -0.269108 0.006794 -0.006027 -7.581509 6.182450 -11.271680 -0.088754 -0.008652 -0.010107 -3.903353 5.361261 11.495397 
-0.195672 -0.090931 2.579474 -0.000000 0.000000 -0.000000 -0.197846 0.881792 2.608058 -175.463544 -4.074341 0.348427 0.058581 -0.082280 -0.017664 -14.364231 -2.373568 25.854346 0.043451 -0.386470 0.008037 31.288998 -7.555038 -0.332869 -0.014790 -0.426874 -0.037428 2.059366 6.613398 -12.048657 0.041054 -0.060286 0.122043 -18.198194 9.904710 19.329601 -0.060310 -0.090513 -0.013542 -16.443404 -0.452329 -12.455083 -0.043257 -0.383688 -0.004843 48.194710 9.945379 8.960863 0.019056 -0.420045 -0.034562 -12.051516 -3.307573 12.545883 -0.034840 -0.062106 0.130323 -10.087871 2.869558 -14.082234 0.004439 0.124403 -0.038385 6.614421 0.621817 1.477154 0.004488 0.137956 0.026820 -1.499803 0.036969 0.886609 -0.002265 0.056032 0.002855 2.519116 -0.995690 2.555993 -0.013390 0.211636 -0.033467 -2.235971 3.017759 4.623361 0.010113 0.088937 0.050410 11.440320 -2.334301 0.986835 0.071702 0.114000 -0.018898 -8.831336 -12.842685 -7.377485 0.122922 0.045205 -0.019046 -21.295475 -29.985893 -47.085326 0.255332 -0.015649 -0.022946 102.096814 -66.489330 133.066114 0.265709 0.012698 -0.007374 -13.527969 -7.122142 12.943740 0.086691 -0.010636 -0.015594 -2.495709 -2.689549 -11.133692 -0.082954 0.112472 -0.023707 -8.833300 17.978750 7.633266 -0.113228 0.046853 -0.008472 -22.376917 31.874529 58.541428 -0.260128 -0.014369 -0.031269 98.360830 69.070568 -130.773793 -0.269109 0.006794 -0.006027 -8.185737 6.343913 -11.234651 -0.088754 -0.008651 -0.010107 -3.448053 5.298708 11.353916 
-0.195672 -0.090931 2.579474 -0.000000 0.000000 -0.000000 -0.197846 0.881792 2.608058 -175.463544 -4.074341 0.348427 0.058581 -0.082280 -0.017664 -14.147626 -3.835852 28.940539 0.043451 -0.386469 0.008036 31.577249 -7.359270 1.274852 -0.014790 -0.426874 -0.037428 3.029573 7.695560 -11.926172 0.041054 -0.060286 0.122043 -18.068600 10.109163 19.564735 -0.060310 -0.090513 -0.013542 -15.905323 -0.840917 -10.227049 -0.043257 -0.383688 -0.004844 48.251144 10.064051 10.230344 0.019056 -0.420046 -0.034561 -12.856958 -2.948004 11.897682 -0.034840 -0.062105 0.130323 -9.939551 2.376070 -13.067555 0.004439 0.124403 -0.038385 6.565670 0.874487 0.659715 0.004488 0.137956 0.026820 -1.184359 0.132064 1.409472 -0.002265 0.056033 0.002856 3.026170 -1.108700 4.731233 -0.013390 0.211635 -0.033467 -1.934419 3.404241 5.659392 0.010113 0.088937 0.050410 11.446129 -2.942768 1.886583 0.071703 0.114000 -0.018898 -9.109565 -14.604778 -6.447843 0.122922 0.045205 -0.019047 -21.342847 -31.482883 -46.800354 0.255332 -0.015649 -0.022947 104.979611 -65.567330 135.341455 0.265709 0.012698 -0.007375 -13.581918 -7.291335 13.051804 0.086690 -0.010636 -0.015595 -2.284891 -2.620124 -10.960183 -0.082954 0.112472 -0.023707 -9.256881 19.475648 7.964275 -0.113228 0.046853 -0.008472 -24.553196 33.075796 60.839896 -0.260127 -0.014369 -0.031269 101.454353 68.037106 -134.142429 -0.269108 0.006794 -0.006028 -8.668560 6.478230 -11.254075 -0.088753 -0.008652 -0.010107 -3.069469 5.261368 11.249455 
-0.195672 -0.090931 2.579474 -0.000000 0.000000 -0.000000 -0.197846 0.881792 2.608058 -175.463544 -4.074341 0.348427 0.058581 -0.082280 -0.017664 -13.792749 -4.978275 30.999442 0.043451 -0.386470 0.008037 31.951635 -7.166457 2.495901 -0.014790 -0.426874 -0.037428 3.699357 8.554953 -11.696022 0.041054 -0.060286 0.122043 -17.926036 10.344164 19.586759 -0.060310 -0.090513 -0.013542 -15.460133 -1.077010 -8.527463 -0.043257 -0.383688 -0.004843 48.176220 10.105324 11.085832 0.019056 -0.420045 -0.034562 -13.475321 -2.753684 11.400435 -0.034840 -0.062106 0.130323 -9.849815 2.041604 -12.294463 0.004439 0.124403 -0.038385 6.545479 1.086411 0.029764 0.004488 0.137957 0.026821 -0.893849 0.208113 1.819999 -0.002265 0.056032 0.002854 3.486666 -1.137954 6.370696 -0.013390 0.211636 -0.033467 -1.762333 3.813310 6.194986 0.010113 0.088937 0.050410 11.404355 -3.349175 2.394806 0.071702 0.114000 -0.018898 -9.259266 -16.235636 -5.714495 0.122921 0.045205 -0.019047 -21.283940 -32.491121 -46.737629 0.255331 -0.015649 -0.022947 106.555158 -64.950345 136.514964 0.265709 0.012698 -0.007375 -13.593834 -7.423938 13.208023 0.086690 -0.010636 -0.015595 -2.077224 -2.582264 -10.826519 -0.082954 0.112472 -0.023707 -9.634214 20.810784 8.211119 -0.113228 0.046853 -0.008472 -26.042275 33.838130 62.443242 -0.260127 -0.014369 -0.031269 103.238883 67.360125 -136.193549 -0.269109 0.006794 -0.006027 -9.007809 6.588270 -11.347342 -0.088753 -0.008651 -0.010107 -2.773585 5.244300 11.180933 
-0.195672 -0.090931 2.579474 -0.000000 0.000000 -0.000000 -0.197846 0.881792 2.608058 -175.463544 -4.074341 0.348427 0.058581 -0.082280 -0.017664 -13.356414 -5.766791 32.111267 0.043452 -0.386469 0.008038 32.359155 -6.984115 3.330543 -0.014790 -0.426874 -0.037428 4.108213 9.131727 -11.393824 0.041054 -0.060286 0.122042 -17.800916 10.600362 19.432884 -0.060310 -0.090513 -0.013542 -15.120342 -1.174563 -7.313417 -0.043257 -0.383688 -0.004842 47.989814 10.061843 11.529787 0.019055 -0.420046 -0.034562 -13.912652 -2.684496 11.017050 -0.034840 -0.062105 0.130323 -9.790701 1.833989 -11.731259 0.004439 0.124404 -0.038385 6.533816 1.254088 -0.382049 0.004488 0.137957 0.026821 -0.647828 0.266461 2.109343 -0.002265 0.056032 0.002855 3.841129 -1.106299 7.434832 -0.013390 0.211635 -0.033467 -1.661379 4.208581 6.294544 0.010113 0.088937 0.050410 11.392369 -3.569986 2.551006 0.071702 0.113999 -0.018898 -9.315676 -17.714143 -5.191478 0.122922 0.045205 -0.019046 -21.210326 -33.127906 -46.938344 0.255332 -0.015649 -0.022947 107.217953 -64.558566 136.958543 0.265709 0.012698 -0.007375 -13.613601 -7.528412 13.398900 0.086691 -0.010636 -0.015594 -1.862589 -2.572349 -10.727966 -0.082954 0.112472 -0.023707 -9.957074 21.996151 8.380293 -0.113228 0.046853 -0.008471 -26.944161 34.316568 63.390309 -0.260127 -0.014369 -0.031269 104.219206 66.952595 -137.433146 -0.269109 0.006794 -0.006027 -9.203631 6.674883 -11.515459 -0.088754 -0.008652 -0.010107 -2.554643 5.244054 11.141222 
-0.195672 -0.090931 2.579474 -0.000000 0.000000 -0.000000 -0.197846 0.881792 2.608058 -175.463544 -4.074341 0.348427 0.058581 -0.082280 -0.017664 -12.873597 -6.210136 32.412892 0.043452 -0.386470 0.008037 32.763956 -6.815750 3.810392 -0.014790 -0.426875 -0.037429 4.295054 9.413361 -11.040867 0.041054 -0.060286 0.122042 -17.716003 10.867289 19.126927 -0.060310 -0.090513 -0.013542 -14.886742 -1.141207 -6.517756 -0.043257 -0.383688 -0.004843 47.723266 9.934465 11.601681 0.019056 -0.420046 -0.034562 -14.188326 -2.710165 10.718375 -0.034840 -0.062106 0.130323 -9.745174 1.725706 -11.339919 0.004439 0.124404 -0.038385 6.521192 1.371458 -0.563196 0.004488 0.137957 0.026821 -0.453085 0.304670 2.283845 -0.002265 0.056033 0.002855 4.062383 -1.042813 7.939975 -0.013390 0.211636 -0.033467 -1.584578 4.574098 6.054574 0.010113 0.088937 0.050410 11.472355 -3.616142 2.421651 0.071703 0.114000 -0.018898 -9.316868 -19.052490 -4.892342 0.122921 0.045205 -0.019046 -21.210109 -33.487851 -47.446708 0.255333 -0.015649 -0.022946 107.204423 -64.323327 136.896279 0.265710 0.012698 -0.007375 -13.677220 -7.611360 13.607199 0.086691 -0.010636 -0.015595 -1.633913 -2.589395 -10.662150 -0.082954 0.112473 -0.023707 -10.243421 23.041602 8.490895 -0.113229 0.046853 -0.008472 -27.367311 34.599891 63.765219 -0.260127 -0.014369 -0.031268 104.697272 66.732150 -138.167104 -0.269108 0.006794 -0.006027 -9.279664 6.741935 -11.749510 -0.088754 -0.008652 -0.010107 -2.401025 5.259507 11.127550 
-0.195672 -0.090931 2.579474 -0.000000 0.000000 -0.000000 -0.197846 0.881792 2.608058 -175.463544 -4.074341 0.348427 0.058581 -0.082280 -0.017664 -12.363615 -6.338191 32.007506 0.043452 -0.386469 0.008036 33.163608 -6.660473 3.972509 -0.014790 -0.426874 -0.037428 4.297334 9.407515 -10.642902 0.041054 -0.060286 0.122042 -17.676871 11.145408 18.680060 -0.060310 -0.090513 -0.013542 -14.746052 -0.994259 -6.099116 -0.043257 -0.383688 -0.004843 47.411601 9.721111 11.344300 0.019055 -0.420045 -0.034562 -14.338956 -2.827024 10.473379 -0.034840 -0.062105 0.130324 -9.704520 1.696252 -11.086428 0.004439 0.124403 -0.038385 6.509395 1.436498 -0.510339 0.004489 0.137956 0.026821 -0.300413 0.318929 2.355406 -0.002265 0.056033 0.002855 4.159891 -0.964655 7.916208 -0.013390 0.211636 -0.033467 -1.518430 4.923723 5.525291 0.010113 0.088937 0.050410 11.663617 -3.486449 2.027783 0.071703 0.114000 -0.018898 -9.290193 -20.292468 -4.811354 0.122921 0.045205 -0.019046 -21.343887 -33.644771 -48.265511 0.255331 -0.015649 -0.022946 106.660658 -64.194093 136.466893 0.265710 0.012698 -0.007375 -13.793877 -7.677997 13.820082 0.086691 -0.010636 -0.015595 -1.386409 -2.630236 -10.625362 -0.082954 0.112472 -0.023708 -10.517925 23.981400 8.550312 -0.113228 0.046853 -0.008472 -27.412186 34.767623 63.650198 -0.260127 -0.014369 -0.031269 104.863915 66.644266 -138.576533 -0.269108 0.006794 -0.006027 -9.249153 6.795968 -12.042784 -0.088754 -0.008652 -0.010107 -2.300701 5.288911 11.135898 
-0.195672 -0.090931 2.579474 -0.000000 0.000000 -0.000000 -0.197846 0.881792 2.608058 -175.463544 -4.074341 0.348427 0.058581 -0.082280 -0.017664 -11.852048 -6.154955 30.867589 0.043452 -0.386469 0.008037 33.554465 -6.525306 3.822428 -0.014790 -0.426874 -0.037429 4.111845 9.099779 -10.201526 0.041054 -0.060286 0.122043 -17.682617 11.437038 18.094197 -0.060310 -0.090513 -0.013542 -14.697054 -0.741348 -6.095345 -0.043257 -0.383688 -0.004843 47.070973 9.417781 10.747247 0.019056 -0.420046 -0.034561 -14.385189 -3.058658 10.264367 -0.034840 -0.062105 0.130323 -9.662451 1.742632 -10.965618 0.004439 0.124403 -0.038385 6.507005 1.443317 -0.204300 0.004488 0.137956 0.026820 -0.181512 0.303464 2.330141 -0.002265 0.056033 0.002856 4.147155 -0.879831 7.349011 -0.013390 0.211635 -0.033467 -1.512403 5.294375 4.691364 0.010113 0.088937 0.050410 11.948886 -3.154500 1.313421 0.071703 0.113999 -0.018898 -9.261405 -21.460062 -4.944220 0.122921 0.045205 -0.019047 -21.687031 -33.653151 -49.380844 0.255332 -0.015649 -0.022946 105.663143 -64.154184 135.760118 0.265709 0.012698 -0.007375 -13.949808 -7.728438 14.021686 0.086691 -0.010636 -0.015594 -1.119738 -2.690673 -10.617425 -0.082954 0.112472 -0.023707 -10.783578 24.841994 8.550357 -0.113228 0.046853 -0.008472 -27.135433 34.892530 63.072849 -0.260127 -0.014369 -0.031269 104.829682 66.664825 -138.756386 -0.269108 0.006794 -0.006027 -9.108090 6.841076 -12.383988 -0.088754 -0.008651 -0.010108 -2.250027 5.329424 11.163499 
-0.195672 -0.090931 2.579474 -0.000000 0.000000 -0.000000 -0.197846 0.881792 2.608058 -175.463544 -4.074341 0.348427 0.058581 -0.082280 -0.017664 -11.367305 -5.649678 28.902444 0.043452 -0.386469 0.008037 33.910144 -6.408678 3.345154 -0.014790 -0.426874 -0.037429 3.699210 8.481352 -9.712027 0.041054 -0.060286 0.122042 -17.720041 11.742687 17.359389 -0.060310 -0.090513 -0.013542 -14.730421 -0.385634 -6.531394 -0.043257 -0.383688 -0.004842 46.680293 9.019243 9.780002 0.019056 -0.420046 -0.034562 -14.315415 -3.449255 10.086445 -0.034840 -0.062106 0.130323 -9.612338 1.879452 -10.982055 0.004439 0.124403 -0.038385 6.523112 1.390537 0.362957 0.004488 0.137956 0.026821 -0.094677 0.254899 2.219891 -0.002265 0.056033 0.002854 4.046256 -0.787610 6.259904 -0.013390 0.211636 -0.033467 -1.632291 5.714494 3.545115 0.010113 0.088938 0.050410 12.289220 -2.606479 0.229395 0.071702 0.114000 -0.018897 -9.277513 -22.583023 -5.287573 0.122921 0.045205 -0.019046 -22.356737 -33.575373 -50.780175 0.255332 -0.015649 -0.022946 104.251035 -64.222971 134.847018 0.265710 0.012698 -0.007375 -14.122633 -7.761775 14.200070 0.086691 -0.010636 -0.015594 -0.836085 -2.765267 -10.638547 -0.082954 0.112472 -0.023707 -11.044900 25.660541 8.484462 -0.113228 0.046853 -0.008472 -26.621340 35.033055 62.063395 -0.260127 -0.014369 -0.031269 104.599955 66.807112 -138.727071 -0.269108 0.006794 -0.006027 -8.858941 6.880886 -12.757590 -0.088753 -0.008652 -0.010107 -2.245716 5.379147 11.207407 
-0.195672 -0.090931 2.579474 -0.000000 0.000000 -0.000000 -0.197846 0.881792 2.608058 -175.463544 -4.074341 0.348427 0.058581 -0.082280 -0.017664 -10.950489 -4.813437 26.067029 0.043452 -0.386470 0.008037 34.208828 -6.304280 2.535686 -0.014790 -0.426874 -0.037427 3.017220 7.578165 -9.165882 0.041054 -0.060286 0.122042 -17.763215 12.062218 16.463768 -0.060310 -0.090513 -0.013542 -14.813145 0.055064 -7.359910 -0.043257 -0.383688 -0.004842 46.226382 8.530409 8.438104 0.019056 -0.420045 -0.034562 -14.110515 -4.040192 9.947750 -0.034840 -0.062106 0.130323 -9.554708 2.132436 -11.137750 0.004439 0.124403 -0.038385 6.565541 1.292368 1.160916 0.004488 0.137957 0.026821 -0.035056 0.177985 2.042347 -0.002265 0.056032 0.002855 3.910019 -0.674559 4.741837 -0.013390 0.211635 -0.033468 -1.908400 6.194231 2.121835 0.010113 0.088937 0.050410 12.635965 -1.859992 -1.193437 0.071702 0.113999 -0.018898 -9.381688 -23.681821 -5.810959 0.122921 0.045205 -0.019046 -23.428563 -33.468234 -52.415831 0.255331 -0.015649 -0.022946 102.486722 -64.427638 133.798720 0.265709 0.012698 -0.007375 -14.299541 -7.782163 14.355647 0.086691 -0.010636 -0.015595 -0.532703 -2.844677 -10.679965 -0.082954 0.112472 -0.023708 -11.319618 26.470079 8.344548 -0.113228 0.046853 -0.008472 -25.968535 35.212210 60.644908 -0.260128 -0.014369 -0.031268 104.105429 67.110051 -138.462428 -0.269109 0.006794 -0.006027 -8.519718 6.919191 -13.148913 -0.088754 -0.008652 -0.010107 -2.276468 5.435218 11.257211 
-0.195672 -0.090931 2.579474 -0.000000 0.000000 -0.000000 -0.197846 0.881792 2.608058 -175.463544 -4.074341 0.348427 0.058581 -0.082280 -0.017664 -10.665625 -3.572283 22.193568 0.043451 -0.386469 0.008037 34.446772 -6.216809 1.324472 -0.014791 -0.426874 -0.037429 1.990526 6.369675 -8.545524 0.041054 -0.060286 0.122042 -17.775991 12.398956 15.359265 -0.060310 -0.090513 -0.013542 -14.902358 0.572329 -8.615959 -0.043257 -0.383688 -0.004843 45.711820 7.949274 6.635360 0.019056 -0.420045 -0.034561 -13.748729 -4.900381 9.881575 -0.034840 -0.062106 0.130323 -9.507780 2.553254 -11.461756 0.004439 0.124403 -0.038385 6.639163 1.168121 2.185632 0.004488 0.137956 0.026820 0.009252 0.079617 1.792285 -0.002265 0.056032 0.002855 3.801364 -0.513481 2.799973 -0.013390 0.211636 -0.033467 -2.326371 6.780938 0.395639 0.010113 0.088937 0.050409 12.955041 -0.873321 -2.955877 0.071702 0.114000 -0.018898 -9.603901 -24.798462 -6.483111 0.122921 0.045205 -0.019046 -24.954038 -33.341415 -54.279380 0.255332 -0.015648 -0.022946 100.393467 -64.808400 132.647506 0.265709 0.012698 -0.007374 -14.478700 -7.797478 14.495466 0.086690 -0.010636 -0.015594 -0.193074 -2.919281 -10.729472 -0.082954 0.112472 -0.023707 -11.652238 27.301328 8.085778 -0.113228 0.046853 -0.008472 -25.195325 35.411181 58.679419 -0.260127 -0.014370 -0.031269 103.264968 67.631208 -137.930698 -0.269108 0.006794 -0.006027 -8.094569 6.961833 -13.554307 -0.088753 -0.008652 -0.010108 -2.335967 5.492951 11.299193 
-0.195672 -0.090931 2.579474 -0.000000 0.000000 -0.000000 -0.197846 0.881792 2.608058 -175.463544 -4.074341 0.348427 0.058581 -0.082280 -0.017664 -10.591803 -1.884045 17.300603 0.043451 -0.386469 0.008037 34.597493 -6.140030 -0.337170 -0.014790 -0.426874 -0.037427 0.554815 4.913907 -7.869134 0.041054 -0.060286 0.122042 -17.720185 12.717889 14.059515 -0.060310 -0.090513 -0.013542 -14.899515 1.116634 -10.350517 -0.043257 -0.383688 -0.004843 45.183996 7.306849 4.347759 0.019056 -0.420045 -0.034562 -13.215211 -6.069689 9.952889 -0.034840 -0.062105 0.130323 -9.515640 3.195963 -11.996470 0.004439 0.124404 -0.038385 6.726403 1.049641 3.389120 0.004488 0.137957 0.026820 0.040231 -0.028060 1.457072 -0.002265 0.056033 0.002855 3.765466 -0.278608 0.483307 -0.013390 0.211636 -0.033468 -2.758598 7.512204 -1.582479 0.010113 0.088937 0.050410 13.217750 0.385516 -4.982872 0.071702 0.114000 -0.018898 -9.956395 -25.882233 -7.254581 0.122922 0.045205 -0.019046 -26.832808 -33.129187 -56.272713 0.255332 -0.015648 -0.022947 98.118550 -65.388003 131.449682 0.265710 0.012698 -0.007376 -14.624559 -7.817994 14.603759 0.086690 -0.010636 -0.015594 0.162049 -2.977482 -10.779389 -0.082954 0.112473 -0.023707 -12.087412 28.076857 7.655973 -0.113228 0.046853 -0.008471 -24.275044 35.533769 55.993020 -0.260127 -0.014369 -0.031269 102.074787 68.375945 -137.127932 -0.269108 0.006794 -0.006027 -7.602196 7.022310 -13.935020 -0.088754 -0.008652 -0.010107 -2.431184 5.543312 11.323766 
-0.195672 -0.090931 2.579474 -0.000000 0.000000 -0.000000 -0.197846 0.881792 2.608058 -175.463544 -4.074341 0.348427 0.058581 -0.082280 -0.017664 -10.598120 -0.055163 12.153705 0.043451 -0.386469 0.008036 34.692792 -6.015465 -2.186045 -0.014790 -0.426874 -0.037428 -1.176137 3.610520 -7.147627 0.041054 -0.060286 0.122042 -17.630624 12.983968 12.730234 -0.060310 -0.090513 -0.013542 -14.651362 1.579743 -12.299524 -0.043257 -0.383688 -0.004843 44.773936 6.680765 1.861686 0.019056 -0.420046 -0.034561 -12.565542 -7.449578 10.124207 -0.034840 -0.062105 0.130324 -9.608348 4.016508 -12.692820 0.004439 0.124403 -0.038385 6.777685 0.974117 4.587821 0.004488 0.137957 0.026821 0.037842 -0.124945 1.056166 -0.002265 0.056032 0.002855 3.737278 0.024204 -1.929886 -0.013390 0.211636 -0.033467 -2.997819 8.332994 -3.565647 0.010113 0.088938 0.050410 13.469949 1.769317 -7.036157 0.071703 0.114000 -0.018898 -10.393121 -26.771729 -8.065515 0.122921 0.045205 -0.019046 -28.665262 -32.747998 -58.105177 0.255332 -0.015649 -0.022946 95.955422 -66.087804 130.235274 0.265709 0.012698 -0.007375 -14.677638 -7.836672 14.626022 0.086690 -0.010636 -0.015595 0.470576 -3.014585 -10.827727 -0.082954 0.112473 -0.023707 -12.596703 28.600060 7.105549 -0.113229 0.046853 -0.008472 -23.220365 35.446322 52.767572 -0.260128 -0.014369 -0.031269 100.772836 69.148733 -136.192948 -0.269109 0.006794 -0.006027 -7.122697 7.103422 -14.198507 -0.088754 -0.008651 -0.010107 -2.545228 5.580023 11.334943 
-0.195672 -0.090931 2.579474 -0.000000 0.000000 -0.000000 -0.197846 0.881792 2.608058 -175.463544 -4.074341 0.348427 0.058581 -0.082280 -0.017664 -10.425567 1.463236 7.464266 0.043451 -0.386469 0.008037 34.833791 -5.795042 -3.911105 -0.014790 -0.426874 -0.037428 -3.007695 2.823417 -6.318371 0.041054 -0.060286 0.122042 -17.586491 13.247287 11.497204 -0.060310 -0.090513 -0.013542 -14.141858 1.981131 -14.151014 -0.043257 -0.383688 -0.004843 44.654018 6.126864 -0.599413 0.019056 -0.420045 -0.034562 -11.877368 -8.913761 10.237683 -0.034840 -0.062106 0.130323 -9.766142 4.902206 -13.441356 0.004439 0.124403 -0.038385 6.773625 0.922814 5.650104 0.004488 0.137956 0.026821 -0.018047 -0.222309 0.567023 -0.002265 0.056032 0.002855 3.575005 0.347972 -4.344655 -0.013390 0.211636 -0.033467 -3.031948 9.153998 -5.410609 0.010113 0.088937 0.050410 13.816002 3.113206 -8.997515 0.071702 0.114000 -0.018898 -10.874884 -27.412913 -8.968546 0.122921 0.045205 -0.019046 -30.178071 -32.230150 -59.568101 0.255332 -0.015649 -0.022947 93.959156 -66.785105 128.904111 0.265709 0.012698 -0.007375 -14.657108 -7.827714 14.518346 0.086691 -0.010636 -0.015595 0.725607 -3.036359 -10.869468 -0.082954 0.112473 -0.023707 -13.110770 28.799469 6.525674 -0.113229 0.046853 -0.008472 -22.158925 35.168214 49.457154 -0.260127 -0.014369 -0.031269 99.703413 69.752412 -135.401452 -0.269109 0.006794 -0.006027 -6.713563 7.178153 -14.314458 -0.088754 -0.008652 -0.010106 -2.627593 5.605902 11.333852 
-0.195672 -0.090931 2.579474 -0.000000 0.000000 -0.000000 -0.197846 0.881792 2.608058 -175.463544 -4.074341 0.348427 0.058581 -0.082280 -0.017664 -10.058526 2.481187 3.397103 0.043451 -0.386469 0.008037 34.999023 -5.514551 -5.460545 -0.014790 -0.426875 -0.037428 -4.778363 2.447056 -5.420141 0.041054 -0.060285 0.122042 -17.587643 13.531256 10.408010 -0.060310 -0.090513 -0.013542 -13.541689 2.470276 -15.854621 -0.043257 -0.383688 -0.004842 44.888085 5.721717 -2.997491 0.019055 -0.420046 -0.034562 -11.146538 -10.290590 10.267133 -0.034840 -0.062106 0.130323 -9.947902 5.750408 -14.169461 0.004439 0.124403 -0.038385 6.743361 0.833707 6.560150 0.004488 0.137956 0.026820 -0.104600 -0.360830 -0.014225 -0.002265 0.056032 0.002855 3.296984 0.621677 -6.763298 -0.013390 0.211636 -0.033468 -2.974929 9.873426 -7.015800 0.010113 0.088938 0.050410 14.248832 4.339280 -10.759289 0.071702 0.114000 -0.018898 -11.373219 -27.854094 -9.992781 0.122921 0.045205 -0.019046 -31.332233 -31.730480 -60.624301 0.255331 -0.015649 -0.022947 92.188026 -67.334471 127.488240 0.265709 0.012698 -0.007374 -14.622578 -7.798736 14.312163 0.086690 -0.010636 -0.015594 0.945448 -3.047903 -10.899561 -0.082954 0.112472 -0.023707 -13.567297 28.734725 5.951721 -0.113229 0.046853 -0.008472 -21.241128 34.838746 46.446126 -0.260127 -0.014369 -0.031269 99.069517 70.183622 -134.953364 -0.269108 0.006794 -0.006027 -6.367181 7.225511 -14.347731 -0.088754 -0.008651 -0.010107 -2.664542 5.623338 11.314512 
-0.195672 -0.090931 2.579474 -0.000000 0.000000 -0.000000 -0.197846 0.881792 2.608058 -175.463544 -4.074341 0.348427 0.058581 -0.082280 -0.017664 -9.643298 3.066482 -0.042026 0.043451 -0.386469 0.008037 35.119972 -5.216796 -6.826150 -0.014790 -0.426874 -0.037428 -6.353435 2.265503 -4.556660 0.041054 -0.060286 0.122042 -17.608067 13.798112 9.475122 -0.060310 -0.090513 -0.013542 -12.928746 3.090472 -17.335507 -0.043257 -0.383688 -0.004842 45.336750 5.507252 -5.243513 0.019055 -0.420046 -0.034562 -10.350507 -11.431249 10.274170 -0.034840 -0.062105 0.130323 -10.116156 6.514628 -14.823291 0.004439 0.124404 -0.038385 6.682222 0.691119 7.335433 0.004488 0.137957 0.026821 -0.191166 -0.542457 -0.594119 -0.002265 0.056032 0.002855 3.043262 0.797002 -8.986569 -0.013390 0.211635 -0.033467 -2.866385 10.416560 -8.212557 0.010113 0.088938 0.050410 14.712608 5.402046 -12.145763 0.071703 0.114000 -0.018897 -11.855646 -28.152945 -11.048886 0.122921 0.045205 -0.019046 -32.194769 -31.374365 -61.325052 0.255332 -0.015649 -0.022947 90.783118 -67.685631 126.195477 0.265709 0.012698 -0.007375 -14.605735 -7.766214 14.063361 0.086691 -0.010636 -0.015594 1.140258 -3.050427 -10.914141 -0.082954 0.112472 -0.023706 -13.939152 28.488427 5.395320 -0.113228 0.046853 -0.008472 -20.516869 34.526944 43.871589 -0.260127 -0.014369 -0.031269 98.774446 70.508207 -134.768115 -0.269109 0.006794 -0.006027 -6.069841 7.242955 -14.343822 -0.088754 -0.008651 -0.010107 -2.665308 5.633884 11.272186 
-0.195672 -0.090931 2.579474 -0.000000 0.000000 -0.000000 -0.197846 0.881792 2.608058 -175.463544 -4.074341 0.348427 0.058581 -0.082280 -0.017664 -9.308505 3.327597 -2.743701 0.043451 -0.386469 0.008037 35.149461 -4.919648 -7.910146 -0.014790 -0.426875 -0.037428 -7.605334 2.219662 -3.801294 0.041054 -0.060286 0.122042 -17.633837 14.016530 8.725553 -0.060310 -0.090513 -0.013542 -12.252376 3.728786 -18.444385 -0.043257 -0.383688 -0.004843 45.766629 5.476064 -7.116635 0.019055 -0.420046 -0.034562 -9.523955 -12.254404 10.297994 -0.034840 -0.062106 0.130323 -10.237268 7.168389 -15.341206 0.004439 0.124403 -0.038385 6.563868 0.540062 7.960936 0.004488 0.137957 0.026819 -0.259641 -0.719790 -1.057002 -0.002265 0.056032 0.002855 2.899299 0.888364 -10.725630 -0.013390 0.211635 -0.033467 -2.669579 10.775925 -8.913309 0.010113 0.088938 0.050411 15.176513 6.234357 -13.051786 0.071702 0.113999 -0.018898 -12.299181 -28.333694 -11.989691 0.122922 0.045205 -0.019046 -32.837644 -31.189444 -61.674429 0.255332 -0.015649 -0.022947 89.847997 -67.892558 125.233622 0.265710 0.012698 -0.007374 -14.599825 -7.737500 13.804536 0.086690 -0.010636 -0.015594 1.310306 -3.041625 -10.908255 -0.082954 0.112472 -0.023707 -14.209497 28.140236 4.879847 -0.113228 0.046853 -0.008472 -20.000565 34.236040 41.840359 -0.260127 -0.014369 -0.031269 98.759023 70.706631 -134.816746 -0.269109 0.006794 -0.006027 -5.847580 7.243177 -14.300222 -0.088754 -0.008652 -0.010107 -2.630391 5.637769 11.207818 
-0.195672 -0.090931 2.579474 -0.000000 0.000000 -0.000000 -0.197846 0.881792 2.608058 -175.463544 -4.074341 0.348427 0.058581 -0.082280 -0.017664 -9.097687 3.373716 -4.672738 0.043451 -0.386469 0.008037 35.062233 -4.640525 -8.648787 -0.014790 -0.426874 -0.037428 -8.492563 2.287179 -3.193866 0.041054 -0.060286 0.122043 -17.648256 14.175073 8.174308 -0.060310 -0.090513 -0.013542 -11.530585 4.257893 -19.142853 -0.043257 -0.383688 -0.004843 45.996376 5.572914 -8.451119 0.019056 -0.420045 -0.034562 -8.749822 -12.759709 10.349706 -0.034840 -0.062106 0.130324 -10.292334 7.683840 -15.692196 0.004439 0.124404 -0.038385 6.398755 0.431324 8.416049 0.004488 0.137957 0.026820 -0.305730 -0.845388 -1.344887 -0.002264 0.056033 0.002855 2.857169 0.955717 -11.846451 -0.013390 0.211635 -0.033468 -2.377412 10.987350 -9.194367 0.010113 0.088937 0.050410 15.595178 6.789000 -13.512703 0.071702 0.114000 -0.018898 -12.685707 -28.412231 -12.693086 0.122922 0.045205 -0.019046 -33.326887 -31.129892 -61.688117 0.255332 -0.015649 -0.022947 89.269473 -68.048526 124.582869 0.265709 0.012698 -0.007374 -14.576319 -7.717111 13.565902 0.086691 -0.010636 -0.015595 1.446890 -3.023291 -10.883434 -0.082954 0.112472 -0.023707 -14.377760 27.773559 4.442261 -0.113228 0.046853 -0.008472 -19.704406 33.966794 40.437933 -0.260127 -0.014370 -0.031269 98.910538 70.768977 -135.037990 -0.269109 0.006794 -0.006027 -5.731873 7.240491 -14.215626 -0.088754 -0.008651 -0.010108 -2.568751 5.635892 11.132860 
-0.195672 -0.090931 2.579474 -0.000000 0.000000 -0.000000 -0.197846 0.881792 2.608058 -175.463544 -4.074341 0.348427 0.058581 -0.082280 -0.017664 -8.976719 3.289759 -5.949174 0.043451 -0.386469 0.008037 34.851272 -4.379683 -9.073302 -0.014790 -0.426874 -0.037428 -9.070587 2.435108 -2.722390 0.041054 -0.060286 0.122042 -17.639045 14.279596 7.786682 -0.060310 -0.090513 -0.013542 -10.813467 4.636825 -19.486219 -0.043257 -0.383688 -0.004842 45.970014 5.739142 -9.259622 0.019056 -0.420046 -0.034561 -8.078678 -13.004063 10.419535 -0.034840 -0.062106 0.130323 -10.284046 8.067776 -15.890065 0.004439 0.124404 -0.038385 6.214258 0.383610 8.708151 0.004488 0.137956 0.026820 -0.339407 -0.907059 -1.462661 -0.002265 0.056032 0.002855 2.877709 1.040645 -12.403512 -0.013390 0.211635 -0.033467 -2.021179 11.084783 -9.166400 0.010113 0.088937 0.050409 15.932842 7.077895 -13.611687 0.071703 0.113999 -0.018898 -13.007964 -28.399339 -13.118387 0.122922 0.045205 -0.019046 -33.690960 -31.138839 -61.431466 0.255332 -0.015649 -0.022947 88.823762 -68.221849 124.057163 0.265709 0.012698 -0.007374 -14.520678 -7.704032 13.373017 0.086691 -0.010636 -0.015593 1.546795 -3.001551 -10.846743 -0.082954 0.112472 -0.023707 -14.466820 27.434870 4.113816 -0.113228 0.046853 -0.008472 -19.600761 33.712888 39.616754 -0.260127 -0.014369 -0.031269 99.016761 70.747031 -135.259575 -0.269109 0.006794 -0.006027 -5.718798 7.235682 -14.106268 -0.088754 -0.008652 -0.010107 -2.494875 5.632318 11.058826 
-0.195672 -0.090931 2.579474 -0.000000 0.000000 -0.000000 -0.197846 0.881792 2.608058 -175.463544 -4.074341 0.348427 0.058581 -0.082280 -0.017664 -8.905599 3.122548 -6.660620 0.043451 -0.386469 0.008037 34.500228 -4.122437 -9.225875 -0.014790 -0.426874 -0.037428 -9.394693 2.636730 -2.362208 0.041054 -0.060286 0.122042 -17.600651 14.346473 7.529468 -0.060310 -0.090513 -0.013542 -10.106427 4.851229 -19.496428 -0.043257 -0.383688 -0.004843 45.640745 5.944160 -9.568091 0.019056 -0.420045 -0.034562 -7.517149 -13.015278 10.496630 -0.034840 -0.062106 0.130323 -10.215207 8.332567 -15.944559 0.004439 0.124404 -0.038385 6.028671 0.402569 8.848466 0.004488 0.137956 0.026820 -0.362870 -0.905712 -1.417454 -0.002265 0.056032 0.002855 2.937892 1.161881 -12.446100 -0.013390 0.211636 -0.033468 -1.626049 11.080689 -8.864511 0.010113 0.088937 0.050410 16.177318 7.111298 -13.371478 0.071702 0.114000 -0.018898 -13.265391 -28.282792 -13.263703 0.122921 0.045205 -0.019047 -33.899195 -31.184178 -60.942684 0.255332 -0.015649 -0.022947 88.395379 -68.436665 123.531498 0.265709 0.012698 -0.007375 -14.430339 -7.696226 13.244100 0.086691 -0.010636 -0.015594 1.607543 -2.981580 -10.805502 -0.082954 0.112473 -0.023708 -14.489758 27.144934 3.942223 -0.113228 0.046853 -0.008472 -19.650748 33.478292 39.365928 -0.260127 -0.014369 -0.031269 99.033659 70.646702 -135.445848 -0.269109 0.006794 -0.006027 -5.793927 7.225601 -13.994259 -0.088754 -0.008652 -0.010107 -2.420012 5.632568 10.994714 
-0.195672 -0.090931 2.579474 -0.000000 0.000000 -0.000000 -0.197846 0.881792 2.608058 -175.463544 -4.074341 0.348427 0.058581 -0.082280 -0.017664 -8.853843 2.897358 -6.839799 0.043451 -0.386469 0.008036 34.003270 -3.852234 -9.127232 -0.014790 -0.426875 -0.037429 -9.491131 2.876361 -2.099853 0.041054 -0.060286 0.122042 -17.526709 14.387903 7.383379 -0.060310 -0.090513 -0.013542 -9.408176 4.883064 -19.164428 -0.043257 -0.383688 -0.004843 44.944581 6.166854 -9.355241 0.019055 -0.420046 -0.034561 -7.060735 -12.791963 10.573409 -0.034840 -0.062106 0.130323 -10.081398 8.476305 -15.851858 0.004439 0.124403 -0.038385 5.853692 0.486023 8.835415 0.004488 0.137957 0.026820 -0.374514 -0.851461 -1.211200 -0.002264 0.056032 0.002855 3.017838 1.313689 -11.984810 -0.013390 0.211635 -0.033467 -1.207119 10.969203 -8.289860 0.010113 0.088937 0.050410 16.332097 6.885500 -12.786599 0.071703 0.114000 -0.018898 -13.455141 -28.044951 -13.140073 0.122921 0.045205 -0.019046 -33.901159 -31.250185 -60.221409 0.255332 -0.015649 -0.022946 87.923283 -68.698951 122.926466 0.265709 0.012698 -0.007375 -14.304113 -7.692199 13.189152 0.086691 -0.010636 -0.015594 1.623426 -2.966396 -10.764277 -0.082954 0.112472 -0.023707 -14.449043 26.905372 3.974219 -0.113228 0.046853 -0.008472 -19.814013 33.272734 39.700164 -0.260128 -0.014369 -0.031269 99.034990 70.433607 -135.661122 -0.269109 0.006794 -0.006027 -5.952121 7.209969 -13.892583 -0.088754 -0.008652 -0.010108 -2.352543 5.640205 10.948426 
-0.195672 -0.090931 2.579474 -0.000000 0.000000 -0.000000 -0.197846 0.881792 2.608058 -175.463544 -4.074341 0.348427 0.058581 -0.082280 -0.017664 -8.814124 2.620486 -6.474754 0.043451 -0.386469 0.008037 33.380296 -3.562394 -8.773192 -0.014790 -0.426875 -0.037428 -9.356910 3.138819 -1.936929 0.041054 -0.060286 0.122043 -17.412551 14.409049 7.341512 -0.060310 -0.090513 -0.013542 -8.739051 4.710558 -18.452219 -0.043257 -0.383688 -0.004843 43.856231 6.379965 -8.567583 0.019056 -0.420046 -0.034562 -6.710054 -12.327368 10.639330 -0.034840 -0.062106 0.130323 -9.875613 8.479184 -15.597736 0.004439 0.124404 -0.038385 5.700415 0.627679 8.654342 0.004488 0.137957 0.026821 -0.375426 -0.759403 -0.842472 -0.002265 0.056032 0.002855 3.096755 1.468891 -11.007023 -0.013390 0.211635 -0.033468 -0.771078 10.742540 -7.452896 0.010113 0.088938 0.050410 16.412839 6.390826 -11.866391 0.071703 0.113999 -0.018898 -13.571576 -27.703051 -12.762963 0.122921 0.045205 -0.019046 -33.658790 -31.343414 -59.276603 0.255332 -0.015649 -0.022947 87.381984 -68.992294 122.196592 0.265709 0.012698 -0.007374 -14.140063 -7.690522 13.213448 0.086691 -0.010636 -0.015594 1.585197 -2.958250 -10.726865 -0.082954 0.112472 -0.023707 -14.346829 26.727242 4.234089 -0.113228 0.046853 -0.008472 -20.061949 33.142509 40.628834 -0.260127 -0.014369 -0.031269 99.189605 70.061348 -136.044937 -0.269108 0.006794 -0.006027 -6.189097 7.192292 -13.812096 -0.088754 -0.008652 -0.010107 -2.299767 5.655939 10.928645 
-0.195672 -0.090931 2.579474 -0.000000 0.000000 -0.000000 -0.197846 0.881792 2.608058 -175.463544 -4.074341 0.348427 0.058581 -0.082280 -0.017664 -8.809659 2.276021 -5.546847 0.043451 -0.386469 0.008038 32.666179 -3.269717 -8.160068 -0.014790 -0.426874 -0.037428 -8.965683 3.414181 -1.881730 0.041054 -0.060286 0.122042 -17.262644 14.411424 7.404471 -0.060310 -0.090513 -0.013542 -8.122368 4.323339 -17.313975 -0.043257 -0.383688 -0.004843 42.432130 6.550244 -7.195612 0.019056 -0.420046 -0.034562 -6.447635 -11.642654 10.682523 -0.034840 -0.062106 0.130324 -9.587511 8.334265 -15.189844 0.004439 0.124403 -0.038385 5.580495 0.816904 8.289614 0.004488 0.137956 0.026821 -0.366301 -0.644271 -0.324732 -0.002265 0.056033 0.002855 3.161926 1.589302 -9.524750 -0.013390 0.211635 -0.033467 -0.338310 10.408821 -6.381245 0.010113 0.088937 0.050410 16.432699 5.650578 -10.647018 0.071702 0.114000 -0.018898 -13.610968 -27.289131 -12.167337 0.122921 0.045205 -0.019047 -33.161467 -31.471101 -58.134240 0.255332 -0.015649 -0.022947 86.786071 -69.279797 121.348201 0.265709 0.012698 -0.007375 -13.948643 -7.693213 13.313246 0.086690 -0.010636 -0.015594 1.489015 -2.958598 -10.697151 -0.082954 0.112472 -0.023707 -14.188787 26.623956 4.703476 -0.113228 0.046853 -0.008472 -20.379143 33.159725 42.098971 -0.260128 -0.014369 -0.031269 99.703543 69.509435 -136.759361 -0.269109 0.006794 -0.006027 -6.485023 7.177267 -13.762934 -0.088754 -0.008652 -0.010107 -2.264239 5.677671 10.940918 
-0.195672 -0.090931 2.579474 -0.000000 0.000000 -0.000000 -0.197846 0.881792 2.608058 -175.463544 -4.074341 0.348427 0.058581 -0.082280 -0.017664 -8.881169 1.828555 -4.087533 0.043451 -0.386469 0.008037 31.901864 -3.017294 -7.317239 -0.014790 -0.426875 -0.037428 -8.288347 3.697345 -1.944443 0.041054 -0.060286 0.122042 -17.092273 14.391127 7.569579 -0.060310 -0.090513 -0.013542 -7.580315 3.742829 -15.719062 -0.043257 -0.383688 -0.004843 40.796191 6.638292 -5.332631 0.019056 -0.420045 -0.034561 -6.258914 -10.807911 10.682360 -0.034840 -0.062106 0.130323 -9.215386 8.065606 -14.659504 0.004439 0.124404 -0.038385 5.509742 1.032792 7.730055 0.004488 0.137957 0.026820 -0.346467 -0.527087 0.292229 -0.002265 0.056032 0.002855 3.206758 1.620492 -7.621634 -0.013390 0.211635 -0.033467 0.053700 9.994115 -5.130296 0.010113 0.088937 0.050410 16.387485 4.732716 -9.215434 0.071702 0.114000 -0.018898 -13.578393 -26.836799 -11.413496 0.122921 0.045205 -0.019046 -32.447278 -31.632409 -56.834615 0.255332 -0.015649 -0.022947 86.249225 -69.505310 120.512992 0.265709 0.012698 -0.007375 -13.752325 -7.708042 13.472085 0.086690 -0.010636 -0.015594 1.344247 -2.964431 -10.673931 -0.082954 0.112473 -0.023707 -13.995486 26.600636 5.313049 -0.113228 0.046853 -0.008472 -20.755784 33.369593 43.973533 -0.260128 -0.014370 -0.031269 100.676503 68.808944 -137.848613 -0.269109 0.006793 -0.006027 -6.811301 7.171700 -13.744931 -0.088754 -0.008652 -0.010108 -2.237808 5.700157 10.981278 
-0.195672 -0.090931 2.579474 -0.000000 0.000000 -0.000000 -0.197846 0.881792 2.608058 -175.463544 -4.074341 0.348427 0.058581 -0.082280 -0.017664 -9.009296 1.210598 -2.099741 0.043452 -0.386469 0.008036 31.073604 -2.834803 -6.259061 -0.014790 -0.426875 -0.037427 -7.283656 4.020120 -2.119370 0.041054 -0.060286 0.122042 -16.901949 14.330693 7.814453 -0.060310 -0.090513 -0.013542 -7.087089 3.009414 -13.542664 -0.043257 -0.383688 -0.004842 38.984845 6.605186 -3.064255 0.019056 -0.420046 -0.034562 -6.127201 -9.887795 10.604857 -0.034840 -0.062106 0.130323 -8.762836 7.698502 -14.001504 0.004439 0.124403 -0.038385 5.495257 1.246685 6.920165 0.004488 0.137957 0.026820 -0.316702 -0.444127 0.973645 -0.002264 0.056033 0.002855 3.229574 1.481153 -5.330893 -0.013390 0.211636 -0.033468 0.418301 9.493679 -3.686049 0.010113 0.088938 0.050410 16.284028 3.653284 -7.601630 0.071702 0.114000 -0.018898 -13.478017 -26.362896 -10.537943 0.122922 0.045205 -0.019046 -31.539362 -31.835720 -55.372470 0.255332 -0.015649 -0.022947 85.909211 -69.622973 119.816080 0.265709 0.012698 -0.007375 -13.543907 -7.741931 13.668464 0.086690 -0.010636 -0.015594 1.155578 -2.972274 -10.651041 -0.082954 0.112472 -0.023707 -13.804189 26.632832 6.033384 -0.113228 0.046853 -0.008472 -21.225078 33.738549 46.225143 -0.260128 -0.014369 -0.031269 101.978413 68.025590 -139.144477 -0.269109 0.006794 -0.006027 -7.162467 7.180814 -13.742816 -0.088754 -0.008651 -0.010108 -2.204237 5.721393 11.043216 
-0.195672 -0.090931 2.579474 -0.000000 0.000000 -0.000000 -0.197846 0.881792 2.608058 -175.463544 -4.074341 0.348427 0.058581 -0.082280 -0.017664 -9.054060 0.414377 0.290498 0.043451 -0.386470 0.008037 30.229099 -2.741308 -5.056497 -0.014790 -0.426874 -0.037428 -6.020158 4.463897 -2.366797 0.041054 -0.060286 0.122042 -16.697511 14.200206 8.090982 -0.060310 -0.090513 -0.013542 -6.635322 2.257889 -10.822676 -0.043257 -0.383688 -0.004843 37.138310 6.447312 -0.639348 0.019056 -0.420045 -0.034563 -6.040480 -9.002786 10.426889 -0.034840 -0.062106 0.130323 -8.299217 7.279289 -13.238869 0.004439 0.124403 -0.038385 5.536205 1.401279 5.863333 0.004488 0.137956 0.026820 -0.286569 -0.448160 1.656186 -0.002265 0.056032 0.002855 3.225095 1.109553 -2.853997 -0.013390 0.211636 -0.033467 0.853762 8.950962 -2.116405 0.010113 0.088938 0.050410 16.192485 2.467820 -5.896641 0.071702 0.114000 -0.018898 -13.325214 -25.923976 -9.624748 0.122921 0.045205 -0.019047 -30.563246 -32.072745 -53.874012 0.255332 -0.015649 -0.022946 85.806014 -69.633867 119.288516 0.265709 0.012698 -0.007374 -13.287633 -7.782627 13.863441 0.086691 -0.010636 -0.015594 0.929626 -2.983953 -10.627991 -0.082954 0.112472 -0.023707 -13.684243 26.651188 6.827444 -0.113228 0.046853 -0.008472 -21.827674 34.115805 48.743963 -0.260128 -0.014369 -0.031269 103.206009 67.312020 -140.257033 -0.269108 0.006794 -0.006027 -7.526824 7.197979 -13.731919 -0.088754 -0.008652 -0.010107 -2.150823 5.743045 11.119213 
-0.195672 -0.090931 2.579474 -0.000000 0.000000 -0.000000 -0.197846 0.881792 2.608058 -175.463544 -4.074341 0.348427 0.058581 -0.082280 -0.017664 -8.874228 -0.527251 3.045427 0.043452 -0.386470 0.008038 29.429383 -2.739736 -3.743870 -0.014790 -0.426874 -0.037428 -4.636741 5.143020 -2.670401 0.041054 -0.060286 0.122042 -16.512233 13.980952 8.428511 -0.060310 -0.090513 -0.013542 -6.208934 1.562958 -7.736875 -0.043257 -0.383688 -0.004842 35.391807 6.188512 1.787139 0.019055 -0.420045 -0.034562 -6.042757 -8.215092 10.139975 -0.034840 -0.062106 0.130323 -7.901813 6.823157 -12.395781 0.004439 0.124403 -0.038385 5.601030 1.482548 4.641366 0.004488 0.137956 0.026821 -0.265527 -0.525615 2.288204 -0.002265 0.056032 0.002855 3.152630 0.562548 -0.388570 -0.013390 0.211636 -0.033467 1.461728 8.448563 -0.494761 0.010113 0.088938 0.050410 16.185011 1.232580 -4.151518 0.071702 0.114000 -0.018898 -13.150521 -25.536371 -8.748494 0.122922 0.045205 -0.019046 -29.600851 -32.293056 -52.473130 0.255332 -0.015649 -0.022947 85.967117 -69.568393 118.942417 0.265709 0.012698 -0.007375 -12.968086 -7.815164 14.015532 0.086690 -0.010636 -0.015594 0.667123 -2.999717 -10.609485 -0.082954 0.112473 -0.023707 -13.657679 26.576819 7.688734 -0.113229 0.046853 -0.008472 -22.500527 34.325666 51.371448 -0.260128 -0.014369 -0.031269 104.135605 66.706216 -140.956649 -0.269109 0.006794 -0.006027 -7.908104 7.220087 -13.675463 -0.088754 -0.008652 -0.010107 -2.074055 5.763425 11.202640 
-0.195672 -0.090931 2.579474 -0.000000 0.000000 -0.000000 -0.197846 0.881792 2.608058 -175.463544 -4.074341 0.348427 0.058581 -0.082280 -0.017664 -8.414002 -1.540086 6.104904 0.043451 -0.386470 0.008037 28.729104 -2.830894 -2.320524 -0.014790 -0.426874 -0.037428 -3.279582 6.092304 -3.016565 0.041054 -0.060286 0.122043 -16.382118 13.674140 8.864943 -0.060310 -0.090513 -0.013542 -5.769842 0.912318 -4.468021 -0.043257 -0.383688 -0.004843 33.859826 5.835960 4.180326 0.019056 -0.420046 -0.034562 -6.175447 -7.529962 9.751129 -0.034840 -0.062105 0.130323 -7.598240 6.330653 -11.505917 0.004439 0.124403 -0.038385 5.627877 1.514640 3.359518 0.004488 0.137957 0.026821 -0.254059 -0.616941 2.853645 -0.002265 0.056032 0.002855 2.993945 -0.035550 1.995057 -0.013390 0.211635 -0.033467 2.266061 8.016934 1.133608 0.010113 0.088937 0.050410 16.271082 -0.010674 -2.361199 0.071702 0.114000 -0.018898 -12.961811 -25.175541 -7.942410 0.122922 0.045205 -0.019046 -28.653989 -32.433064 -51.260279 0.255332 -0.015649 -0.022947 86.301482 -69.491075 118.697691 0.265709 0.012698 -0.007374 -12.607447 -7.832029 14.105163 0.086690 -0.010636 -0.015594 0.378432 -3.015941 -10.593814 -0.082954 0.112472 -0.023707 -13.683706 26.375348 8.592311 -0.113228 0.046853 -0.008472 -23.132295 34.291416 53.967210 -0.260128 -0.014369 -0.031268 104.711970 66.160668 -141.143878 -0.269109 0.006794 -0.006027 -8.304593 7.249528 -13.539370 -0.088754 -0.008652 -0.010107 -1.973891 5.778872 11.280956 
-0.195672 -0.090931 2.579474 -0.000000 0.000000 -0.000000 -0.197846 0.881792 2.608058 -175.463544 -4.074341 0.348427 0.058581 -0.082280 -0.017664 -7.722372 -2.491234 9.121493 0.043452 -0.386469 0.008037 28.159777 -2.993604 -0.883762 -0.014790 -0.426874 -0.037428 -2.115867 7.136353 -3.366788 0.041054 -0.060286 0.122042 -16.313410 13.303440 9.341599 -0.060310 -0.090513 -0.013542 -5.298672 0.318798 -1.292111 -0.043257 -0.383688 -0.004843 32.595309 5.409317 6.421228 0.019056 -0.420045 -0.034562 -6.419271 -6.934137 9.306482 -0.034840 -0.062105 0.130324 -7.383726 5.824185 -10.619781 0.004439 0.124403 -0.038385 5.571577 1.522115 2.124519 0.004488 0.137957 0.026820 -0.228759 -0.690014 3.363783 -0.002265 0.056032 0.002855 2.816538 -0.577972 4.270901 -0.013390 0.211635 -0.033467 3.201119 7.634026 2.672611 0.010113 0.088937 0.050410 16.419428 -1.187423 -0.600945 0.071702 0.114000 -0.018898 -12.757273 -24.863987 -7.237565 0.122921 0.045205 -0.019045 -27.759711 -32.494966 -50.373943 0.255332 -0.015649 -0.022947 86.584280 -69.459486 118.359938 0.265710 0.012698 -0.007376 -12.245376 -7.836968 14.146016 0.086690 -0.010636 -0.015594 0.093834 -3.029799 -10.573088 -0.082954 0.112472 -0.023707 -13.722613 26.122294 9.475149 -0.113228 0.046853 -0.008473 -23.727167 34.117007 56.503252 -0.260127 -0.014369 -0.031269 104.940181 65.677118 -140.823761 -0.269108 0.006794 -0.006026 -8.680439 7.285922 -13.335710 -0.088754 -0.008652 -0.010107 -1.864336 5.788881 11.341937 
-0.195672 -0.090931 2.579474 -0.000000 0.000000 -0.000000 -0.197846 0.881792 2.608058 -175.463544 -4.074341 0.348427 0.058581 -0.082280 -0.017664 -6.959821 -3.220513 11.636462 0.043451 -0.386469 0.008037 27.753290 -3.155327 0.341449 -0.014790 -0.426874 -0.037428 -1.286566 8.007742 -3.677086 0.041054 -0.060286 0.122042 -16.305403 12.926060 9.752718 -0.060310 -0.090513 -0.013542 -4.816485 -0.163639 1.364690 -0.043257 -0.383688 -0.004843 31.598002 4.956827 8.234496 0.019056 -0.420046 -0.034562 -6.705983 -6.463831 8.880423 -0.034840 -0.062106 0.130323 -7.245305 5.352540 -9.832203 0.004439 0.124403 -0.038385 5.433275 1.524982 1.065587 0.004488 0.137956 0.026821 -0.163957 -0.741030 3.800690 -0.002265 0.056032 0.002855 2.708610 -0.989872 6.289313 -0.013390 0.211636 -0.033467 4.092759 7.317090 3.900223 0.010113 0.088938 0.050410 16.573138 -2.139529 0.884994 0.071702 0.114000 -0.018898 -12.556979 -24.662577 -6.683406 0.122921 0.045205 -0.019047 -27.025500 -32.549529 -49.985633 0.255332 -0.015649 -0.022946 86.712400 -69.461344 117.871416 0.265709 0.012698 -0.007375 -11.951158 -7.843023 14.152492 0.086691 -0.010636 -0.015594 -0.143844 -3.040973 -10.545978 -0.082954 0.112472 -0.023707 -13.733449 25.929924 10.222687 -0.113228 0.046853 -0.008472 -24.317126 33.967559 58.867201 -0.260128 -0.014369 -0.031268 104.862597 65.321286 -140.125019 -0.269109 0.006794 -0.006027 -8.970682 7.324423 -13.116966 -0.088754 -0.008652 -0.010107 -1.775199 5.792780 11.383026 
-0.195672 -0.090931 2.579474 -0.000000 0.000000 -0.000000 -0.197846 0.881792 2.608058 -175.463544 -4.074341 0.348427 0.058581 -0.082280 -0.017664 -6.265861 -3.688506 13.469052 0.043451 -0.386469 0.008037 27.504309 -3.256864 1.233544 -0.014790 -0.426874 -0.037427 -0.779067 8.600994 -3.927323 0.041054 -0.060286 0.122043 -16.354669 12.579439 10.045569 -0.060310 -0.090513 -0.013542 -4.328169 -0.528498 3.358420 -0.043257 -0.383688 -0.004843 30.807503 4.512752 9.522406 0.019056 -0.420045 -0.034562 -6.974741 -6.148350 8.498229 -0.034840 -0.062106 0.130323 -7.154992 4.952961 -9.191518 0.004439 0.124404 -0.038385 5.250724 1.530013 0.231031 0.004488 0.137957 0.026820 -0.057149 -0.776650 4.145812 -0.002265 0.056032 0.002855 2.690663 -1.263441 7.922035 -0.013390 0.211636 -0.033467 4.807065 7.076998 4.689937 0.010113 0.088937 0.050410 16.693425 -2.815682 1.936146 0.071702 0.114000 -0.018898 -12.372887 -24.555304 -6.267339 0.122922 0.045205 -0.019047 -26.490926 -32.632093 -50.081594 0.255331 -0.015649 -0.022947 86.733246 -69.457157 117.304647 0.265709 0.012698 -0.007376 -11.765457 -7.855357 14.104845 0.086691 -0.010636 -0.015594 -0.316082 -3.051226 -10.516602 -0.082954 0.112472 -0.023707 -13.671569 25.818947 10.756074 -0.113228 0.046853 -0.008472 -24.859665 33.918887 60.907426 -0.260127 -0.014369 -0.031269 104.531653 65.129002 -139.177754 -0.269109 0.006794 -0.006027 -9.147420 7.354847 -12.905686 -0.088754 -0.008652 -0.010107 -1.716533 5.789263 11.407280 
-0.195672 -0.090931 2.579474 -0.000000 0.000000 -0.000000 -0.197846 0.881792 2.608058 -175.463544 -4.074341 0.348427 0.058581 -0.082280 -0.017664 -5.712089 -3.940213 14.692514 0.043452 -0.386469 0.008037 27.375540 -3.272806 1.813924 -0.014790 -0.426874 -0.037427 -0.507675 8.969586 -4.118744 0.041054 -0.060286 0.122043 -16.432706 12.263895 10.219005 -0.060310 -0.090513 -0.013542 -3.852027 -0.814923 4.785313 -0.043257 -0.383688 -0.004843 30.138930 4.080576 10.379156 0.019055 -0.420045 -0.034562 -7.194160 -5.977091 8.158230 -0.034840 -0.062105 0.130323 -7.083338 4.630678 -8.695183 0.004439 0.124404 -0.038385 5.072552 1.535304 -0.407973 0.004488 0.137956 0.026821 0.083834 -0.801877 4.399391 -0.002265 0.056032 0.002855 2.737293 -1.424441 9.183938 -0.013390 0.211636 -0.033467 5.378675 6.881650 5.066418 0.010113 0.088937 0.050410 16.784567 -3.271304 2.577828 0.071703 0.114000 -0.018898 -12.204267 -24.493195 -5.950086 0.122921 0.045205 -0.019046 -26.128441 -32.737575 -50.517667 0.255332 -0.015648 -0.022947 86.728076 -69.427814 116.737727 0.265709 0.012698 -0.007375 -11.674391 -7.868879 13.990682 0.086691 -0.010636 -0.015595 -0.435229 -3.061514 -10.487585 -0.082954 0.112472 -0.023707 -13.516961 25.745478 11.071063 -0.113229 0.046853 -0.008472 -25.320838 33.926284 62.589490 -0.260128 -0.014370 -0.031269 103.979453 65.095753 -138.062316 -0.269109 0.006794 -0.006027 -9.219983 7.367311 -12.699755 -0.088754 -0.008652 -0.010107 -1.689895 5.777494 11.421308 
-0.195672 -0.090931 2.579474 -0.000000 0.000000 -0.000000 -0.197846 0.881792 2.608058 -175.463544 -4.074341 0.348427 0.058581 -0.082280 -0.017664 -5.347102 -4.023003 15.427820 0.043451 -0.386470 0.008036 27.340385 -3.213072 2.127503 -0.014790 -0.426874 -0.037428 -0.391335 9.193873 -4.259173 0.041054 -0.060286 0.122042 -16.495534 11.978537 10.292097 -0.060310 -0.090513 -0.013542 -3.439017 -1.058337 5.733750 -0.043257 -0.383688 -0.004843 29.556428 3.671119 10.903716 0.019056 -0.420045 -0.034561 -7.348519 -5.936485 7.874396 -0.034840 -0.062105 0.130323 -7.009412 4.388237 -8.349553 0.004439 0.124403 -0.038385 4.942757 1.538797 -0.882209 0.004488 0.137956 0.026820 0.239486 -0.816129 4.564346 -0.002265 0.056032 0.002855 2.828799 -1.491133 10.128706 -0.013390 0.211636 -0.033467 5.887505 6.688089 5.118632 0.010113 0.088937 0.050410 16.853668 -3.562643 2.905691 0.071702 0.114000 -0.018898 -12.046672 -24.438934 -5.707172 0.122921 0.045205 -0.019046 -25.899430 -32.849426 -51.109701 0.255332 -0.015649 -0.022946 86.727427 -69.383076 116.199604 0.265709 0.012698 -0.007374 -11.639901 -7.875962 13.822317 0.086690 -0.010636 -0.015594 -0.524094 -3.068896 -10.458246 -0.082954 0.112472 -0.023707 -13.278692 25.659714 11.175079 -0.113228 0.046853 -0.008472 -25.681491 33.906210 63.882035 -0.260128 -0.014369 -0.031269 103.214342 65.215404 -136.818347 -0.269109 0.006794 -0.006027 -9.194757 7.357134 -12.500336 -0.088754 -0.008651 -0.010108 -1.700107 5.758135 11.427680 
-0.195672 -0.090931 2.579474 -0.000000 0.000000 -0.000000 -0.197846 0.881792 2.608058 -175.463544 -4.074341 0.348427 0.058581 -0.082280 -0.017664 -5.162819 -3.959882 15.692214 0.043452 -0.386469 0.008037 27.407382 -3.084615 2.182683 -0.014790 -0.426874 -0.037428 -0.394457 9.313340 -4.342238 0.041054 -0.060286 0.122043 -16.528986 11.712610 10.266184 -0.060310 -0.090513 -0.013542 -3.104067 -1.284565 6.292016 -0.043257 -0.383688 -0.004843 29.024745 3.282269 11.149179 0.019055 -0.420045 -0.034562 -7.434982 -6.033656 7.649482 -0.034840 -0.062106 0.130324 -6.923571 4.240536 -8.160675 0.004439 0.124403 -0.038385 4.880993 1.532771 -1.206307 0.004488 0.137956 0.026820 0.384117 -0.823350 4.641376 -0.002265 0.056033 0.002854 2.967132 -1.475680 10.777421 -0.013390 0.211635 -0.033467 6.358531 6.466758 4.921298 0.010113 0.088937 0.050410 16.899321 -3.707334 2.973765 0.071702 0.114000 -0.018898 -11.884498 -24.346967 -5.521512 0.122922 0.045205 -0.019045 -25.761016 -32.952794 -51.776345 0.255332 -0.015649 -0.022946 86.723376 -69.328449 115.640990 0.265710 0.012698 -0.007375 -11.638187 -7.874338 13.597404 0.086690 -0.010636 -0.015595 -0.599223 -3.073747 -10.428758 -0.082954 0.112472 -0.023707 -12.959951 25.507526 11.054922 -0.113228 0.046853 -0.008472 -25.915575 33.808186 64.738582 -0.260127 -0.014370 -0.031269 102.124606 65.520714 -135.333614 -0.269108 0.006794 -0.006026 -9.064406 7.325141 -12.304331 -0.088754 -0.008651 -0.010107 -1.749370 5.733925 11.427352 
-0.195672 -0.090931 2.579474 -0.000000 0.000000 -0.000000 -0.197846 0.881792 2.608058 -175.463544 -4.074341 0.348427 0.058581 -0.082280 -0.017664 -5.163874 -3.738590 15.518180 0.043452 -0.386470 0.008037 27.584411 -2.875097 1.972749 -0.014790 -0.426875 -0.037429 -0.502380 9.365298 -4.361168 0.041054 -0.060286 0.122042 -16.531771 11.457923 10.142663 -0.060310 -0.090513 -0.013542 -2.860270 -1.529209 6.516470 -0.043257 -0.383688 -0.004844 28.535321 2.907804 11.155903 0.019055 -0.420045 -0.034561 -7.462772 -6.290359 7.479814 -0.034840 -0.062105 0.130324 -6.812957 4.191443 -8.133433 0.004439 0.124403 -0.038385 4.906526 1.513796 -1.390860 0.004488 0.137957 0.026821 0.506287 -0.824685 4.620175 -0.002265 0.056032 0.002856 3.163937 -1.387571 11.130616 -0.013390 0.211636 -0.033467 6.819458 6.173018 4.557439 0.010113 0.088938 0.050410 16.926964 -3.704136 2.840474 0.071703 0.114000 -0.018898 -11.714898 -24.172564 -5.395974 0.122921 0.045205 -0.019047 -25.666319 -33.024139 -52.498565 0.255333 -0.015649 -0.022946 86.782054 -69.246568 115.093455 0.265709 0.012698 -0.007375 -11.674869 -7.861575 13.299710 0.086691 -0.010636 -0.015594 -0.668932 -3.076659 -10.399728 -0.082953 0.112473 -0.023707 -12.570852 25.243367 10.674750 -0.113228 0.046853 -0.008472 -26.012084 33.588316 65.069655 -0.260127 -0.014369 -0.031269 100.455164 66.092981 -133.371615 -0.269109 0.006794 -0.006027 -8.806412 7.266608 -12.105568 -0.088754 -0.008652 -0.010107 -1.840493 5.706852 11.419059 
-0.195672 -0.090931 2.579474 -0.000000 0.000000 -0.000000 -0.197846 0.881792 2.608058 -175.463544 -4.074341 0.348427 0.058581 -0.082280 -0.017664 -5.334324 -3.357117 14.999589 0.043451 -0.386469 0.008037 27.853226 -2.595601 1.525369 -0.014790 -0.426875 -0.037428 -0.689188 9.399012 -4.325747 0.041054 -0.060286 0.122043 -16.504293 11.215843 9.942989 -0.060310 -0.090513 -0.013542 -2.740869 -1.805401 6.427550 -0.043257 -0.383688 -0.004844 28.127247 2.573752 10.962890 0.019055 -0.420045 -0.034562 -7.458878 -6.710091 7.369585 -0.034840 -0.062105 0.130322 -6.664271 4.231616 -8.269700 0.004439 0.124403 -0.038385 5.040140 1.478047 -1.441860 0.004488 0.137956 0.026820 0.600445 -0.820930 4.484713 -0.002265 0.056032 0.002855 3.424362 -1.245885 11.140470 -0.013390 0.211636 -0.033468 7.273970 5.776142 4.156108 0.010113 0.088937 0.050410 16.941429 -3.529831 2.600221 0.071702 0.114000 -0.018898 -11.553341 -23.890427 -5.345537 0.122921 0.045205 -0.019046 -25.554685 -33.032854 -53.210193 0.255332 -0.015649 -0.022946 87.033788 -69.118202 114.691334 0.265710 0.012698 -0.007375 -11.756729 -7.843167 12.926528 0.086691 -0.010636 -0.015595 -0.735485 -3.074177 -10.369966 -0.082954 0.112472 -0.023708 -12.145406 24.833222 9.995839 -0.113228 0.046853 -0.008472 -25.927712 33.213974 64.674453 -0.260128 -0.014369 -0.031269 97.925945 66.988214 -130.675138 -0.269108 0.006794 -0.006027 -8.406363 7.181907 -11.899166 -0.088754 -0.008651 -0.010107 -1.969353 5.676440 11.395379 
-0.195672 -0.090931 2.579474 -0.000000 0.000000 -0.000000 -0.197846 0.881792 2.608058 -175.463544 -4.074341 0.348427 0.058581 -0.082280 -0.017664 -5.592390 -2.820660 14.178756 0.043452 -0.386469 0.008036 28.169464 -2.280519 0.887518 -0.014790 -0.426874 -0.037428 -0.948562 9.445322 -4.250638 0.041054 -0.060286 0.122043 -16.465918 10.975862 9.675471 -0.060310 -0.090513 -0.013542 -2.779837 -2.101325 6.065311 -0.043257 -0.383688 -0.004843 27.805056 2.297787 10.593561 0.019056 -0.420045 -0.034562 -7.471496 -7.288302 7.323839 -0.034840 -0.062105 0.130324 -6.471600 4.363833 -8.565807 0.004439 0.124403 -0.038385 5.262315 1.413093 -1.361041 0.004488 0.137956 0.026821 0.650997 -0.822075 4.220728 -0.002265 0.056032 0.002856 3.759747 -1.090006 10.743038 -0.013390 0.211636 -0.033467 7.673824 5.297206 3.804475 0.010113 0.088938 0.050410 16.932522 -3.134919 2.313096 0.071703 0.114000 -0.018898 -11.408724 -23.513551 -5.350426 0.122921 0.045205 -0.019046 -25.384231 -32.982331 -53.882433 0.255331 -0.015649 -0.022947 87.548443 -68.936205 114.490452 0.265709 0.012698 -0.007374 -11.884158 -7.834995 12.475948 0.086690 -0.010636 -0.015594 -0.789916 -3.062598 -10.330828 -0.082954 0.112472 -0.023708 -11.720090 24.264286 8.966968 -0.113229 0.046853 -0.008472 -25.591566 32.653820 63.316783 -0.260128 -0.014369 -0.031269 94.118470 68.231869 -126.832829 -0.269108 0.006794 -0.006027 -7.863828 7.079741 -11.671872 -0.088753 -0.008651 -0.010107 -2.122032 5.638535 11.343132 
-0.195672 -0.090931 2.579474 -0.000000 0.000000 -0.000000 -0.197846 0.881792 2.608058 -175.463544 -4.074341 0.348427 0.058581 -0.082280 -0.017664 -5.863509 -2.148299 13.152572 0.043451 -0.386469 0.008036 28.465908 -1.969065 0.134957 -0.014790 -0.426874 -0.037428 -1.257912 9.519506 -4.168554 0.041054 -0.060286 0.122043 -16.439010 10.728202 9.369521 -0.060310 -0.090513 -0.013542 -3.007105 -2.392837 5.505780 -0.043257 -0.383688 -0.004842 27.585642 2.091377 10.095459 0.019056 -0.420045 -0.034562 -7.545788 -7.986199 7.348433 -0.034840 -0.062106 0.130323 -6.243593 4.586633 -8.998413 0.004439 0.124403 -0.038385 5.530467 1.308592 -1.168701 0.004488 0.137957 0.026820 0.638936 -0.843550 3.836573 -0.002265 0.056032 0.002855 4.152627 -0.987831 9.931717 -0.013390 0.211635 -0.033468 7.941983 4.800004 3.555271 0.010113 0.088938 0.050410 16.867415 -2.506776 2.024375 0.071703 0.114000 -0.018898 -11.286728 -23.089793 -5.360654 0.122921 0.045205 -0.019046 -25.140837 -32.896284 -54.450374 0.255332 -0.015649 -0.022946 88.351659 -68.704367 114.529384 0.265710 0.012698 -0.007376 -12.041081 -7.854283 11.962387 0.086691 -0.010636 -0.015594 -0.823546 -3.038646 -10.272549 -0.082954 0.112472 -0.023708 -11.343777 23.567494 7.590189 -0.113228 0.046853 -0.008472 -24.965685 31.897287 60.857054 -0.260127 -0.014369 -0.031269 88.699466 69.722954 -121.500295 -0.269108 0.006794 -0.006027 -7.201993 6.975050 -11.414834 -0.088754 -0.008651 -0.010107 -2.279364 5.588887 11.249970 
-0.195672 -0.090931 2.579474 -0.000000 0.000000 -0.000000 -0.197846 0.881792 2.608058 -175.463544 -4.074341 0.348427 0.058581 -0.082280 -0.017664 -6.118593 -1.309995 11.952044 0.043451 -0.386469 0.008037 28.706493 -1.665853 -0.695432 -0.014790 -0.426874 -0.037427 -1.620135 9.647223 -4.102014 0.041054 -0.060286 0.122042 -16.445967 10.452155 9.052004 -0.060310 -0.090513 -0.013542 -3.426482 -2.671488 4.797017 -0.043257 -0.383688 -0.004842 27.484661 1.954700 9.485073 0.019056 -0.420045 -0.034562 -7.703770 -8.794972 7.452616 -0.034840 -0.062105 0.130323 -5.987011 4.913788 -9.572702 0.004439 0.124404 -0.038385 5.828650 1.148554 -0.885916 0.004488 0.137957 0.026820 0.555354 -0.909960 3.332858 -0.002265 0.056032 0.002854 4.577408 -1.024202 8.671892 -0.013390 0.211635 -0.033467 8.031660 4.324701 3.436690 0.010113 0.088937 0.050409 16.688669 -1.623525 1.771684 0.071703 0.114000 -0.018898 -11.174458 -22.622041 -5.322839 0.122921 0.045205 -0.019046 -24.787906 -32.776900 -54.803327 0.255331 -0.015649 -0.022946 89.434743 -68.429883 114.777477 0.265709 0.012698 -0.007374 -12.204212 -7.918049 11.382065 0.086690 -0.010636 -0.015594 -0.835953 -2.998272 -10.186583 -0.082954 0.112472 -0.023707 -11.026638 22.727958 5.825822 -0.113228 0.046853 -0.008472 -23.980953 30.872489 57.078863 -0.260127 -0.014369 -0.031269 81.023577 71.326764 -113.984553 -0.269108 0.006794 -0.006027 -6.405441 6.879671 -11.111505 -0.088754 -0.008652 -0.010107 -2.436128 5.523160 11.102324 
-0.195672 -0.090931 2.579474 -0.000000 0.000000 -0.000000 -0.197846 0.881792 2.608058 -175.463544 -4.074341 0.348427 0.058581 -0.082280 -0.017664 -6.342160 -0.263244 10.605660 0.043451 -0.386469 0.008038 28.847946 -1.373890 -1.565288 -0.014790 -0.426874 -0.037428 -2.062995 9.882968 -4.057771 0.041054 -0.060286 0.122043 -16.503552 10.127576 8.752773 -0.060310 -0.090513 -0.013542 -3.989508 -2.933253 3.983041 -0.043257 -0.383688 -0.004842 27.495297 1.892671 8.775233 0.019055 -0.420046 -0.034561 -7.942787 -9.708269 7.656041 -0.034840 -0.062105 0.130323 -5.722348 5.363293 -10.305631 0.004439 0.124404 -0.038385 6.134105 0.910466 -0.540926 0.004488 0.137956 0.026820 0.403691 -1.055422 2.713784 -0.002265 0.056032 0.002855 5.003141 -1.300423 6.962743 -0.013390 0.211636 -0.033467 7.923091 3.913531 3.465424 0.010113 0.088938 0.050410 16.336686 -0.483469 1.622637 0.071703 0.114000 -0.018898 -11.048525 -22.093744 -5.160771 0.122921 0.045205 -0.019046 -24.286035 -32.614222 -54.773824 0.255332 -0.015649 -0.022947 90.691730 -68.146573 115.106651 0.265710 0.012698 -0.007375 -12.334963 -8.039816 10.746502 0.086691 -0.010636 -0.015595 -0.828004 -2.936473 -10.064168 -0.082954 0.112473 -0.023707 -10.761451 21.699542 3.654999 -0.113228 0.046853 -0.008472 -22.574513 29.421637 51.912685 -0.260127 -0.014370 -0.031269 70.387777 72.752901 -103.482338 -0.269109 0.006794 -0.006027 -5.474297 6.808682 -10.740402 -0.088754 -0.008651 -0.010107 -2.588576 5.439529 10.888057 
-0.195672 -0.090931 2.579474 -0.000000 0.000000 -0.000000 -0.197846 0.881792 2.608058 -175.463544 -4.074341 0.348427 0.058581 -0.082280 -0.017664 -6.520653 1.044279 9.216165 0.043451 -0.386470 0.008037 28.879017 -1.120340 -2.453661 -0.014790 -0.426875 -0.037429 -2.614932 10.303301 -4.041521 0.041054 -0.060286 0.122042 -16.617642 9.734939 8.506359 -0.060310 -0.090513 -0.013542 -4.607898 -3.185160 3.078114 -0.043257 -0.383688 -0.004843 27.612711 1.935848 8.008257 0.019055 -0.420045 -0.034562 -8.261308 -10.713521 7.982266 -0.034840 -0.062106 0.130324 -5.480672 5.943516 -11.216891 0.004439 0.124403 -0.038385 6.411765 0.565781 -0.149330 0.004488 0.137956 0.026820 0.208018 -1.301751 1.989095 -0.002265 0.056032 0.002855 5.438350 -1.928737 4.870572 -0.013390 0.211635 -0.033468 7.582193 3.625104 3.633877 0.010113 0.088937 0.050409 15.746060 0.915784 1.637025 0.071702 0.114000 -0.018899 -10.866441 -21.485397 -4.795322 0.122922 0.045205 -0.019046 -23.588152 -32.413052 -54.247903 0.255331 -0.015649 -0.022947 92.151416 -67.857472 115.489032 0.265709 0.012698 -0.007374 -12.402261 -8.230409 10.070157 0.086691 -0.010636 -0.015594 -0.795304 -2.844090 -9.892091 -0.082954 0.112472 -0.023708 -10.547067 20.429702 1.104127 -0.113228 0.046853 -0.008472 -20.754599 27.297163 45.485071 -0.260127 -0.014369 -0.031269 56.492098 73.547197 -89.549476 -0.269108 0.006794 -0.006027 -4.439673 6.776443 -10.265338 -0.088754 -0.008652 -0.010107 -2.728819 5.332055 10.593354 
-0.195672 -0.090931 2.579474 -0.000000 0.000000 -0.000000 -0.197846 0.881792 2.608058 -175.463544 -4.074341 0.348427 0.058581 -0.082280 -0.017664 -6.652950 2.682278 7.879802 0.043451 -0.386470 0.008037 28.848240 -0.937768 -3.371763 -0.014790 -0.426874 -0.037428 -3.257245 10.956987 -4.077436 0.041054 -0.060286 0.122042 -16.791622 9.262318 8.349012 -0.060310 -0.090513 -0.013542 -5.229641 -3.424687 2.063981 -0.043257 -0.383688 -0.004843 27.851433 2.143944 7.210988 0.019056 -0.420045 -0.034562 -8.688395 -11.803010 8.447803 -0.034840 -0.062105 0.130323 -5.296813 6.653718 -12.336335 0.004439 0.124404 -0.038385 6.633407 0.085332 0.298461 0.004488 0.137956 0.026820 -0.007556 -1.661260 1.166664 -0.002265 0.056033 0.002854 5.951040 -3.053547 2.428309 -0.013390 0.211636 -0.033468 6.926759 3.526616 3.911880 0.010113 0.088937 0.050409 14.837655 2.613414 1.821030 0.071702 0.114000 -0.018899 -10.578326 -20.762491 -4.228521 0.122921 0.045205 -0.019046 -22.633471 -32.150776 -53.251765 0.255332 -0.015649 -0.022946 93.813447 -67.553207 115.847644 0.265710 0.012698 -0.007375 -12.402339 -8.486918 9.352593 0.086691 -0.010636 -0.015595 -0.742869 -2.712804 -9.663645 -0.082954 0.112472 -0.023707 -10.426174 18.894641 -1.732262 -0.113228 0.046853 -0.008473 -18.619386 24.194576 37.938453 -0.260128 -0.014369 -0.031269 39.817090 73.146169 -72.526733 -0.269109 0.006794 -0.006027 -3.329360 6.783340 -9.649131 -0.088754 -0.008652 -0.010107 -2.857566 5.194741 10.209260 
-0.195672 -0.090931 2.579474 -0.000000 0.000000 -0.000000 -0.197846 0.881792 2.608058 -175.463544 -4.074341 0.348427 0.058581 -0.082280 -0.017664 -6.764898 4.546130 6.708872 0.043451 -0.386469 0.008036 28.844948 -0.856919 -4.284963 -0.014790 -0.426875 -0.037428 -3.868596 11.744532 -4.204573 0.041054 -0.060286 0.122043 -17.006551 8.742739 8.311976 -0.060310 -0.090513 -0.013542 -5.861215 -3.614043 0.999668 -0.043257 -0.383688 -0.004843 28.232269 2.540250 6.441602 0.019056 -0.420046 -0.034562 -9.241960 -12.889565 9.018174 -0.034840 -0.062106 0.130323 -5.195485 7.431340 -13.606270 0.004439 0.124404 -0.038385 6.774977 -0.498103 0.771911 0.004488 0.137956 0.026821 -0.231245 -2.096145 0.308386 -0.002265 0.056033 0.002856 6.531650 -4.635863 -0.128126 -0.013390 0.211636 -0.033468 5.944271 3.657573 4.223388 0.010113 0.088937 0.050409 13.643649 4.522498 2.116923 0.071703 0.114000 -0.018899 -10.189748 -19.912124 -3.584701 0.122921 0.045205 -0.019045 -21.457260 -31.802645 -51.888056 0.255332 -0.015650 -0.022946 95.257370 -67.341301 115.819805 0.265710 0.012698 -0.007375 -12.363262 -8.759756 8.623642 0.086691 -0.010636 -0.015594 -0.687591 -2.546665 -9.392150 -0.082954 0.112473 -0.023708 -10.417706 17.194284 -4.552628 -0.113228 0.046853 -0.008472 -16.540512 20.192445 29.934926 -0.260127 -0.014369 -0.031269 23.437924 71.111811 -55.477177 -0.269108 0.006794 -0.006027 -2.226889 6.806049 -8.915692 -0.088754 -0.008651 -0.010107 -2.973845 5.033776 9.760563 
-0.195672 -0.090931 2.579474 -0.000000 0.000000 -0.000000 -0.197846 0.881792 2.608058 -175.463544 -4.074341 0.348427 0.058581 -0.082280 -0.017664 -6.858860 6.471889 5.736428 0.043451 -0.386469 0.008037 28.927627 -0.892420 -5.176631 -0.014790 -0.426875 -0.037428 -4.352866 12.547611 -4.442665 0.041055 -0.060286 0.122043 -17.215917 8.200579 8.388409 -0.060310 -0.090513 -0.013542 -6.543679 -3.741479 -0.068421 -0.043257 -0.383688 -0.004843 28.778654 3.078449 5.761619 0.019056 -0.420046 -0.034562 -9.923409 -13.911731 9.639106 -0.034840 -0.062105 0.130323 -5.152284 8.221828 -14.948463 0.004439 0.124404 -0.038385 6.838965 -1.126309 1.226706 0.004488 0.137957 0.026822 -0.473040 -2.549482 -0.520088 -0.002265 0.056033 0.002855 7.078550 -6.435828 -2.486028 -0.013390 0.211636 -0.033468 4.710193 4.005601 4.494943 0.010113 0.088938 0.050410 12.272214 6.503426 2.475908 0.071703 0.113999 -0.018899 -9.753598 -18.921513 -2.893053 0.122921 0.045205 -0.019046 -20.147762 -31.386212 -50.054423 0.255332 -0.015649 -0.022947 96.053367 -67.389092 115.073060 0.265709 0.012698 -0.007374 -12.295428 -9.002168 7.904435 0.086690 -0.010636 -0.015594 -0.628901 -2.349478 -9.077753 -0.082954 0.112472 -0.023708 -10.440865 15.371300 -7.218846 -0.113228 0.046853 -0.008473 -14.853932 15.682118 22.041297 -0.260127 -0.014369 -0.031269 10.308725 67.588075 -41.447412 -0.269109 0.006793 -0.006027 -1.196814 6.814743 -8.093161 -0.088754 -0.008651 -0.010107 -3.065860 4.851029 9.262452 
-0.195672 -0.090931 2.579474 -0.000000 0.000000 -0.000000 -0.197846 0.881792 2.608058 -175.463544 -4.074341 0.348427 0.058581 -0.082280 -0.017664 -6.938610 8.276674 5.010952 0.043451 -0.386470 0.008037 29.063261 -1.024049 -6.018742 -0.014790 -0.426874 -0.037428 -4.659249 13.271963 -4.782836 0.041054 -0.060286 0.122043 -17.376848 7.663313 8.558426 -0.060310 -0.090513 -0.013542 -7.245860 -3.839322 -1.116442 -0.043257 -0.383688 -0.004843 29.475453 3.674773 5.246083 0.019055 -0.420046 -0.034562 -10.679996 -14.814610 10.234517 -0.034839 -0.062105 0.130324 -5.135558 8.975849 -16.237072 0.004439 0.124403 -0.038385 6.846381 -1.730405 1.612686 0.004488 0.137956 0.026821 -0.732287 -2.978034 -1.250317 -0.002265 0.056032 0.002855 7.488414 -8.160216 -4.437608 -0.013390 0.211636 -0.033468 3.347762 4.559607 4.682100 0.010113 0.088937 0.050410 10.846095 8.367994 2.856435 0.071702 0.113999 -0.018898 -9.344818 -17.870780 -2.114935 0.122921 0.045205 -0.019046 -18.864544 -30.935487 -47.683060 0.255331 -0.015650 -0.022947 95.966262 -67.793316 113.542299 0.265710 0.012698 -0.007375 -12.161778 -9.193110 7.247715 0.086691 -0.010636 -0.015594 -0.562915 -2.129318 -8.727196 -0.082954 0.112472 -0.023708 -10.449928 13.548044 -9.623602 -0.113228 0.046853 -0.008472 -13.734044 11.295464 14.818297 -0.260127 -0.014369 -0.031270 1.352657 63.358515 -31.459288 -0.269108 0.006794 -0.006027 -0.319557 6.801541 -7.231651 -0.088754 -0.008651 -0.010107 -3.112861 4.648782 8.735272 
-0.195672 -0.090931 2.579474 -0.000000 0.000000 -0.000000 -0.197846 0.881792 2.608058 -175.463544 -4.074341 0.348427 0.058581 -0.082280 -0.017664 -7.063322 9.771067 4.699861 0.043451 -0.386469 0.008038 29.223087 -1.217113 -6.763810 -0.014790 -0.426874 -0.037427 -4.718200 13.807406 -5.243268 0.041054 -0.060286 0.122043 -17.429263 7.147295 8.859596 -0.060310 -0.090513 -0.013542 -7.855634 -3.958032 -2.156950 -0.043257 -0.383688 -0.004842 30.314422 4.239641 4.966490 0.019056 -0.420046 -0.034562 -11.413718 -15.529934 10.724883 -0.034840 -0.062106 0.130324 -5.128936 9.601715 -17.309146 0.004439 0.124404 -0.038385 6.812196 -2.220669 1.895918 0.004488 0.137956 0.026821 -0.994136 -3.318764 -1.819876 -0.002265 0.056032 0.002854 7.695733 -9.451366 -5.845248 -0.013390 0.211635 -0.033467 2.034027 5.307219 4.735929 0.010113 0.088938 0.050410 9.539143 9.917570 3.119458 0.071702 0.113999 -0.018898 -9.023622 -16.868245 -1.272273 0.122921 0.045205 -0.019046 -17.728326 -30.421895 -44.847668 0.255331 -0.015649 -0.022947 94.993916 -68.498888 111.412823 0.265709 0.012698 -0.007375 -11.896105 -9.320266 6.717419 0.086691 -0.010636 -0.015594 -0.539831 -1.909618 -8.386266 -0.082954 0.112472 -0.023707 -10.447226 11.974676 -11.633276 -0.113228 0.046853 -0.008473 -13.185025 7.924086 8.901963 -0.260127 -0.014369 -0.031269 -3.851057 59.735018 -25.224787 -0.269109 0.006794 -0.006027 0.303135 6.795028 -6.445430 -0.088754 -0.008652 -0.010107 -3.114538 4.436201 8.248093 
-0.195672 -0.090931 2.579474 -0.000000 0.000000 -0.000000 -0.197846 0.881792 2.608058 -175.463544 -4.074341 0.348427 0.058581 -0.082280 -0.017664 -7.300841 10.998367 4.925290 0.043451 -0.386469 0.008036 29.328552 -1.479244 -7.414037 -0.014790 -0.426875 -0.037428 -4.465291 14.166995 -5.908842 0.041055 -0.060286 0.122043 -17.345796 6.614725 9.382685 -0.060310 -0.090513 -0.013542 -8.360898 -4.139612 -3.272444 -0.043257 -0.383688 -0.004843 31.323244 4.777287 4.895043 0.019055 -0.420046 -0.034563 -12.155496 -16.080919 11.117520 -0.034840 -0.062105 0.130324 -5.131306 10.095846 -18.154213 0.004439 0.124403 -0.038385 6.722785 -2.566594 2.073760 0.004489 0.137956 0.026820 -1.267059 -3.544799 -2.246957 -0.002265 0.056032 0.002855 7.763364 -10.241124 -6.766107 -0.013390 0.211636 -0.033468 0.808652 6.310500 4.646553 0.010113 0.088937 0.050410 8.354736 11.194578 3.176908 0.071703 0.114000 -0.018898 -8.797006 -15.913615 -0.278029 0.122921 0.045205 -0.019046 -16.684188 -29.763871 -41.354910 0.255331 -0.015649 -0.022946 93.044361 -69.495945 108.616489 0.265709 0.012698 -0.007375 -11.444221 -9.401577 6.312441 0.086691 -0.010636 -0.015594 -0.609020 -1.689734 -8.066143 -0.082954 0.112472 -0.023708 -10.455134 10.701277 -13.336586 -0.113228 0.046853 -0.008472 -12.987394 5.755955 4.148195 -0.260128 -0.014369 -0.031268 -6.746114 57.325047 -21.326033 -0.269109 0.006794 -0.006027 0.666915 6.824150 -5.747071 -0.088754 -0.008651 -0.010107 -3.078699 4.205504 7.809944 
-0.195672 -0.090931 2.579474 -0.000000 0.000000 -0.000000 -0.197846 0.881792 2.608058 -175.463544 -4.074341 0.348427 0.058581 -0.082280 -0.017664 -7.733851 11.965104 5.762031 0.043451 -0.386469 0.008037 29.329689 -1.837889 -7.971714 -0.014790 -0.426875 -0.037428 -3.850160 14.356434 -6.835186 0.041055 -0.060286 0.122042 -17.103767 6.067141 10.193604 -0.060310 -0.090513 -0.013542 -8.791077 -4.387007 -4.556812 -0.043257 -0.383688 -0.004843 32.520675 5.318061 4.974598 0.019055 -0.420045 -0.034561 -12.919357 -16.454001 11.428097 -0.034840 -0.062105 0.130323 -5.161913 10.460882 -18.771113 0.004439 0.124403 -0.038385 6.559211 -2.733749 2.157571 0.004489 0.137956 0.026820 -1.545435 -3.630285 -2.516849 -0.002265 0.056033 0.002854 7.745214 -10.504634 -7.241845 -0.013390 0.211635 -0.033467 -0.259048 7.621280 4.379558 0.010113 0.088937 0.050410 7.356851 12.215103 2.902776 0.071703 0.114000 -0.018897 -8.680127 -14.990874 0.930799 0.122921 0.045205 -0.019046 -15.782300 -28.862884 -37.105057 0.255332 -0.015649 -0.022947 89.659538 -70.828064 104.801958 0.265709 0.012698 -0.007375 -10.786647 -9.432949 6.049268 0.086691 -0.010636 -0.015594 -0.787000 -1.469071 -7.775496 -0.082953 0.112473 -0.023707 -10.515210 9.787885 -14.710826 -0.113228 0.046853 -0.008472 -12.929172 4.799320 0.572636 -0.260127 -0.014369 -0.031268 -8.076510 56.419603 -19.025562 -0.269108 0.006794 -0.006027 0.748270 6.895975 -5.140837 -0.088754 -0.008651 -0.010107 -3.006803 3.957656 7.425323 
-0.195672 -0.090931 2.579474 -0.000000 0.000000 -0.000000 -0.197846 0.881792 2.608058 -175.463544 -4.074341 0.348427 0.058581 -0.082280 -0.017664 -8.526728 12.617332 7.369934 0.043451 -0.386469 0.008036 29.261476 -2.340329 -8.440847 -0.014790 -0.426874 -0.037428 -2.806413 14.382978 -8.094474 0.041054 -0.060286 0.122043 -16.682894 5.504746 11.382809 -0.060310 -0.090513 -0.013542 -9.176632 -4.686992 -6.117491 -0.043257 -0.383688 -0.004842 33.925447 5.906998 5.119112 0.019056 -0.420046 -0.034562 -13.707915 -16.651084 11.671689 -0.034840 -0.062105 0.130324 -5.252942 10.676308 -19.187446 0.004439 0.124403 -0.038385 6.321247 -2.660174 2.172783 0.004489 0.137957 0.026821 -1.817367 -3.509661 -2.632679 -0.002265 0.056032 0.002855 7.693248 -10.157278 -7.299083 -0.013390 0.211636 -0.033467 -1.079591 9.288362 3.869712 0.010113 0.088938 0.050410 6.637463 13.015595 2.164324 0.071703 0.114000 -0.018898 -8.662256 -13.985355 2.400654 0.122921 0.045205 -0.019046 -15.089783 -27.548702 -32.035442 0.255332 -0.015649 -0.022946 83.884839 -72.505060 99.147081 0.265709 0.012698 -0.007375 -9.924813 -9.387923 5.935594 0.086690 -0.010636 -0.015594 -1.092206 -1.245741 -7.522646 -0.082953 0.112472 -0.023707 -10.631896 9.253894 -15.737985 -0.113228 0.046854 -0.008472 -12.861612 4.984193 -1.741766 -0.260127 -0.014369 -0.031268 -8.136255 57.115910 -18.027470 -0.269108 0.006794 -0.006027 0.522808 7.007656 -4.622182 -0.088754 -0.008652 -0.010107 -2.908789 3.692098 7.104398 
-0.195672 -0.090931 2.579474 -0.000000 0.000000 -0.000000 -0.197846 0.881792 2.608058 -175.463544 -4.074341 0.348427 0.058581 -0.082280 -0.017664 -9.800083 12.685269 9.767242 0.043451 -0.386469 0.008037 29.071560 -3.009899 -8.725236 -0.014790 -0.426874 -0.037428 -1.345751 14.255401 -9.649114 0.041054 -0.060286 0.122043 -16.106127 4.943863 12.933024 -0.060310 -0.090513 -0.013542 -9.529820 -4.979303 -7.852893 -0.043257 -0.383688 -0.004843 35.362802 6.531301 5.200934 0.019056 -0.420046 -0.034562 -14.502507 -16.715390 11.837673 -0.034840 -0.062105 0.130324 -5.413598 10.739731 -19.406581 0.004439 0.124403 -0.038385 6.028855 -2.259306 2.111894 0.004489 0.137956 0.026820 -2.080693 -3.102028 -2.606751 -0.002265 0.056032 0.002855 7.665678 -9.068109 -6.897732 -0.013390 0.211636 -0.033467 -1.517588 11.297435 3.049376 0.010113 0.088937 0.050410 6.264746 13.623550 0.929018 0.071703 0.114000 -0.018898 -8.763008 -12.888949 4.137737 0.122922 0.045205 -0.019046 -14.775687 -25.812134 -26.243979 0.255331 -0.015649 -0.022947 74.341534 -74.331207 90.364270 0.265709 0.012698 -0.007375 -8.887539 -9.249128 5.988097 0.086690 -0.010636 -0.015595 -1.518111 -1.027322 -7.312226 -0.082954 0.112472 -0.023707 -10.740465 9.102255 -16.381922 -0.113228 0.046853 -0.008472 -12.711540 6.229654 -2.592488 -0.260128 -0.014369 -0.031269 -6.982865 59.319271 -18.311075 -0.269108 0.006793 -0.006027 -0.013415 7.148057 -4.197545 -0.088754 -0.008651 -0.010107 -2.790459 3.417646 6.858539 
-0.195672 -0.090931 2.579474 -0.000000 0.000000 -0.000000 -0.197846 0.881792 2.608058 -175.463544 -4.074341 0.348427 0.058581 -0.082280 -0.017664 -11.554971 11.874713 12.746057 0.043451 -0.386470 0.008037 28.774942 -3.825807 -8.771572 -0.014790 -0.426875 -0.037428 0.420937 13.920084 -11.357307 0.041054 -0.060286 0.122043 -15.406644 4.411168 14.715123 -0.060310 -0.090513 -0.013542 -9.905547 -5.187390 -9.661302 -0.043257 -0.383688 -0.004842 36.687350 7.137429 5.120123 0.019055 -0.420046 -0.034562 -15.273432 -16.711139 11.938739 -0.034840 -0.062105 0.130324 -5.646280 10.681342 -19.474452 0.004439 0.124404 -0.038385 5.738609 -1.505882 1.999482 0.004488 0.137957 0.026820 -2.354290 -2.386479 -2.455030 -0.002265 0.056033 0.002855 7.619265 -7.164485 -6.080481 -0.013390 0.211635 -0.033468 -1.494870 13.587297 1.844986 0.010113 0.088937 0.050410 6.248039 14.094338 -0.754100 0.071703 0.114000 -0.018898 -8.987815 -11.796252 6.029910 0.122922 0.045205 -0.019045 -14.994021 -23.838335 -20.003613 0.255332 -0.015649 -0.022946 59.471277 -75.784883 76.789454 0.265710 0.012698 -0.007375 -7.716551 -8.999164 6.166582 0.086691 -0.010636 -0.015594 -2.037239 -0.826097 -7.141407 -0.082953 0.112472 -0.023708 -10.757484 9.259556 -16.659890 -0.113228 0.046853 -0.008472 -12.483591 8.383533 -2.033336 -0.260127 -0.014369 -0.031268 -4.472706 62.760457 -20.080698 -0.269109 0.006794 -0.006027 -0.815857 7.295511 -3.861884 -0.088754 -0.008652 -0.010107 -2.667630 3.145433 6.697462 
-0.195672 -0.090931 2.579474 -0.000000 0.000000 -0.000000 -0.197846 0.881792 2.608058 -175.463544 -4.074341 0.348427 0.058581 -0.082280 -0.017664 -13.697765 10.022025 16.022037 0.043451 -0.386470 0.008037 28.461950 -4.782691 -8.611541 -0.014790 -0.426874 -0.037428 2.354258 13.303680 -13.071660 0.041054 -0.060286 0.122043 -14.604912 3.916466 16.595714 -0.060310 -0.090513 -0.013542 -10.318957 -5.296874 -11.493261 -0.043257 -0.383688 -0.004842 37.870472 7.685776 4.881569 0.019056 -0.420046 -0.034562 -16.023970 -16.692824 11.996981 -0.034839 -0.062105 0.130324 -5.963998 10.548045 -19.456113 0.004439 0.124404 -0.038385 5.530584 -0.416101 1.850173 0.004488 0.137956 0.026820 -2.633563 -1.378144 -2.176438 -0.002265 0.056033 0.002855 7.535498 -4.456503 -4.922865 -0.013390 0.211635 -0.033467 -1.022776 16.053576 0.191788 0.010113 0.088938 0.050410 6.510766 14.418820 -2.753252 0.071702 0.114000 -0.018898 -9.307448 -10.765088 7.969876 0.122921 0.045205 -0.019046 -15.699255 -21.786801 -13.567374 0.255332 -0.015649 -0.022946 38.586542 -75.930311 57.461343 0.265709 0.012698 -0.007375 -6.431786 -8.623758 6.407796 0.086690 -0.010636 -0.015595 -2.628373 -0.651825 -6.998581 -0.082954 0.112472 -0.023707 -10.596228 9.574849 -16.589869 -0.113228 0.046853 -0.008472 -12.214685 11.193834 -0.243659 -0.260128 -0.014369 -0.031269 -0.174853 66.962649 -23.775429 -0.269109 0.006794 -0.006027 -1.804164 7.427607 -3.595721 -0.088754 -0.008652 -0.010107 -2.557446 2.885028 6.617559 
-0.195672 -0.090931 2.579474 -0.000000 0.000000 -0.000000 -0.197846 0.881792 2.608058 -175.463544 -4.074341 0.348427 0.058581 -0.082280 -0.017664 -15.963337 7.240748 19.079205 0.043451 -0.386469 0.008037 28.159830 -5.812225 -8.344087 -0.014790 -0.426874 -0.037428 4.237033 12.418867 -14.617491 0.041054 -0.060286 0.122043 -13.729228 3.436257 18.380992 -0.060310 -0.090513 -0.013542 -10.703128 -5.410233 -13.184063 -0.043257 -0.383688 -0.004843 38.847900 8.139992 4.601657 0.019056 -0.420046 -0.034562 -16.822667 -16.762428 12.000913 -0.034840 -0.062105 0.130323 -6.343291 10.442920 -19.412893 0.004439 0.124404 -0.038385 5.474572 0.935788 1.652830 0.004488 0.137956 0.026820 -2.883972 -0.167804 -1.769873 -0.002265 0.056032 0.002855 7.575520 -1.117068 -3.576591 -0.013390 0.211636 -0.033466 -0.249118 18.410456 -1.913140 0.010113 0.088937 0.050410 6.863579 14.447804 -4.855239 0.071702 0.114000 -0.018898 -9.699326 -9.780907 9.943265 0.122921 0.045205 -0.019046 -16.731826 -19.620193 -7.166956 0.255332 -0.015649 -0.022946 16.043063 -73.646802 36.532800 0.265710 0.012698 -0.007375 -5.052761 -8.142513 6.670498 0.086690 -0.010636 -0.015594 -3.256497 -0.520574 -6.868331 -0.082954 0.112473 -0.023707 -10.280539 9.813125 -16.180865 -0.113228 0.046853 -0.008472 -12.022866 14.181820 2.451910 -0.260128 -0.014369 -0.031269 6.232230 71.247855 -29.762242 -0.269109 0.006794 -0.006027 -2.849401 7.530445 -3.373748 -0.088754 -0.008652 -0.010107 -2.464155 2.647630 6.592577 
-0.195672 -0.090931 2.579474 -0.000000 0.000000 -0.000000 -0.197846 0.881792 2.608058 -175.463544 -4.074341 0.348427 0.058581 -0.082280 -0.017664 -18.108129 3.997312 21.447381 0.043451 -0.386470 0.008037 27.935189 -6.816868 -8.086696 -0.014790 -0.426874 -0.037428 5.864748 11.382530 -15.904896 0.041054 -0.060286 0.122043 -12.838201 2.949702 19.954206 -0.060310 -0.090513 -0.013542 -10.999343 -5.611116 -14.697370 -0.043257 -0.383688 -0.004843 39.612871 8.549699 4.406209 0.019056 -0.420045 -0.034562 -17.665796 -16.901995 11.988765 -0.034840 -0.062106 0.130323 -6.775705 10.435088 -19.401309 0.004439 0.124403 -0.038385 5.578325 2.397840 1.483016 0.004488 0.137956 0.026821 -3.107057 1.096412 -1.255249 -0.002265 0.056032 0.002854 7.843827 2.428696 -2.318892 -0.013390 0.211636 -0.033467 0.563834 20.415767 -4.238616 0.010113 0.088938 0.050410 7.148354 14.127072 -6.877480 0.071702 0.114000 -0.018899 -10.098039 -8.710135 11.853570 0.122921 0.045205 -0.019046 -17.943680 -17.216457 -1.327628 0.255332 -0.015649 -0.022946 -1.212937 -68.784410 20.856131 0.265709 0.012698 -0.007375 -3.626512 -7.590846 6.929039 0.086691 -0.010636 -0.015594 -3.896690 -0.452432 -6.759810 -0.082954 0.112473 -0.023707 -9.958228 9.809793 -15.476348 -0.113228 0.046853 -0.008472 -11.943243 16.810550 5.641565 -0.260128 -0.014369 -0.031268 14.870374 74.892184 -38.055075 -0.269109 0.006794 -0.006027 -3.845332 7.598634 -3.183425 -0.088754 -0.008651 -0.010107 -2.407746 2.450646 6.604979 
-0.195672 -0.090931 2.579474 -0.000000 0.000000 -0.000000 -0.197846 0.881792 2.608058 -175.463544 -4.074341 0.348427 0.058581 -0.082280 -0.017664 -20.061936 0.583803 23.089386 0.043451 -0.386469 0.008038 27.784702 -7.796926 -7.823755 -0.014790 -0.426874 -0.037428 7.132489 10.313433 -16.904623 0.041054 -0.060286 0.122043 -11.964397 2.505310 21.319423 -0.060310 -0.090513 -0.013542 -11.245090 -5.868956 -16.119188 -0.043257 -0.383688 -0.004843 40.245121 8.984257 4.358175 0.019055 -0.420045 -0.034561 -18.453756 -17.006363 11.984726 -0.034839 -0.062106 0.130324 -7.243271 10.472557 -19.355547 0.004439 0.124404 -0.038385 5.791951 3.824137 1.419942 0.004488 0.137957 0.026821 -3.318974 2.299779 -0.677233 -0.002265 0.056032 0.002855 8.290098 5.775592 -1.267367 -0.013390 0.211635 -0.033467 1.262800 22.047828 -6.562845 0.010113 0.088937 0.050410 7.360223 13.501261 -8.752254 0.071703 0.114000 -0.018897 -10.380516 -7.487372 13.551026 0.122921 0.045205 -0.019046 -19.151770 -14.561084 3.534660 0.255332 -0.015649 -0.022946 -12.209597 -62.171298 11.362706 0.265709 0.012698 -0.007375 -2.240054 -6.997667 7.185691 0.086691 -0.010636 -0.015594 -4.533644 -0.443004 -6.680405 -0.082954 0.112472 -0.023707 -9.652042 9.588236 -14.503873 -0.113228 0.046853 -0.008472 -11.924810 18.945770 9.206012 -0.260127 -0.014369 -0.031269 25.500045 77.478299 -48.201885 -0.269109 0.006794 -0.006027 -4.777848 7.637412 -3.045259 -0.088754 -0.008652 -0.010107 -2.389263 2.303052 6.638824 
-0.195672 -0.090931 2.579474 -0.000000 0.000000 -0.000000 -0.197846 0.881792 2.608058 -175.463544 -4.074341 0.348427 0.058581 -0.082280 -0.017664 -21.575681 -2.446456 23.976944 0.043451 -0.386469 0.008037 27.722382 -8.659830 -7.558654 -0.014790 -0.426875 -0.037428 7.919814 9.443644 -17.547980 0.041054 -0.060285 0.122042 -11.189748 2.195067 22.356398 -0.060310 -0.090513 -0.013542 -11.441839 -6.103598 -17.361554 -0.043257 -0.383688 -0.004843 40.652647 9.362898 4.393973 0.019056 -0.420046 -0.034562 -18.965212 -17.105169 11.989574 -0.034840 -0.062105 0.130324 -7.643942 10.463460 -19.245345 0.004439 0.124403 -0.038385 6.015996 4.984170 1.455153 0.004488 0.137957 0.026821 -3.495805 3.267196 -0.183151 -0.002265 0.056032 0.002855 8.757424 8.434995 -0.460829 -0.013390 0.211636 -0.033468 1.806442 23.027742 -8.501071 0.010113 0.088938 0.050410 7.534982 12.614206 -10.221076 0.071703 0.114000 -0.018898 -10.498170 -6.321850 14.818401 0.122921 0.045205 -0.019047 -20.027209 -12.017492 6.965132 0.255332 -0.015649 -0.022946 -18.423453 -55.510030 6.304356 0.265709 0.012698 -0.007375 -1.109194 -6.470349 7.401279 0.086690 -0.010635 -0.015594 -5.097959 -0.467172 -6.630949 -0.082954 0.112472 -0.023707 -9.326200 9.362387 -13.441029 -0.113228 0.046853 -0.008472 -12.019220 20.612481 12.645584 -0.260127 -0.014369 -0.031269 35.980945 78.893350 -58.085773 -0.269109 0.006794 -0.006027 -5.542766 7.677660 -3.003758 -0.088754 -0.008652 -0.010107 -2.406550 2.207128 6.680196 
-0.195672 -0.090931 2.579474 -0.000000 0.000000 -0.000000 -0.197846 0.881792 2.608058 -175.463544 -4.074341 0.348427 0.058581 -0.082280 -0.017664 -22.665194 -4.843022 24.223382 0.043451 -0.386469 0.008037 27.804331 -9.295995 -7.287362 -0.014790 -0.426874 -0.037428 8.233039 8.939732 -17.871192 0.041054 -0.060286 0.122042 -10.568396 2.016033 23.014210 -0.060310 -0.090513 -0.013542 -11.541732 -6.280035 -18.316479 -0.043257 -0.383688 -0.004843 40.822507 9.641288 4.457048 0.019056 -0.420045 -0.034562 -19.138595 -17.234133 11.991598 -0.034840 -0.062105 0.130324 -7.916555 10.401543 -19.107377 0.004439 0.124403 -0.038385 6.220793 5.826534 1.534060 0.004488 0.137956 0.026820 -3.620360 3.974200 0.189671 -0.002265 0.056032 0.002854 9.157492 10.367256 0.163975 -0.013390 0.211636 -0.033467 2.293404 23.268043 -9.914733 0.010113 0.088937 0.050410 7.690488 11.525207 -11.219946 0.071702 0.114000 -0.018898 -10.517289 -5.393866 15.728887 0.122921 0.045205 -0.019046 -20.456650 -9.867853 9.128264 0.255332 -0.015649 -0.022946 -21.882917 -49.746873 3.438452 0.265710 0.012698 -0.007375 -0.273565 -6.068667 7.547049 0.086690 -0.010636 -0.015594 -5.548623 -0.503536 -6.596242 -0.082954 0.112473 -0.023707 -8.971691 9.288283 -12.544404 -0.113228 0.046853 -0.008473 -12.256613 22.026846 15.483561 -0.260128 -0.014369 -0.031269 44.508969 79.514207 -66.031660 -0.269108 0.006794 -0.006027 -6.075046 7.741125 -3.071300 -0.088754 -0.008652 -0.010107 -2.440063 2.147606 6.716610 
-0.195672 -0.090931 2.579474 -0.000000 0.000000 -0.000000 -0.197846 0.881792 2.608058 -175.463544 -4.074341 0.348427 0.058581 -0.082280 -0.017664 -23.398724 -6.454281 24.011812 0.043452 -0.386470 0.008037 28.012489 -9.652409 -7.042305 -0.014790 -0.426874 -0.037427 8.180630 8.835079 -17.943721 0.041054 -0.060286 0.122043 -10.119569 1.934427 23.307945 -0.060310 -0.090513 -0.013542 -11.556304 -6.383813 -18.914027 -0.043257 -0.383688 -0.004844 40.775061 9.841849 4.521621 0.019056 -0.420045 -0.034561 -19.011857 -17.371485 12.022830 -0.034840 -0.062106 0.130323 -8.046216 10.347886 -19.008973 0.004439 0.124404 -0.038385 6.398254 6.389378 1.626522 0.004488 0.137956 0.026820 -3.679671 4.456947 0.460579 -0.002265 0.056033 0.002855 9.512718 11.666626 0.679300 -0.013390 0.211636 -0.033467 2.722392 22.874596 -10.816341 0.010113 0.088938 0.050410 7.800114 10.323922 -11.799114 0.071702 0.114000 -0.018898 -10.489373 -4.748802 16.403932 0.122921 0.045205 -0.019046 -20.515363 -8.289791 10.462504 0.255332 -0.015649 -0.022947 -23.759030 -45.312523 1.708724 0.265709 0.012698 -0.007375 0.300906 -5.804609 7.632825 0.086691 -0.010636 -0.015594 -5.858736 -0.539443 -6.566038 -0.082954 0.112472 -0.023707 -8.651062 9.381886 -11.954858 -0.113228 0.046853 -0.008472 -12.566722 23.195280 17.398167 -0.260128 -0.014369 -0.031269 49.769983 79.717904 -70.829622 -0.269108 0.006794 -0.006027 -6.370275 7.818240 -3.215164 -0.088754 -0.008652 -0.010107 -2.471258 2.113969 6.738410 
-0.195672 -0.090931 2.579474 -0.000000 0.000000 -0.000000 -0.197846 0.881792 2.608058 -175.463544 -4.074341 0.348427 0.058581 -0.082280 -0.017664 -23.853493 -7.230174 23.518626 0.043451 -0.386469 0.008036 28.312712 -9.726258 -6.874574 -0.014790 -0.426874 -0.037428 7.884779 9.090972 -17.810878 0.041054 -0.060286 0.122042 -9.842087 1.921480 23.273745 -0.060310 -0.090513 -0.013542 -11.503903 -6.427279 -19.132104 -0.043257 -0.383688 -0.004842 40.502988 9.977475 4.562018 0.019055 -0.420046 -0.034561 -18.656831 -17.514840 12.094864 -0.034840 -0.062106 0.130323 -8.041858 10.365222 -18.981470 0.004439 0.124403 -0.038385 6.539766 6.751563 1.721610 0.004488 0.137956 0.026820 -3.686733 4.783765 0.632047 -0.002265 0.056032 0.002855 9.852789 12.505474 1.122439 -0.013390 0.211636 -0.033467 3.078785 21.953613 -11.283297 0.010113 0.088937 0.050410 7.841715 9.031258 -12.030901 0.071703 0.114000 -0.018898 -10.438126 -4.318773 16.935435 0.122921 0.045205 -0.019046 -20.356896 -7.287609 11.369986 0.255332 -0.015649 -0.022946 -24.757033 -42.196294 0.717854 0.265709 0.012698 -0.007375 0.667764 -5.647601 7.682411 0.086691 -0.010636 -0.015595 -6.037958 -0.569961 -6.540240 -0.082954 0.112472 -0.023707 -8.448311 9.578855 -11.677094 -0.113229 0.046853 -0.008472 -12.958307 24.099908 18.369825 -0.260128 -0.014369 -0.031269 51.808112 79.778310 -72.644471 -0.269109 0.006794 -0.006027 -6.458563 7.889965 -3.402925 -0.088754 -0.008652 -0.010107 -2.491850 2.100416 6.747464 
-0.195672 -0.090931 2.579474 -0.000000 0.000000 -0.000000 -0.197846 0.881792 2.608058 -175.463544 -4.074341 0.348427 0.058581 -0.082280 -0.017664 -24.122514 -7.083464 22.807743 0.043452 -0.386470 0.008038 28.664873 -9.473548 -6.852484 -0.014790 -0.426874 -0.037428 7.436312 9.726473 -17.506263 0.041054 -0.060286 0.122043 -9.735314 1.965928 22.927750 -0.060310 -0.090513 -0.013542 -11.384459 -6.427259 -18.943963 -0.043257 -0.383688 -0.004843 40.045549 10.092028 4.568562 0.019055 -0.420045 -0.034562 -18.118100 -17.672525 12.216611 -0.034839 -0.062105 0.130324 -7.906571 10.505458 -19.065126 0.004439 0.124404 -0.038385 6.639714 6.894606 1.829738 0.004488 0.137956 0.026820 -3.674183 4.935025 0.698310 -0.002265 0.056032 0.002855 10.153764 12.882760 1.445129 -0.013390 0.211635 -0.033467 3.322217 20.525509 -11.285370 0.010113 0.088937 0.050409 7.809293 7.681631 -11.885845 0.071703 0.113999 -0.018898 -10.420242 -4.082566 17.359346 0.122921 0.045205 -0.019046 -20.155396 -6.958104 11.895072 0.255332 -0.015649 -0.022947 -25.205741 -40.524489 0.300287 0.265709 0.012698 -0.007375 0.826724 -5.580851 7.683523 0.086691 -0.010636 -0.015594 -6.074675 -0.586177 -6.508464 -0.082954 0.112472 -0.023708 -8.389008 9.806716 -11.783251 -0.113229 0.046853 -0.008472 -13.388433 24.645711 18.200566 -0.260127 -0.014369 -0.031269 50.252263 79.784785 -71.188193 -0.269108 0.006794 -0.006027 -6.332893 7.927207 -3.584918 -0.088754 -0.008651 -0.010107 -2.494564 2.099081 6.723560 
-0.195672 -0.090931 2.579474 -0.000000 0.000000 -0.000000 -0.197846 0.881792 2.608058 -175.463544 -4.074341 0.348427 0.058581 -0.082280 -0.017664 -24.200547 -6.083183 21.886778 0.043451 -0.386470 0.008037 29.078400 -8.906816 -7.025580 -0.014790 -0.426874 -0.037428 6.861863 10.695676 -17.033054 0.041054 -0.060286 0.122042 -9.742925 2.049876 22.267313 -0.060310 -0.090513 -0.013542 -11.189223 -6.409529 -18.384759 -0.043257 -0.383688 -0.004844 39.458867 10.218037 4.578275 0.019055 -0.420046 -0.034562 -17.425539 -17.856005 12.391719 -0.034840 -0.062106 0.130324 -7.666162 10.786663 -19.266367 0.004439 0.124403 -0.038385 6.690660 6.792266 1.966957 0.004488 0.137957 0.026820 -3.689238 4.878445 0.679389 -0.002265 0.056032 0.002856 10.369854 12.793729 1.664088 -0.013390 0.211636 -0.033467 3.477496 18.538791 -10.813131 0.010114 0.088937 0.050410 7.727335 6.218535 -11.323584 0.071703 0.114000 -0.018898 -10.505816 -3.986420 17.675148 0.122921 0.045205 -0.019047 -20.048847 -7.285705 12.060905 0.255332 -0.015649 -0.022947 -25.313820 -40.211168 0.296208 0.265709 0.012698 -0.007374 0.802230 -5.594177 7.632606 0.086691 -0.010636 -0.015594 -5.971370 -0.587411 -6.466891 -0.082953 0.112472 -0.023707 -8.476976 10.021670 -12.272264 -0.113228 0.046853 -0.008472 -13.795701 24.810249 16.897799 -0.260128 -0.014370 -0.031269 45.281583 79.705091 -66.616112 -0.269108 0.006794 -0.006027 -5.997855 7.925557 -3.735532 -0.088753 -0.008651 -0.010107 -2.477977 2.109299 6.656207 
-0.195672 -0.090931 2.579474 -0.000000 0.000000 -0.000000 -0.197846 0.881792 2.608058 -175.463544 -4.074341 0.348427 0.058581 -0.082280 -0.017664 -23.997441 -4.422493 20.829943 0.043452 -0.386469 0.008037 29.570512 -8.109691 -7.389513 -0.014790 -0.426875 -0.037427 6.176805 11.861248 -16.401929 0.041054 -0.060286 0.122043 -9.810393 2.149466 21.334412 -0.060310 -0.090513 -0.013542 -10.916288 -6.409807 -17.564393 -0.043257 -0.383688 -0.004844 38.788672 10.368615 4.641843 0.019056 -0.420046 -0.034562 -16.611899 -18.039373 12.609577 -0.034840 -0.062105 0.130323 -7.370292 11.169050 -19.539455 0.004439 0.124404 -0.038385 6.675974 6.440470 2.129526 0.004488 0.137956 0.026820 -3.758042 4.598288 0.597571 -0.002265 0.056032 0.002855 10.469660 12.245396 1.818309 -0.013390 0.211635 -0.033468 3.617114 16.054969 -9.947235 0.010113 0.088937 0.050411 7.624053 4.639864 -10.367812 0.071703 0.113999 -0.018898 -10.692428 -3.986539 17.848556 0.122921 0.045205 -0.019045 -20.081885 -8.161224 11.928327 0.255332 -0.015649 -0.022947 -25.178266 -41.056486 0.636630 0.265710 0.012698 -0.007374 0.623321 -5.678419 7.535883 0.086691 -0.010636 -0.015594 -5.749119 -0.578381 -6.425332 -0.082954 0.112472 -0.023707 -8.717578 10.197778 -13.060110 -0.113228 0.046853 -0.008473 -14.172765 24.630128 14.729385 -0.260127 -0.014369 -0.031269 38.133472 79.454737 -60.089429 -0.269109 0.006794 -0.006027 -5.494086 7.901170 -3.851514 -0.088754 -0.008652 -0.010107 -2.442409 2.134415 6.554907 
-0.195672 -0.090931 2.579474 -0.000000 0.000000 -0.000000 -0.197846 0.881792 2.608058 -175.463544 -4.074341 0.348427 0.058581 -0.082280 -0.017664 -23.427713 -2.184401 19.633915 0.043451 -0.386470 0.008037 30.156921 -7.105234 -7.917674 -0.014790 -0.426874 -0.037429 5.359575 13.177669 -15.579492 0.041054 -0.060286 0.122043 -9.912868 2.276396 20.131858 -0.060310 -0.090513 -0.013542 -10.523847 -6.446626 -16.573264 -0.043257 -0.383688 -0.004843 37.991216 10.603034 4.805267 0.019056 -0.420046 -0.034562 -15.596296 -18.155722 12.887215 -0.034840 -0.062105 0.130323 -7.051253 11.607577 -19.853886 0.004439 0.124403 -0.038385 6.575312 5.792899 2.332615 0.004488 0.137957 0.026820 -3.880429 4.050379 0.464990 -0.002265 0.056032 0.002855 10.453163 11.180746 1.936227 -0.013390 0.211636 -0.033467 3.802337 12.960123 -8.736457 0.010113 0.088937 0.050410 7.536146 2.837987 -9.001429 0.071703 0.114000 -0.018898 -10.938484 -4.071357 17.841504 0.122921 0.045205 -0.019045 -20.245956 -9.534028 11.457810 0.255332 -0.015649 -0.022946 -24.754641 -43.074878 1.427989 0.265709 0.012698 -0.007375 0.242462 -5.831234 7.385087 0.086691 -0.010636 -0.015594 -5.381138 -0.558560 -6.386824 -0.082953 0.112473 -0.023707 -9.079330 10.342968 -14.111072 -0.113228 0.046853 -0.008473 -14.519652 24.128258 11.813806 -0.260127 -0.014369 -0.031269 29.319058 78.855620 -52.035950 -0.269109 0.006794 -0.006027 -4.834082 7.856239 -3.939862 -0.088754 -0.008652 -0.010107 -2.374872 2.177907 6.413503 
-0.195672 -0.090931 2.579474 -0.000000 0.000000 -0.000000 -0.197846 0.881792 2.608058 -175.463544 -4.074341 0.348427 0.058581 -0.082280 -0.017664 -22.361044 0.519359 18.252161 0.043452 -0.386469 0.008037 30.796251 -5.937462 -8.540830 -0.014790 -0.426874 -0.037428 4.306948 14.581814 -14.502206 0.041055 -0.060286 0.122042 -10.043114 2.463260 18.665568 -0.060310 -0.090513 -0.013542 -10.032615 -6.518623 -15.608306 -0.043257 -0.383688 -0.004844 36.988599 10.968848 5.099097 0.019056 -0.420046 -0.034561 -14.260765 -18.172656 13.293208 -0.034839 -0.062106 0.130323 -6.722956 12.063018 -20.233080 0.004439 0.124404 -0.038385 6.333355 4.795446 2.609865 0.004488 0.137956 0.026821 -4.063360 3.191846 0.283511 -0.002265 0.056032 0.002855 10.330610 9.533369 1.988372 -0.013390 0.211635 -0.033467 4.070851 9.193254 -7.140949 0.010113 0.088937 0.050410 7.530196 0.839662 -7.178109 0.071702 0.114000 -0.018897 -11.180380 -4.209365 17.578226 0.122921 0.045205 -0.019046 -20.518689 -11.266489 10.509701 0.255332 -0.015649 -0.022947 -23.882947 -46.326072 2.925462 0.265709 0.012698 -0.007375 -0.440049 -6.055122 7.155602 0.086690 -0.010636 -0.015594 -4.831331 -0.525024 -6.361492 -0.082954 0.112472 -0.023706 -9.539303 10.394679 -15.392854 -0.113228 0.046853 -0.008472 -14.834529 23.272295 8.191503 -0.260127 -0.014369 -0.031269 19.269354 77.661990 -42.814006 -0.269109 0.006794 -0.006027 -4.008422 7.783987 -3.997566 -0.088753 -0.008651 -0.010107 -2.270884 2.245074 6.226750 
-0.195672 -0.090931 2.579474 -0.000000 0.000000 -0.000000 -0.197846 0.881792 2.608058 -175.463544 -4.074341 0.348427 0.058581 -0.082280 -0.017664 -20.860050 3.522574 16.627660 0.043451 -0.386470 0.008036 31.467761 -4.675531 -9.177599 -0.014790 -0.426875 -0.037428 2.818440 15.984434 -13.143241 0.041055 -0.060286 0.122042 -10.222942 2.740387 16.997472 -0.060310 -0.090513 -0.013542 -9.577859 -6.578749 -15.009377 -0.043257 -0.383688 -0.004843 35.731687 11.486148 5.501495 0.019056 -0.420046 -0.034561 -12.502859 -18.072937 13.934331 -0.034840 -0.062105 0.130323 -6.376714 12.483181 -20.764286 0.004439 0.124403 -0.038385 5.951405 3.442882 2.989109 0.004488 0.137956 0.026820 -4.304614 2.030181 0.038354 -0.002265 0.056033 0.002855 10.121639 7.271585 1.852954 -0.013390 0.211636 -0.033468 4.378179 5.079685 -5.126787 0.010113 0.088937 0.050410 7.625527 -0.917792 -4.932653 0.071703 0.114000 -0.018899 -11.366236 -4.401391 16.974115 0.122921 0.045205 -0.019045 -20.851514 -13.211319 8.794469 0.255332 -0.015649 -0.022946 -22.259238 -50.773031 5.418254 0.265709 0.012698 -0.007375 -1.513343 -6.349073 6.851681 0.086691 -0.010636 -0.015595 -4.093565 -0.476426 -6.365914 -0.082954 0.112473 -0.023707 -10.056101 10.254125 -16.826091 -0.113228 0.046853 -0.008472 -15.098536 21.945181 3.947162 -0.260128 -0.014369 -0.031269 8.791568 75.543893 -33.165787 -0.269108 0.006794 -0.006027 -3.018422 7.678611 -4.026318 -0.088753 -0.008652 -0.010107 -2.162043 2.338382 6.006692 
-0.195672 -0.090931 2.579474 -0.000000 0.000000 -0.000000 -0.197846 0.881792 2.608058 -175.463544 -4.074341 0.348427 0.058581 -0.082280 -0.017664 -19.085531 6.892114 14.656789 0.043452 -0.386469 0.008036 32.132809 -3.340085 -9.753190 -0.014790 -0.426874 -0.037429 0.660281 17.464912 -11.504286 0.041054 -0.060286 0.122043 -10.503149 3.144377 15.202037 -0.060310 -0.090513 -0.013542 -9.323958 -6.433677 -15.041620 -0.043257 -0.383688 -0.004843 34.204385 12.260501 5.893544 0.019056 -0.420045 -0.034562 -10.257388 -17.738387 14.900121 -0.034840 -0.062105 0.130323 -5.959799 12.790149 -21.603952 0.004439 0.124403 -0.038385 5.507576 1.723275 3.498834 0.004488 0.137956 0.026820 -4.594641 0.597191 -0.293636 -0.002265 0.056032 0.002855 9.808008 4.302718 1.390209 -0.013390 0.211636 -0.033468 4.592470 0.906270 -2.560393 0.010113 0.088938 0.050410 7.755746 -1.965178 -2.244491 0.071702 0.114000 -0.018898 -11.488619 -4.656890 15.925476 0.122921 0.045205 -0.019047 -21.247866 -15.313482 5.759245 0.255332 -0.015649 -0.022947 -19.284317 -56.365644 9.323657 0.265709 0.012699 -0.007375 -3.042655 -6.705011 6.488567 0.086690 -0.010635 -0.015594 -3.184885 -0.419079 -6.417038 -0.082954 0.112472 -0.023707 -10.489060 9.835932 -18.333899 -0.113228 0.046853 -0.008472 -15.218899 19.942262 -0.744945 -0.260127 -0.014369 -0.031268 -1.037280 72.018703 -24.020344 -0.269108 0.006794 -0.006027 -1.854755 7.517704 -4.029131 -0.088754 -0.008651 -0.010107 -2.102983 2.462588 5.770657 
-0.195672 -0.090931 2.579474 -0.000000 0.000000 -0.000000 -0.197846 0.881792 2.608058 -175.463544 -4.074341 0.348427 0.058581 -0.082280 -0.017664 -17.255363 10.474863 12.431105 0.043451 -0.386469 0.008037 32.728672 -1.974471 -10.170867 -0.014790 -0.426875 -0.037429 -2.135974 19.062349 -9.665927 0.041054 -0.060286 0.122043 -10.919402 3.653346 13.444200 -0.060310 -0.090513 -0.013542 -9.433730 -5.917289 -15.811512 -0.043257 -0.383688 -0.004843 32.503426 13.324001 6.104012 0.019055 -0.420046 -0.034562 -7.652308 -17.102748 16.157868 -0.034840 -0.062105 0.130323 -5.451212 12.933072 -22.861642 0.004439 0.124404 -0.038385 5.158285 -0.266574 4.114117 0.004488 0.137957 0.026820 -4.856710 -1.008894 -0.666488 -0.002265 0.056032 0.002855 9.506661 0.758045 0.530192 -0.013390 0.211635 -0.033468 4.569304 -3.156224 0.682687 0.010113 0.088937 0.050410 7.825566 -2.173552 0.892986 0.071702 0.114000 -0.018898 -11.440131 -4.864721 14.431093 0.122921 0.045205 -0.019046 -21.689998 -17.190048 1.061353 0.255332 -0.015649 -0.022947 -14.278311 -62.220059 15.058549 0.265710 0.012699 -0.007375 -4.862504 -7.064356 6.098912 0.086690 -0.010636 -0.015594 -2.240514 -0.388328 -6.536453 -0.082954 0.112472 -0.023707 -10.693726 9.067191 -19.731535 -0.113228 0.046853 -0.008472 -15.153695 17.220403 -5.322900 -0.260127 -0.014369 -0.031269 -8.516402 67.286646 -16.909786 -0.269108 0.006794 -0.006027 -0.581216 7.290448 -4.002117 -0.088754 -0.008651 -0.010107 -2.157989 2.623931 5.569506 
-0.195672 -0.090931 2.579474 -0.000000 0.000000 -0.000000 -0.197846 0.881792 2.608058 -175.463544 -4.074341 0.348427 0.058581 -0.082280 -0.017664 -15.499415 13.560881 10.503871 0.043451 -0.386469 0.008036 33.194098 -0.728403 -10.352211 -0.014790 -0.426874 -0.037429 -5.128725 20.488614 -7.815876 0.041055 -0.060286 0.122042 -11.429074 4.175687 11.939911 -0.060310 -0.090513 -0.013542 -10.008502 -5.107027 -17.277431 -0.043257 -0.383688 -0.004842 30.841309 14.430542 6.011438 0.019055 -0.420046 -0.034562 -4.887511 -16.332867 17.611296 -0.034840 -0.062105 0.130324 -4.961214 12.948433 -24.431735 0.004439 0.124403 -0.038385 5.016488 -2.350785 4.770009 0.004489 0.137956 0.026820 -4.990544 -2.699263 -0.912771 -0.002265 0.056032 0.002855 9.497185 -3.017723 -0.588031 -0.013390 0.211636 -0.033467 4.200863 -7.011606 4.465115 0.010113 0.088938 0.050410 7.776616 -1.963583 4.318741 0.071702 0.114000 -0.018898 -11.039805 -4.956553 12.642281 0.122922 0.045205 -0.019046 -21.976393 -18.301179 -5.071389 0.255332 -0.015649 -0.022947 -6.886002 -67.163607 22.763187 0.265709 0.012699 -0.007375 -6.635731 -7.370410 5.717834 0.086691 -0.010636 -0.015594 -1.415215 -0.416704 -6.710864 -0.082954 0.112472 -0.023707 -10.655535 7.984789 -20.716971 -0.113228 0.046853 -0.008472 -14.883535 13.867109 -9.061162 -0.260128 -0.014369 -0.031269 -13.462766 62.190040 -11.841204 -0.269109 0.006794 -0.006027 0.689325 7.002939 -3.914906 -0.088754 -0.008651 -0.010107 -2.349094 2.814508 5.424269 
-0.195672 -0.090931 2.579474 -0.000000 0.000000 -0.000000 -0.197846 0.881792 2.608058 -175.463544 -4.074341 0.348427 0.058581 -0.082280 -0.017664 -14.029903 15.522143 9.546561 0.043451 -0.386469 0.008037 33.517237 0.197569 -10.341183 -0.014790 -0.426874 -0.037428 -7.696506 21.329777 -6.317576 0.041055 -0.060286 0.122042 -11.935717 4.588019 10.911570 -0.060310 -0.090513 -0.013542 -10.996187 -4.164436 -19.108395 -0.043257 -0.383688 -0.004843 29.540992 15.282909 5.587733 0.019056 -0.420045 -0.034562 -2.380520 -15.671784 19.053134 -0.034840 -0.062105 0.130323 -4.643100 12.896032 -25.964641 0.004439 0.124404 -0.038385 5.085192 -4.214453 5.396882 0.004488 0.137957 0.026820 -4.970105 -4.262538 -0.926286 -0.002265 0.056032 0.002855 9.885159 -6.393273 -1.503785 -0.013390 0.211636 -0.033467 3.606561 -10.211604 7.923379 0.010113 0.088937 0.050409 7.574057 -1.736753 7.373011 0.071702 0.114000 -0.018897 -10.395459 -5.063886 10.921245 0.122922 0.045205 -0.019046 -21.975066 -18.725392 -11.321944 0.255332 -0.015649 -0.022947 2.002410 -70.599936 31.535417 0.265710 0.012698 -0.007375 -8.060149 -7.602013 5.368758 0.086690 -0.010636 -0.015594 -0.800088 -0.477571 -6.875001 -0.082954 0.112473 -0.023707 -10.477141 6.810908 -21.205502 -0.113228 0.046853 -0.008471 -14.532650 10.375697 -11.433005 -0.260127 -0.014369 -0.031270 -16.526230 57.736416 -8.289739 -0.269108 0.006794 -0.006027 1.772650 6.703601 -3.745465 -0.088754 -0.008652 -0.010107 -2.620419 2.985639 5.320274 
-0.195672 -0.090931 2.579474 -0.000000 0.000000 -0.000000 -0.197846 0.881792 2.608058 -175.463544 -4.074341 0.348427 0.058581 -0.082280 -0.017664 -12.811633 16.581698 9.454807 0.043452 -0.386469 0.008037 33.698275 0.853648 -10.206242 -0.014790 -0.426874 -0.037428 -9.816167 21.616451 -5.195477 0.041054 -0.060286 0.122043 -12.428153 4.892398 10.282447 -0.060310 -0.090513 -0.013542 -12.380860 -3.169056 -21.094672 -0.043257 -0.383688 -0.004843 28.543357 15.828924 4.920632 0.019055 -0.420046 -0.034562 -0.238280 -15.183581 20.354566 -0.034840 -0.062106 0.130323 -4.489792 12.753345 -27.333097 0.004439 0.124403 -0.038385 5.323110 -5.771517 6.003721 0.004488 0.137956 0.026821 -4.813687 -5.591335 -0.786079 -0.002265 0.056032 0.002855 10.484625 -9.097388 -2.038071 -0.013390 0.211635 -0.033467 2.999151 -12.743038 10.650312 0.010113 0.088937 0.050410 7.249372 -1.575932 9.849555 0.071702 0.114000 -0.018898 -9.736803 -5.240759 9.343677 0.122921 0.045205 -0.019047 -21.862042 -18.984325 -17.016749 0.255331 -0.015649 -0.022946 12.020160 -72.927501 41.242745 0.265710 0.012698 -0.007375 -9.202582 -7.781738 5.035158 0.086691 -0.010636 -0.015594 -0.341250 -0.541571 -7.018164 -0.082954 0.112472 -0.023707 -10.221123 5.639233 -21.443358 -0.113228 0.046854 -0.008472 -14.196254 7.099150 -12.783745 -0.260128 -0.014369 -0.031268 -18.465261 54.076653 -5.728963 -0.269108 0.006794 -0.006027 2.661819 6.425605 -3.514477 -0.088754 -0.008651 -0.010107 -2.929792 3.121471 5.254815 
-0.195672 -0.090931 2.579474 -0.000000 0.000000 -0.000000 -0.197846 0.881792 2.608058 -175.463544 -4.074341 0.348427 0.058581 -0.082280 -0.017664 -11.943124 16.968155 9.966044 0.043451 -0.386470 0.008036 33.706628 1.288524 -9.956624 -0.014791 -0.426874 -0.037428 -11.463836 21.533251 -4.437973 0.041055 -0.060286 0.122043 -12.887026 5.104442 9.996639 -0.060310 -0.090513 -0.013542 -13.979607 -2.307763 -23.033688 -0.043257 -0.383688 -0.004843 27.741913 16.075139 4.209907 0.019056 -0.420045 -0.034561 1.424885 -14.902141 21.385356 -0.034840 -0.062105 0.130323 -4.458383 12.519808 -28.432372 0.004439 0.124404 -0.038385 5.649602 -6.928761 6.540975 0.004489 0.137956 0.026820 -4.576768 -6.574872 -0.599528 -0.002265 0.056033 0.002855 11.077290 -10.935710 -2.263582 -0.013390 0.211635 -0.033468 2.524734 -14.447681 12.458472 0.010113 0.088937 0.050410 6.874368 -1.349710 11.598600 0.071702 0.114000 -0.018898 -9.246737 -5.446053 7.997779 0.122922 0.045205 -0.019046 -21.858931 -19.306962 -21.624690 0.255331 -0.015649 -0.022947 22.101683 -74.355755 51.018125 0.265710 0.012698 -0.007375 -10.106674 -7.922117 4.718786 0.086691 -0.010636 -0.015594 -0.000704 -0.584480 -7.125925 -0.082954 0.112472 -0.023708 -9.921609 4.541420 -21.658293 -0.113228 0.046853 -0.008472 -13.919194 4.380311 -13.575313 -0.260128 -0.014369 -0.031269 -19.612422 51.267140 -3.925245 -0.269109 0.006794 -0.006027 3.348013 6.202680 -3.242685 -0.088754 -0.008652 -0.010108 -3.228805 3.208838 5.209190 
-0.195672 -0.090931 2.579474 -0.000000 0.000000 -0.000000 -0.197846 0.881792 2.608058 -175.463544 -4.074341 0.348427 0.058581 -0.082280 -0.017664 -11.486529 16.854509 10.767241 0.043451 -0.386469 0.008037 33.580506 1.576675 -9.608013 -0.014790 -0.426874 -0.037428 -12.666621 21.285168 -3.989507 0.041055 -0.060286 0.122042 -13.278737 5.229786 9.983660 -0.060310 -0.090513 -0.013542 -15.498218 -1.708104 -24.783309 -0.043257 -0.383688 -0.004843 27.075681 16.118703 3.640840 0.019056 -0.420046 -0.034562 2.628334 -14.780755 22.144252 -0.034840 -0.062106 0.130323 -4.505509 12.254958 -29.238541 0.004439 0.124404 -0.038385 5.967633 -7.731679 6.978566 0.004488 0.137956 0.026820 -4.324982 -7.250907 -0.433249 -0.002265 0.056033 0.002855 11.559271 -12.030366 -2.351970 -0.013391 0.211636 -0.033468 2.202762 -15.308201 13.424824 0.010113 0.088938 0.050409 6.511661 -0.957469 12.627958 0.071702 0.114000 -0.018899 -8.997560 -5.667187 6.955369 0.122921 0.045205 -0.019046 -22.063772 -19.701269 -24.988696 0.255332 -0.015649 -0.022947 30.806701 -75.100116 59.464556 0.265710 0.012698 -0.007375 -10.784437 -8.038703 4.418586 0.086691 -0.010636 -0.015594 0.243725 -0.597191 -7.188339 -0.082954 0.112473 -0.023708 -9.606020 3.543696 -21.996284 -0.113228 0.046853 -0.008472 -13.724855 2.357353 -14.136871 -0.260128 -0.014369 -0.031269 -20.205552 49.320526 -2.688852 -0.269109 0.006794 -0.006027 3.838728 6.049470 -2.936368 -0.088754 -0.008652 -0.010107 -3.486413 3.242939 5.159489 
-0.195672 -0.090931 2.579474 -0.000000 0.000000 -0.000000 -0.197846 0.881792 2.608058 -175.463544 -4.074341 0.348427 0.058581 -0.082280 -0.017664 -11.393154 16.351997 11.635342 0.043452 -0.386469 0.008037 33.382505 1.764822 -9.179868 -0.014790 -0.426875 -0.037429 -13.481519 20.985879 -3.791065 0.041054 -0.060286 0.122043 -13.580772 5.278040 10.176701 -0.060310 -0.090513 -0.013542 -16.763945 -1.360003 -26.266415 -0.043257 -0.383688 -0.004843 26.500113 16.068744 3.283882 0.019056 -0.420046 -0.034561 3.475240 -14.737996 22.690720 -0.034840 -0.062105 0.130324 -4.594635 12.001748 -29.787558 0.004439 0.124403 -0.038385 6.219589 -8.280206 7.334597 0.004489 0.137956 0.026821 -4.079139 -7.712877 -0.294046 -0.002265 0.056033 0.002856 11.941728 -12.663328 -2.403007 -0.013390 0.211636 -0.033468 2.000124 -15.431651 13.757834 0.010113 0.088938 0.050409 6.194556 -0.405171 13.083080 0.071703 0.114000 -0.018899 -8.958421 -5.937188 6.265996 0.122921 0.045205 -0.019046 -22.469808 -20.163724 -27.222137 0.255332 -0.015649 -0.022946 37.215447 -75.439624 65.640331 0.265709 0.012698 -0.007375 -11.251392 -8.140928 4.138226 0.086691 -0.010636 -0.015594 0.414588 -0.580578 -7.205404 -0.082953 0.112473 -0.023708 -9.318714 2.672189 -22.521606 -0.113228 0.046853 -0.008472 -13.629362 0.938817 -14.610335 -0.260127 -0.014369 -0.031269 -20.431787 48.130120 -1.871564 -0.269108 0.006794 -0.006028 4.143334 5.956279 -2.597875 -0.088754 -0.008652 -0.010108 -3.689928 3.229616 5.092414 
-0.195672 -0.090931 2.579474 -0.000000 0.000000 -0.000000 -0.197846 0.881792 2.608058 -175.463544 -4.074341 0.348427 0.058581 -0.082280 -0.017664 -11.545549 15.578675 12.496751 0.043451 -0.386470 0.008036 33.197742 1.855952 -8.708218 -0.014790 -0.426874 -0.037428 -13.975914 20.673979 -3.779896 0.041054 -0.060286 0.122043 -13.793344 5.265291 10.510526 -0.060310 -0.090513 -0.013542 -17.717478 -1.204070 -27.450611 -0.043257 -0.383688 -0.004843 26.051318 15.975039 3.129159 0.019056 -0.420046 -0.034562 4.019984 -14.729272 23.057554 -0.034840 -0.062105 0.130323 -4.703381 11.788045 -30.123293 0.004439 0.124403 -0.038385 6.393272 -8.654703 7.622588 0.004489 0.137956 0.026820 -3.828695 -8.036399 -0.164029 -0.002265 0.056033 0.002855 12.246179 -13.052433 -2.456125 -0.013390 0.211636 -0.033468 1.900478 -14.940453 13.640036 0.010114 0.088938 0.050410 5.953291 0.264026 13.136380 0.071703 0.114000 -0.018899 -9.055385 -6.318167 5.916441 0.122922 0.045205 -0.019046 -23.026316 -20.716420 -28.514986 0.255332 -0.015649 -0.022947 41.359230 -75.628738 69.557936 0.265709 0.012698 -0.007375 -11.518058 -8.239103 3.887630 0.086691 -0.010636 -0.015595 0.533712 -0.538573 -7.181344 -0.082954 0.112473 -0.023708 -9.103907 1.968857 -23.217652 -0.113228 0.046853 -0.008472 -13.646644 -0.035522 -15.022419 -0.260127 -0.014369 -0.031269 -20.394687 47.575946 -1.385599 -0.269108 0.006794 -0.006026 4.289365 5.910641 -2.229880 -0.088753 -0.008652 -0.010107 -3.835246 3.181476 5.004510 
-0.195672 -0.090931 2.579474 -0.000000 0.000000 -0.000000 -0.197846 0.881792 2.608058 -175.463544 -4.074341 0.348427 0.058581 -0.082280 -0.017664 -11.915335 14.667498 13.289715 0.043452 -0.386470 0.008037 33.143824 1.866958 -8.291314 -0.014790 -0.426874 -0.037428 -14.074477 20.384723 -3.953323 0.041054 -0.060286 0.122043 -13.887384 5.231918 10.893671 -0.060310 -0.090513 -0.013542 -18.263127 -1.245285 -28.204628 -0.043257 -0.383688 -0.004843 25.853461 15.847627 3.206325 0.019056 -0.420045 -0.034561 4.175333 -14.752580 23.235491 -0.034840 -0.062105 0.130324 -4.798535 11.626152 -30.262560 0.004439 0.124403 -0.038385 6.475999 -8.857833 7.810240 0.004488 0.137956 0.026820 -3.603218 -8.224727 -0.056375 -0.002265 0.056032 0.002855 12.443765 -13.229954 -2.552067 -0.013390 0.211635 -0.033468 1.908026 -14.029856 13.160436 0.010113 0.088937 0.050410 5.835225 0.962123 12.859399 0.071703 0.114000 -0.018898 -9.243648 -6.808544 5.863667 0.122922 0.045205 -0.019046 -23.582541 -21.335674 -28.874307 0.255331 -0.015649 -0.022947 43.457137 -75.790129 71.441047 0.265709 0.012698 -0.007375 -11.587683 -8.319705 3.694410 0.086691 -0.010636 -0.015595 0.601792 -0.480219 -7.125980 -0.082953 0.112472 -0.023707 -9.017656 1.549250 -23.999867 -0.113228 0.046854 -0.008473 -13.776656 -0.551838 -15.313161 -0.260128 -0.014370 -0.031270 -20.160019 47.737766 -1.274769 -0.269108 0.006794 -0.006027 4.290170 5.902561 -1.876246 -0.088754 -0.008651 -0.010106 -3.914699 3.114641 4.918043 
